variant,orderDate,orderTime,audience,pet_age_range,pet_size,current_brand
Culinary Harvest Turkey Herring Kibble,2026-09-24,00:20:45,smas,1-6 Years,Medium (31lbs to 69lbs),Blue Buffalo
Culinary Harvest Turkey Herring Kibble,2026-10-10,00:11:28,meta,1-6 Years,Small (up to 30lbs),Nutri Source
Culinary Harvest Turkey Herring Kibble,2026-09-22,05:18:00,meta,1-6 Years,Medium (31lbs to 69lbs),Other
Culinary Harvest Turkey Herring Kibble,2026-10-05,19:17:08,meta,1-6 Years,Medium (31lbs to 69lbs),Blue Buffalo
Culinary Harvest Turkey Herring Kibble,2026-10-07,20:35:10,smas,1-6 Years,Large (70lbs and over),Other
Culinary Harvest Turkey Herring Kibble,2026-09-23,23:15:21,smas,1-6 Years,Small (up to 30lbs),Other
Culinary Harvest Turkey Herring Kibble,2026-10-09,00:53:15,meta,1-6 Years,Small (up to 30lbs),Purina
Culinary Harvest Turkey Herring Kibble,2026-10-09,00:33:55,smas,1-6 Years,Medium (31lbs to 69lbs),Blue Buffalo
Culinary Harvest Turkey Herring Kibble,2026-10-06,09:52:51,meta,1-6 Years,Medium (31lbs to 69lbs),Blue Buffalo
Culinary Harvest Turkey Herring Kibble,2026-09-13,19:14:29,meta,7+ Years,Large (70lbs and over),Other
Culinary Harvest Turkey Herring Kibble,2026-10-10,07:51:34,meta,1-6 Years,Small (up to 30lbs),Other
Culinary Harvest Turkey Herring Kibble,2026-10-09,04:22:15,smas,1-6 Years,Small (up to 30lbs),Blue Buffalo
Culinary Harvest Turkey Herring Kibble,2026-09-13,22:51:05,meta,1-6 Years,Small (up to 30lbs),Purina
Culinary Harvest Turkey Herring Kibble,2026-10-08,21:06:59,smas,1-6 Years,Medium (31lbs to 69lbs),Blue Buffalo
Culinary Harvest Turkey Herring Kibble,2026-09-26,12:06:41,smas,1-6 Years,Small (up to 30lbs),Blue Buffalo
Culinary Harvest Turkey Herring Kibble,2026-09-23,10:20:09,meta,7+ Years,Medium (31lbs to 69lbs),Other
Culinary Harvest Turkey Herring Kibble,2026-09-15,03:08:05,meta,1-6 Years,Small (up to 30lbs),Hill's Science Diet
Culinary Harvest Turkey Herring Kibble,2026-10-07,22:15:13,smas,1-6 Years,Medium (31lbs to 69lbs),Wellness Pet Food
Culinary Harvest Turkey Herring Kibble,2026-10-09,05:58:55,smas,1-6 Years,Large (70lbs and over),Taste of the Wild
Culinary Harvest Turkey Herring Kibble,2026-10-09,17:15:02,smas,7+ Years,Large (70lbs and over),Other
Culinary Harvest Turkey Herring Kibble,2026-09-16,18:54:57,meta,1-6 Years,Medium (31lbs to 69lbs),Other
Culinary Harvest Turkey Herring Kibble,2026-09-18,15:14:13,audience_1,1-6 Years,Large (70lbs and over),Nutri Source
Culinary Harvest Turkey Herring Kibble,2026-10-09,01:08:43,smas,1-6 Years,Medium (31lbs to 69lbs),Other
Culinary Harvest Turkey Herring Kibble,2026-10-05,17:01:25,meta,Under One Year,Small (up to 30lbs),Taste of the Wild
Culinary Harvest Turkey Herring Kibble,2026-10-07,20:54:07,smas,1-6 Years,Medium (31lbs to 69lbs),Other
Culinary Harvest Turkey Herring Kibble,2026-10-10,00:30:58,meta,7+ Years,Large (70lbs and over),Other
Culinary Harvest Turkey Herring Kibble,2026-09-03,22:37:00,meta,7+ Years,Medium (31lbs to 69lbs),Purina
Culinary Harvest Turkey Herring Kibble,2026-09-04,17:20:49,meta,1-6 Years,Small (up to 30lbs),Other
Culinary Harvest Turkey Herring Kibble,2026-09-24,01:15:34,smas,1-6 Years,Medium (31lbs to 69lbs),Blue Buffalo
Culinary Harvest Turkey Herring Kibble,2026-09-17,22:06:40,meta,1-6 Years,Small (up to 30lbs),Merrick
Culinary Harvest Turkey Herring Kibble,2026-09-04,17:26:26,meta,1-6 Years,Small (up to 30lbs),Hill's Science Diet
Culinary Harvest Turkey Herring Kibble,2026-09-04,15:16:12,meta,7+ Years,Large (70lbs and over),Purina
Culinary Harvest Turkey Herring Kibble,2026-10-07,19:48:47,smas,1-6 Years,Medium (31lbs to 69lbs),Purina
Culinary Harvest Turkey Herring Kibble,2026-09-23,00:51:06,meta,1-6 Years,Medium (31lbs to 69lbs),Purina
Culinary Harvest Turkey Herring Kibble,2026-10-06,19:36:54,meta,7+ Years,Medium (31lbs to 69lbs),Taste of the Wild
Culinary Harvest Turkey Herring Kibble,2026-09-09,23:32:24,meta,1-6 Years,Large (70lbs and over),Blue Buffalo
Culinary Harvest Turkey Herring Kibble,2026-10-07,02:46:20,smas,7+ Years,Large (70lbs and over),Blue Buffalo
Culinary Harvest Turkey Herring Kibble,2026-09-17,18:51:31,meta,1-6 Years,Medium (31lbs to 69lbs),Blue Buffalo
Culinary Harvest Turkey Herring Kibble,2026-10-07,21:58:32,smas,7+ Years,Small (up to 30lbs),Merrick
Culinary Harvest Turkey Herring Kibble,2026-10-07,23:49:39,smas,1-6 Years,Small (up to 30lbs),Other
Culinary Harvest Turkey Herring Kibble,2026-09-21,16:17:16,meta,7+ Years,Small (up to 30lbs),Blue Buffalo
Culinary Harvest Turkey Herring Kibble,2026-10-09,03:30:41,meta,7+ Years,Large (70lbs and over),Hill's Science Diet
Culinary Harvest Turkey Herring Kibble,2026-09-25,02:38:27,meta,7+ Years,Small (up to 30lbs),Other
Culinary Harvest Turkey Herring Kibble,2026-10-10,08:17:08,meta,1-6 Years,Small (up to 30lbs),Other
Culinary Harvest Turkey Herring Kibble,2026-10-10,05:10:29,meta,7+ Years,Small (up to 30lbs),Hill's Science Diet
Culinary Harvest Turkey Herring Kibble,2026-10-10,16:41:30,smas,1-6 Years,Small (up to 30lbs),Other
Culinary Harvest Turkey Herring Kibble,2026-10-07,19:50:59,smas,1-6 Years,Medium (31lbs to 69lbs),Fromm
Culinary Harvest Turkey Herring Kibble,2026-09-16,02:52:12,meta,1-6 Years,Large (70lbs and over),Blue Buffalo
Culinary Harvest Turkey Herring Kibble,2026-09-02,14:06:53,meta,Under One Year,Small (up to 30lbs),Purina
Culinary Harvest Turkey Herring Kibble,2026-09-23,21:18:55,smas,7+ Years,Small (up to 30lbs),Blue Buffalo
Culinary Harvest Turkey Herring Kibble,2026-09-23,22:22:12,smas,7+ Years,Small (up to 30lbs),Purina
Culinary Harvest Turkey Herring Kibble,2026-09-15,12:57:52,audience_1,1-6 Years,Small (up to 30lbs),Taste of the Wild
Culinary Harvest Turkey Herring Kibble,2026-09-07,17:34:01,smas,7+ Years,Large (70lbs and over),Blue Buffalo
Culinary Harvest Turkey Herring Kibble,2026-09-13,21:46:04,meta,1-6 Years,Small (up to 30lbs),Nutri Source
Culinary Harvest Turkey Herring Kibble,2026-09-13,14:11:16,meta,1-6 Years,Small (up to 30lbs),Purina
Culinary Harvest Turkey Herring Kibble,2026-09-07,20:55:48,smas,7+ Years,Small (up to 30lbs),Other
Culinary Harvest Turkey Herring Kibble,2026-10-09,23:27:58,meta,1-6 Years,Medium (31lbs to 69lbs),Other
Culinary Harvest Turkey Herring Kibble,2026-09-13,18:32:11,meta,7+ Years,Small (up to 30lbs),Blue Buffalo
Culinary Harvest Turkey Herring Kibble,2026-10-05,22:24:16,meta,1-6 Years,Small (up to 30lbs),Other
Culinary Harvest Turkey Herring Kibble,2026-09-07,17:17:21,smas,1-6 Years,Small (up to 30lbs),Other
Culinary Harvest Turkey Herring Kibble,2026-10-08,21:06:47,smas,1-6 Years,Large (70lbs and over),Other
Culinary Harvest Turkey Herring Kibble,2026-09-10,00:14:55,meta,7+ Years,Medium (31lbs to 69lbs),Purina
Culinary Harvest Turkey Herring Kibble,2026-10-06,12:27:54,meta,1-6 Years,Small (up to 30lbs),Blue Buffalo
Culinary Harvest Turkey Herring Kibble,2026-10-05,22:14:15,meta,7+ Years,Medium (31lbs to 69lbs),Wellness Pet Food
Culinary Harvest Turkey Herring Kibble,2026-09-15,10:45:52,meta,1-6 Years,Large (70lbs and over),Blue Buffalo
Culinary Harvest Turkey Herring Kibble,2026-10-06,21:16:29,smas,1-6 Years,Small (up to 30lbs),Orijen
Culinary Harvest Turkey Herring Kibble,2026-09-14,00:07:14,meta,Under One Year,Medium (31lbs to 69lbs),Hill's Science Diet
Culinary Harvest Turkey Herring Kibble,2026-10-08,21:15:55,smas,1-6 Years,Large (70lbs and over),Other
Culinary Harvest Turkey Herring Kibble,2026-10-05,16:45:20,meta,7+ Years,Small (up to 30lbs),Nutri Source
Culinary Harvest Turkey Herring Kibble,2026-09-09,21:56:39,smas,Under One Year,Large (70lbs and over),Purina
Culinary Harvest Turkey Herring Kibble,2026-09-25,12:06:32,meta,1-6 Years,Small (up to 30lbs),Hill's Science Diet
Culinary Harvest Turkey Herring Kibble,2026-09-25,20:59:39,meta,Under One Year,Small (up to 30lbs),Nutri Source
Culinary Harvest Turkey Herring Kibble,2026-09-04,16:15:30,meta,7+ Years,Large (70lbs and over),Blue Buffalo
Culinary Harvest Turkey Herring Kibble,2026-09-02,09:42:21,meta,1-6 Years,Medium (31lbs to 69lbs),Other
Culinary Harvest Turkey Herring Kibble,2026-09-14,22:24:38,meta,1-6 Years,Small (up to 30lbs),Other
Culinary Harvest Turkey Herring Kibble,2026-09-02,11:07:44,meta,7+ Years,Medium (31lbs to 69lbs),Purina
Culinary Harvest Turkey Herring Kibble,2026-10-08,22:32:47,smas,7+ Years,Large (70lbs and over),Purina
Culinary Harvest Turkey Herring Kibble,2026-10-09,03:01:13,meta,7+ Years,Small (up to 30lbs),Other
Culinary Harvest Turkey Herring Kibble,2026-09-08,18:56:21,meta,1-6 Years,Small (up to 30lbs),Purina
Culinary Harvest Turkey Herring Kibble,2026-10-06,06:59:09,meta,1-6 Years,Medium (31lbs to 69lbs),Other
Culinary Harvest Turkey Herring Kibble,2026-09-24,01:49:56,smas,7+ Years,Medium (31lbs to 69lbs),Hill's Science Diet
Culinary Harvest Turkey Herring Kibble,2026-10-08,20:48:59,smas,7+ Years,Small (up to 30lbs),Hill's Science Diet
Culinary Harvest Turkey Herring Kibble,2026-10-07,19:58:51,smas,7+ Years,Small (up to 30lbs),Blue Buffalo
Culinary Harvest Turkey Herring Kibble,2026-10-06,18:17:44,smas,1-6 Years,Large (70lbs and over),Hill's Science Diet
Culinary Harvest Turkey Herring Kibble,2026-10-10,16:12:22,meta,1-6 Years,Medium (31lbs to 69lbs),Wellness Pet Food
Culinary Harvest Turkey Herring Kibble,2026-10-05,19:30:08,meta,1-6 Years,Medium (31lbs to 69lbs),Taste of the Wild
Culinary Harvest Turkey Herring Kibble,2026-10-06,18:02:40,smas,7+ Years,Small (up to 30lbs),Other
Culinary Harvest Turkey Herring Kibble,2026-10-09,14:31:11,meta,7+ Years,Small (up to 30lbs),Hill's Science Diet
Culinary Harvest Turkey Herring Kibble,2026-10-09,04:52:19,meta,1-6 Years,Medium (31lbs to 69lbs),Blue Buffalo
Culinary Harvest Turkey Herring Kibble,2026-10-09,21:15:16,meta,1-6 Years,Large (70lbs and over),Other
Culinary Harvest Turkey Herring Kibble,2026-09-10,21:33:18,meta,1-6 Years,Large (70lbs and over),Other
Culinary Harvest Turkey Herring Kibble,2026-10-07,02:11:27,meta,1-6 Years,Medium (31lbs to 69lbs),Other
Culinary Harvest Turkey Herring Kibble,2026-09-22,16:34:14,meta,7+ Years,Small (up to 30lbs),Purina
Culinary Harvest Turkey Herring Kibble,2026-09-24,00:56:34,smas,1-6 Years,Large (70lbs and over),Other
Culinary Harvest Turkey Herring Kibble,2026-10-07,05:38:29,meta,7+ Years,Small (up to 30lbs),Nutri Source
Culinary Harvest Turkey Herring Kibble,2026-09-23,21:29:32,smas,7+ Years,Small (up to 30lbs),Hill's Science Diet
Culinary Harvest Turkey Herring Kibble,2026-09-14,22:53:37,meta,7+ Years,Small (up to 30lbs),Purina
Culinary Harvest Turkey Herring Kibble,2026-10-06,18:18:09,audience_1,7+ Years,Large (70lbs and over),Purina
Culinary Harvest Turkey Herring Kibble,2026-10-06,15:09:41,meta,1-6 Years,Large (70lbs and over),Other
Culinary Harvest Turkey Herring Kibble,2026-09-27,02:38:25,smas,1-6 Years,Small (up to 30lbs),Other
Culinary Harvest Turkey Herring Kibble,2026-09-05,04:06:34,meta,1-6 Years,Large (70lbs and over),Other
Culinary Harvest Turkey Herring Kibble,2026-10-08,21:45:32,smas,7+ Years,Small (up to 30lbs),Hill's Science Diet
Culinary Harvest Turkey Herring Kibble,2026-10-08,10:41:19,meta,1-6 Years,Small (up to 30lbs),Orijen
Culinary Harvest Turkey Herring Kibble,2026-10-08,20:53:47,smas,1-6 Years,Small (up to 30lbs),Purina
Culinary Harvest Turkey Herring Kibble,2026-09-17,19:07:30,audience_1,7+ Years,Large (70lbs and over),Other
Culinary Harvest Turkey Herring Kibble,2026-10-08,22:10:24,smas,7+ Years,Small (up to 30lbs),Merrick
Culinary Harvest Turkey Herring Kibble,2026-09-15,17:27:16,audience_1,7+ Years,Small (up to 30lbs),Other
Culinary Harvest Turkey Herring Kibble,2026-09-15,19:05:34,meta,1-6 Years,Medium (31lbs to 69lbs),Purina
Culinary Harvest Turkey Herring Kibble,2026-09-07,17:08:56,smas,1-6 Years,Medium (31lbs to 69lbs),Other
Culinary Harvest Turkey Herring Kibble,2026-10-06,23:39:58,smas,1-6 Years,Medium (31lbs to 69lbs),Wellness Pet Food
Culinary Harvest Turkey Herring Kibble,2026-10-05,23:36:14,meta,7+ Years,Small (up to 30lbs),Orijen
Culinary Harvest Turkey Herring Kibble,2026-09-22,00:16:25,audience_1,1-6 Years,Medium (31lbs to 69lbs),Hill's Science Diet
Culinary Harvest Turkey Herring Kibble,2026-10-08,00:06:48,meta,7+ Years,Small (up to 30lbs),Purina
Culinary Harvest Turkey Herring Kibble,2026-10-07,21:50:56,smas,1-6 Years,Medium (31lbs to 69lbs),Purina
Culinary Harvest Turkey Herring Kibble,2026-10-07,20:51:39,smas,1-6 Years,Small (up to 30lbs),Purina
Culinary Harvest Turkey Herring Kibble,2026-10-08,01:23:05,smas,1-6 Years,Medium (31lbs to 69lbs),Other
Culinary Harvest Turkey Herring Kibble,2026-10-05,15:25:18,meta,7+ Years,Large (70lbs and over),Purina
Culinary Harvest Turkey Herring Kibble,2026-09-23,23:06:09,smas,7+ Years,Medium (31lbs to 69lbs),Purina
Culinary Harvest Turkey Herring Kibble,2026-09-23,22:50:48,smas,1-6 Years,Medium (31lbs to 69lbs),Purina
Culinary Harvest Turkey Herring Kibble,2026-10-05,18:22:10,meta,1-6 Years,Medium (31lbs to 69lbs),Purina
Culinary Harvest Turkey Herring Kibble,2026-09-24,22:12:44,meta,1-6 Years,Large (70lbs and over),Merrick
Culinary Harvest Turkey Herring Kibble,2026-09-23,21:14:56,smas,7+ Years,Medium (31lbs to 69lbs),Nutri Source
Culinary Harvest Turkey Herring Kibble,2026-09-26,21:25:17,smas,1-6 Years,Medium (31lbs to 69lbs),Taste of the Wild
Culinary Harvest Turkey Herring Kibble,2026-09-23,21:38:17,smas,7+ Years,Small (up to 30lbs),Blue Buffalo
Culinary Harvest Turkey Herring Kibble,2026-09-03,19:39:38,meta,1-6 Years,Medium (31lbs to 69lbs),Purina
Culinary Harvest Turkey Herring Kibble,2026-09-04,02:14:26,audience_1,1-6 Years,Small (up to 30lbs),Nulo
Culinary Harvest Turkey Herring Kibble,2026-09-21,15:46:57,meta,7+ Years,Small (up to 30lbs),Other
Culinary Harvest Turkey Herring Kibble,2026-09-02,19:51:07,meta,1-6 Years,Small (up to 30lbs),Other
Culinary Harvest Turkey Herring Kibble,2026-09-27,12:14:45,smas,1-6 Years,Large (70lbs and over),Purina
Culinary Harvest Turkey Herring Kibble,2026-10-10,13:22:50,meta,7+ Years,Small (up to 30lbs),Purina
Culinary Harvest Turkey Herring Kibble,2026-09-01,22:01:39,meta,7+ Years,Medium (31lbs to 69lbs),Other
Culinary Harvest Turkey Herring Kibble,2026-10-06,23:43:23,smas,1-6 Years,Medium (31lbs to 69lbs),Purina
Culinary Harvest Turkey Herring Kibble,2026-09-27,04:15:16,smas,1-6 Years,Medium (31lbs to 69lbs),Other
Culinary Harvest Turkey Herring Kibble,2026-09-05,07:31:56,meta,Under One Year,Large (70lbs and over),Other
Culinary Harvest Turkey Herring Kibble,2026-09-05,17:42:05,meta,1-6 Years,Small (up to 30lbs),Purina
Culinary Harvest Turkey Herring Kibble,2026-09-13,19:40:12,meta,7+ Years,Medium (31lbs to 69lbs),Other
Culinary Harvest Turkey Herring Kibble,2026-10-07,02:10:58,meta,7+ Years,Small (up to 30lbs),Other
Culinary Harvest Turkey Herring Kibble,2026-10-07,03:41:56,meta,1-6 Years,Small (up to 30lbs),Blue Buffalo
Culinary Harvest Turkey Herring Kibble,2026-09-03,17:36:13,meta,1-6 Years,Small (up to 30lbs),Hill's Science Diet
Culinary Harvest Turkey Herring Kibble,2026-10-07,19:49:03,smas,1-6 Years,Medium (31lbs to 69lbs),Other
Culinary Harvest Turkey Herring Kibble,2026-09-07,19:42:25,smas,1-6 Years,Small (up to 30lbs),Purina
Culinary Harvest Turkey Herring Kibble,2026-09-14,21:29:55,meta,7+ Years,Small (up to 30lbs),Other
Culinary Harvest Turkey Herring Kibble,2026-10-08,20:55:27,smas,1-6 Years,Medium (31lbs to 69lbs),Hill's Science Diet
Culinary Harvest Turkey Herring Kibble,2026-10-08,19:46:59,meta,1-6 Years,Medium (31lbs to 69lbs),Purina
Culinary Harvest Turkey Herring Kibble,2026-09-09,22:03:22,meta,1-6 Years,Medium (31lbs to 69lbs),Merrick
Culinary Harvest Turkey Herring Kibble,2026-09-19,22:04:36,audience_1,7+ Years,Small (up to 30lbs),Other
Culinary Harvest Turkey Herring Kibble,2026-10-07,00:21:59,meta,7+ Years,Small (up to 30lbs),Purina
Culinary Harvest Turkey Herring Kibble,2026-09-11,03:00:28,meta,Under One Year,Medium (31lbs to 69lbs),Blue Buffalo
Culinary Harvest Turkey Herring Kibble,2026-09-16,15:01:55,meta,1-6 Years,Medium (31lbs to 69lbs),Other
Culinary Harvest Turkey Herring Kibble,2026-10-06,22:06:10,meta,1-6 Years,Medium (31lbs to 69lbs),Nutri Source
Culinary Harvest Turkey Herring Kibble,2026-09-08,12:24:59,meta,1-6 Years,Small (up to 30lbs),Other
Culinary Harvest Turkey Herring Kibble,2026-10-07,04:37:09,meta,7+ Years,Small (up to 30lbs),Nutri Source
Culinary Harvest Turkey Herring Kibble,2026-10-08,05:20:51,smas,1-6 Years,Large (70lbs and over),Blue Buffalo
Culinary Harvest Turkey Herring Kibble,2026-10-06,18:41:04,smas,7+ Years,Small (up to 30lbs),Hill's Science Diet
Culinary Harvest Turkey Herring Kibble,2026-09-07,18:15:32,smas,7+ Years,Medium (31lbs to 69lbs),Purina
Culinary Harvest Turkey Herring Kibble,2026-09-05,22:09:07,meta,1-6 Years,Medium (31lbs to 69lbs),Hill's Science Diet
Culinary Harvest Turkey Herring Kibble,2026-10-07,21:03:29,smas,1-6 Years,Small (up to 30lbs),Blue Buffalo
Culinary Harvest Turkey Herring Kibble,2026-10-05,17:23:08,meta,7+ Years,Small (up to 30lbs),Blue Buffalo
Culinary Harvest Turkey Herring Kibble,2026-10-07,01:02:32,meta,1-6 Years,Medium (31lbs to 69lbs),Purina
Culinary Harvest Turkey Herring Kibble,2026-10-08,22:24:50,smas,7+ Years,Large (70lbs and over),Other
Culinary Harvest Turkey Herring Kibble,2026-10-06,19:58:34,meta,1-6 Years,Medium (31lbs to 69lbs),Taste of the Wild
Culinary Harvest Turkey Herring Kibble,2026-09-23,00:09:51,meta,7+ Years,Medium (31lbs to 69lbs),Blue Buffalo
Culinary Harvest Turkey Herring Kibble,2026-09-03,02:49:37,meta,1-6 Years,Large (70lbs and over),Purina
Culinary Harvest Turkey Herring Kibble,2026-10-05,21:42:44,meta,1-6 Years,Small (up to 30lbs),Other
Culinary Harvest Turkey Herring Kibble,2026-10-05,16:20:14,meta,1-6 Years,Medium (31lbs to 69lbs),Other
Culinary Harvest Turkey Herring Kibble,2026-09-23,21:05:43,smas,7+ Years,Small (up to 30lbs),Purina
Culinary Harvest Turkey Herring Kibble,2026-09-23,00:48:23,meta,1-6 Years,Small (up to 30lbs),Hill's Science Diet
Culinary Harvest Turkey Herring Kibble,2026-09-03,00:54:01,meta,7+ Years,Medium (31lbs to 69lbs),Other
Culinary Harvest Turkey Herring Kibble,2026-10-08,20:50:35,smas,7+ Years,Medium (31lbs to 69lbs),Other
Culinary Harvest Turkey Herring Kibble,2026-10-06,18:22:50,smas,1-6 Years,Medium (31lbs to 69lbs),Taste of the Wild
Culinary Harvest Turkey Herring Kibble,2026-09-24,16:43:30,meta,1-6 Years,Large (70lbs and over),Other
Culinary Harvest Turkey Herring Kibble,2026-10-07,04:47:52,meta,Under One Year,Large (70lbs and over),Orijen
Culinary Harvest Turkey Herring Kibble,2026-09-23,21:36:18,smas,7+ Years,Small (up to 30lbs),Other
Culinary Harvest Turkey Herring Kibble,2026-09-02,03:30:54,meta,1-6 Years,Medium (31lbs to 69lbs),Purina
Culinary Harvest Turkey Herring Kibble,2026-09-07,18:39:12,smas,1-6 Years,Medium (31lbs to 69lbs),Other
Culinary Harvest Turkey Herring Kibble,2026-10-06,18:00:50,meta,1-6 Years,Large (70lbs and over),Blue Buffalo
Culinary Harvest Turkey Herring Kibble,2026-09-23,21:13:31,smas,7+ Years,Small (up to 30lbs),Other
Culinary Harvest Turkey Herring Kibble,2026-09-07,10:36:38,meta,1-6 Years,Large (70lbs and over),Blue Buffalo
Culinary Harvest Turkey Herring Kibble,2026-09-11,16:43:52,meta,7+ Years,Small (up to 30lbs),Other
Culinary Harvest Turkey Herring Kibble,2026-09-04,15:36:54,meta,1-6 Years,Small (up to 30lbs),Hill's Science Diet
Culinary Harvest Turkey Herring Kibble,2026-09-23,21:08:49,smas,7+ Years,Large (70lbs and over),Purina
Culinary Harvest Turkey Herring Kibble,2026-09-06,14:25:37,meta,1-6 Years,Small (up to 30lbs),Other
Culinary Harvest Turkey Herring Kibble,2026-09-18,02:20:32,meta,1-6 Years,Large (70lbs and over),Wellness Pet Food
Culinary Harvest Turkey Herring Kibble,2026-10-08,20:42:05,meta,7+ Years,Small (up to 30lbs),Other
Culinary Harvest Turkey Herring Kibble,2026-09-03,10:12:58,meta,7+ Years,Medium (31lbs to 69lbs),Other
Culinary Harvest Turkey Herring Kibble,2026-09-16,17:02:46,meta,1-6 Years,Medium (31lbs to 69lbs),Other
Culinary Harvest Turkey Herring Kibble,2026-10-07,17:31:43,meta,1-6 Years,Small (up to 30lbs),Hill's Science Diet
Culinary Harvest Turkey Herring Kibble,2026-09-25,19:30:00,meta,7+ Years,Small (up to 30lbs),Hill's Science Diet
Culinary Harvest Turkey Herring Kibble,2026-10-10,02:19:41,meta,1-6 Years,Large (70lbs and over),Other
Culinary Harvest Turkey Herring Kibble,2026-09-23,21:05:50,smas,1-6 Years,Large (70lbs and over),Purina
Culinary Harvest Turkey Herring Kibble,2026-10-07,20:02:46,smas,1-6 Years,Medium (31lbs to 69lbs),Purina
Culinary Harvest Turkey Herring Kibble,2026-09-08,03:18:31,smas,1-6 Years,Large (70lbs and over),Other
Culinary Harvest Turkey Herring Kibble,2026-09-23,23:21:21,smas,7+ Years,Medium (31lbs to 69lbs),Purina
Culinary Harvest Turkey Herring Kibble,2026-09-07,18:59:30,smas,7+ Years,Medium (31lbs to 69lbs),Blue Buffalo
Culinary Harvest Turkey Herring Kibble,2026-10-07,20:42:46,smas,Under One Year,Small (up to 30lbs),Purina
Culinary Harvest Turkey Herring Kibble,2026-10-07,19:49:01,smas,7+ Years,Small (up to 30lbs),Blue Buffalo
Culinary Harvest Turkey Herring Kibble,2026-10-08,21:33:31,smas,1-6 Years,Small (up to 30lbs),Blue Buffalo
Culinary Harvest Turkey Herring Kibble,2026-09-18,18:46:45,meta,1-6 Years,Medium (31lbs to 69lbs),Blue Buffalo
Culinary Harvest Turkey Herring Kibble,2026-09-02,16:20:57,meta,1-6 Years,Small (up to 30lbs),Other
Culinary Harvest Turkey Herring Kibble,2026-09-07,19:32:45,smas,7+ Years,Small (up to 30lbs),Other
Culinary Harvest Turkey Herring Kibble,2026-10-08,23:10:14,smas,1-6 Years,Small (up to 30lbs),Stella & Chewy's
Culinary Harvest Turkey Herring Kibble,2026-09-05,17:30:20,meta,1-6 Years,Small (up to 30lbs),Blue Buffalo
Culinary Harvest Turkey Herring Kibble,2026-10-08,22:11:41,smas,7+ Years,Medium (31lbs to 69lbs),Blue Buffalo
Culinary Harvest Turkey Herring Kibble,2026-10-07,20:39:38,smas,1-6 Years,Small (up to 30lbs),Purina
Culinary Harvest Turkey Herring Kibble,2026-09-24,00:13:48,smas,7+ Years,Small (up to 30lbs),Purina
Culinary Harvest Turkey Herring Kibble,2026-09-14,17:52:04,audience_1,7+ Years,Medium (31lbs to 69lbs),Hill's Science Diet
Culinary Harvest Turkey Herring Kibble,2026-10-07,04:19:39,meta,7+ Years,Small (up to 30lbs),Other
Culinary Harvest Turkey Herring Kibble,2026-09-18,13:09:32,meta,7+ Years,Medium (31lbs to 69lbs),Purina
Culinary Harvest Turkey Herring Kibble,2026-09-03,23:02:21,meta,7+ Years,Medium (31lbs to 69lbs),Nulo
Culinary Harvest Turkey Herring Kibble,2026-09-22,21:54:39,meta,7+ Years,Large (70lbs and over),Other
Culinary Harvest Turkey Herring Kibble,2026-10-06,18:07:52,smas,1-6 Years,Large (70lbs and over),Other
Culinary Harvest Turkey Herring Kibble,2026-09-18,04:40:15,meta,1-6 Years,Medium (31lbs to 69lbs),Purina
Culinary Harvest Turkey Herring Kibble,2026-10-05,22:25:42,meta,1-6 Years,Medium (31lbs to 69lbs),Blue Buffalo
Culinary Harvest Turkey Herring Kibble,2026-10-06,17:54:56,smas,1-6 Years,Large (70lbs and over),Other
Culinary Harvest Turkey Herring Kibble,2026-09-04,23:59:50,meta,1-6 Years,Large (70lbs and over),Purina
Culinary Harvest Turkey Herring Kibble,2026-10-08,01:58:23,smas,1-6 Years,Small (up to 30lbs),Blue Buffalo
Culinary Harvest Turkey Herring Kibble,2026-09-01,14:18:24,meta,7+ Years,Large (70lbs and over),Blue Buffalo
Culinary Harvest Turkey Herring Kibble,2026-09-23,21:14:08,smas,7+ Years,Medium (31lbs to 69lbs),Other
Culinary Harvest Turkey Herring Kibble,2026-09-23,02:43:20,meta,1-6 Years,Small (up to 30lbs),Purina
Culinary Harvest Turkey Herring Kibble,2026-09-07,17:46:10,smas,1-6 Years,Medium (31lbs to 69lbs),Hill's Science Diet
Culinary Harvest Turkey Herring Kibble,2026-09-07,17:15:02,meta,7+ Years,Small (up to 30lbs),Other
Culinary Harvest Turkey Herring Kibble,2026-09-16,02:24:28,meta,7+ Years,Medium (31lbs to 69lbs),Other
Culinary Harvest Turkey Herring Kibble,2026-09-16,00:09:05,audience_1,7+ Years,Medium (31lbs to 69lbs),Wellness Pet Food
Culinary Harvest Turkey Herring Kibble,2026-10-09,16:09:32,smas,1-6 Years,Small (up to 30lbs),Blue Buffalo
Culinary Harvest Turkey Herring Kibble,2026-09-18,10:08:42,audience_1,1-6 Years,Small (up to 30lbs),Hill's Science Diet
Culinary Harvest Turkey Herring Kibble,2026-10-08,20:53:32,smas,1-6 Years,Large (70lbs and over),Purina
Culinary Harvest Turkey Herring Kibble,2026-09-15,20:51:27,audience_1,1-6 Years,Large (70lbs and over),Blue Buffalo
Culinary Harvest Turkey Herring Kibble,2026-09-24,10:45:47,meta,7+ Years,Large (70lbs and over),Purina
Culinary Harvest Turkey Herring Kibble,2026-09-16,03:51:24,meta,1-6 Years,Small (up to 30lbs),Purina
Culinary Harvest Turkey Herring Kibble,2026-09-07,17:04:57,smas,1-6 Years,Medium (31lbs to 69lbs),Other
Culinary Harvest Turkey Herring Kibble,2026-10-09,00:30:08,meta,1-6 Years,Small (up to 30lbs),Blue Buffalo
Culinary Harvest Turkey Herring Kibble,2026-10-06,00:10:16,meta,1-6 Years,Medium (31lbs to 69lbs),Hill's Science Diet
Culinary Harvest Turkey Herring Kibble,2026-09-04,04:04:21,meta,1-6 Years,Small (up to 30lbs),Purina
Culinary Harvest Turkey Herring Kibble,2026-09-04,02:13:07,meta,1-6 Years,Large (70lbs and over),Blue Buffalo
Culinary Harvest Turkey Herring Kibble,2026-10-05,22:00:55,meta,7+ Years,Small (up to 30lbs),Purina
Culinary Harvest Turkey Herring Kibble,2026-09-04,17:41:12,meta,1-6 Years,Small (up to 30lbs),Purina
Culinary Harvest Turkey Herring Kibble,2026-10-07,20:09:32,smas,7+ Years,Small (up to 30lbs),Blue Buffalo
Culinary Harvest Turkey Herring Kibble,2026-09-11,22:20:20,meta,1-6 Years,Large (70lbs and over),Fromm
Culinary Harvest Turkey Herring Kibble,2026-09-05,15:29:03,meta,1-6 Years,Large (70lbs and over),Purina
Culinary Harvest Turkey Herring Kibble,2026-10-06,16:00:01,meta,1-6 Years,Large (70lbs and over),Other
Culinary Harvest Turkey Herring Kibble,2026-09-25,14:31:24,meta,1-6 Years,Large (70lbs and over),Other
Culinary Harvest Turkey Herring Kibble,2026-09-16,04:39:05,meta,1-6 Years,Medium (31lbs to 69lbs),Purina
Culinary Harvest Turkey Herring Kibble,2026-10-05,19:21:08,meta,1-6 Years,Medium (31lbs to 69lbs),Purina
Culinary Harvest Turkey Herring Kibble,2026-09-03,06:01:49,meta,7+ Years,Small (up to 30lbs),Blue Buffalo
Culinary Harvest Turkey Herring Kibble,2026-09-24,06:07:51,smas,1-6 Years,Medium (31lbs to 69lbs),Other
Culinary Harvest Turkey Herring Kibble,2026-09-23,21:16:08,smas,1-6 Years,Large (70lbs and over),Hill's Science Diet
Culinary Harvest Turkey Herring Kibble,2026-10-06,18:19:53,audience_1,1-6 Years,Medium (31lbs to 69lbs),Blue Buffalo
Culinary Harvest Turkey Herring Kibble,2026-10-07,19:50:19,smas,7+ Years,Small (up to 30lbs),Other
Culinary Harvest Turkey Herring Kibble,2026-09-21,15:43:50,meta,7+ Years,Large (70lbs and over),Purina
Culinary Harvest Turkey Herring Kibble,2026-09-21,22:51:12,meta,7+ Years,Medium (31lbs to 69lbs),Other
Culinary Harvest Turkey Herring Kibble,2026-10-05,21:28:58,meta,7+ Years,Small (up to 30lbs),Other
Culinary Harvest Turkey Herring Kibble,2026-09-17,03:12:02,meta,1-6 Years,Large (70lbs and over),Purina
Culinary Harvest Turkey Herring Kibble,2026-09-09,00:13:24,smas,7+ Years,Small (up to 30lbs),Other
Culinary Harvest Turkey Herring Kibble,2026-10-10,00:18:27,meta,1-6 Years,Medium (31lbs to 69lbs),Open Farm
Culinary Harvest Turkey Herring Kibble,2026-09-07,19:47:47,meta,1-6 Years,Large (70lbs and over),Other
Culinary Harvest Turkey Herring Kibble,2026-10-10,09:43:34,meta,7+ Years,Small (up to 30lbs),Purina
Culinary Harvest Turkey Herring Kibble,2026-10-07,04:47:20,smas,7+ Years,Medium (31lbs to 69lbs),Blue Buffalo
Culinary Harvest Turkey Herring Kibble,2026-10-09,23:30:01,audience_1,1-6 Years,Small (up to 30lbs),Hill's Science Diet
Culinary Harvest Turkey Herring Kibble,2026-09-08,23:52:45,meta,7+ Years,Small (up to 30lbs),Other
Culinary Harvest Turkey Herring Kibble,2026-09-05,00:20:42,meta,7+ Years,Small (up to 30lbs),Purina
Culinary Harvest Turkey Herring Kibble,2026-09-11,07:19:45,smas,7+ Years,Small (up to 30lbs),Hill's Science Diet
Culinary Harvest Turkey Herring Kibble,2026-09-24,17:11:07,smas,1-6 Years,Small (up to 30lbs),Hill's Science Diet
Culinary Harvest Turkey Herring Kibble,2026-09-11,21:01:22,meta,1-6 Years,Large (70lbs and over),Blue Buffalo
Culinary Harvest Turkey Herring Kibble,2026-09-26,19:21:01,smas,1-6 Years,Medium (31lbs to 69lbs),Purina
Culinary Harvest Turkey Herring Kibble,2026-10-06,18:17:35,smas,1-6 Years,Small (up to 30lbs),Open Farm
Culinary Harvest Turkey Herring Kibble,2026-09-01,22:15:47,meta,1-6 Years,Medium (31lbs to 69lbs),Blue Buffalo
Culinary Harvest Turkey Herring Kibble,2026-09-01,20:51:27,meta,Under One Year,Medium (31lbs to 69lbs),Blue Buffalo
Culinary Harvest Turkey Herring Kibble,2026-10-06,19:10:44,smas,7+ Years,Large (70lbs and over),Taste of the Wild
Culinary Harvest Turkey Herring Kibble,2026-10-09,05:08:19,meta,1-6 Years,Small (up to 30lbs),Other
Culinary Harvest Turkey Herring Kibble,2026-10-05,19:20:09,meta,1-6 Years,Large (70lbs and over),Purina
Culinary Harvest Turkey Herring Kibble,2026-09-17,03:58:02,audience_1,1-6 Years,Medium (31lbs to 69lbs),Taste of the Wild
Culinary Harvest Turkey Herring Kibble,2026-09-16,17:37:21,meta,7+ Years,Small (up to 30lbs),Other
Culinary Harvest Turkey Herring Kibble,2026-10-05,19:59:09,meta,7+ Years,Large (70lbs and over),Merrick
Culinary Harvest Turkey Herring Kibble,2026-09-25,02:12:17,meta,7+ Years,Small (up to 30lbs),Hill's Science Diet
Culinary Harvest Turkey Herring Kibble,2026-10-08,01:41:14,meta,1-6 Years,Medium (31lbs to 69lbs),Hill's Science Diet
Culinary Harvest Turkey Herring Kibble,2026-09-14,03:49:43,meta,1-6 Years,Medium (31lbs to 69lbs),Hill's Science Diet
Culinary Harvest Turkey Herring Kibble,2026-10-09,22:23:15,meta,1-6 Years,Small (up to 30lbs),Purina
Culinary Harvest Turkey Herring Kibble,2026-09-06,12:42:10,meta,7+ Years,Medium (31lbs to 69lbs),Taste of the Wild
Culinary Harvest Turkey Herring Kibble,2026-09-12,18:31:01,meta,1-6 Years,Medium (31lbs to 69lbs),Purina
Culinary Harvest Turkey Herring Kibble,2026-10-07,20:00:42,smas,7+ Years,Medium (31lbs to 69lbs),Nutri Source
Culinary Harvest Turkey Herring Kibble,2026-10-05,19:57:50,meta,1-6 Years,Medium (31lbs to 69lbs),Purina
Culinary Harvest Turkey Herring Kibble,2026-09-07,17:31:10,smas,1-6 Years,Small (up to 30lbs),Hill's Science Diet
Culinary Harvest Turkey Herring Kibble,2026-09-14,22:46:51,audience_1,Under One Year,Medium (31lbs to 69lbs),Other
Culinary Harvest Turkey Herring Kibble,2026-09-17,15:43:59,meta,1-6 Years,Small (up to 30lbs),Stella & Chewy's
Culinary Harvest Turkey Herring Kibble,2026-09-11,18:44:34,meta,1-6 Years,Large (70lbs and over),Other
Culinary Harvest Turkey Herring Kibble,2026-09-18,11:45:34,meta,1-6 Years,Small (up to 30lbs),Other
Culinary Harvest Turkey Herring Kibble,2026-09-07,23:43:03,smas,1-6 Years,Small (up to 30lbs),Purina
Culinary Harvest Turkey Herring Kibble,2026-09-01,17:38:37,meta,1-6 Years,Medium (31lbs to 69lbs),Hill's Science Diet
Culinary Harvest Turkey Herring Kibble,2026-09-02,02:09:30,meta,1-6 Years,Large (70lbs and over),Hill's Science Diet
Culinary Harvest Turkey Herring Kibble,2026-09-15,21:52:44,audience_1,7+ Years,Large (70lbs and over),Other
Culinary Harvest Turkey Herring Kibble,2026-09-24,12:36:14,smas,7+ Years,Small (up to 30lbs),Other
Culinary Harvest Turkey Herring Kibble,2026-10-05,15:59:46,meta,1-6 Years,Small (up to 30lbs),Nulo
Culinary Harvest Turkey Herring Kibble,2026-10-09,17:12:25,smas,1-6 Years,Large (70lbs and over),Other
Culinary Harvest Turkey Herring Kibble,2026-09-14,21:55:47,meta,1-6 Years,Medium (31lbs to 69lbs),Blue Buffalo
Culinary Harvest Turkey Herring Kibble,2026-09-25,03:22:59,meta,1-6 Years,Small (up to 30lbs),Other
Culinary Harvest Turkey Herring Kibble,2026-09-01,22:23:41,meta,7+ Years,Small (up to 30lbs),Other
Culinary Harvest Turkey Herring Kibble,2026-09-05,19:26:25,meta,1-6 Years,Large (70lbs and over),Other
Culinary Harvest Turkey Herring Kibble,2026-09-17,14:50:06,meta,1-6 Years,Medium (31lbs to 69lbs),Hill's Science Diet
Culinary Harvest Turkey Herring Kibble,2026-10-08,23:45:29,smas,1-6 Years,Medium (31lbs to 69lbs),Taste of the Wild
Culinary Harvest Turkey Herring Kibble,2026-09-07,19:53:32,meta,7+ Years,Small (up to 30lbs),Hill's Science Diet
Culinary Harvest Turkey Herring Kibble,2026-09-24,17:08:38,meta,1-6 Years,Medium (31lbs to 69lbs),Purina
Culinary Harvest Turkey Herring Kibble,2026-09-16,19:11:37,meta,1-6 Years,Medium (31lbs to 69lbs),Other
Culinary Harvest Turkey Herring Kibble,2026-10-08,21:48:53,smas,Under One Year,Large (70lbs and over),Purina
Culinary Harvest Turkey Herring Kibble,2026-09-16,03:30:47,audience_1,1-6 Years,Medium (31lbs to 69lbs),Blue Buffalo
Culinary Harvest Turkey Herring Kibble,2026-10-07,16:23:42,meta,Under One Year,Small (up to 30lbs),Purina
Culinary Harvest Turkey Herring Kibble,2026-10-05,21:49:56,meta,7+ Years,Medium (31lbs to 69lbs),Other
Culinary Harvest Turkey Herring Kibble,2026-09-09,14:05:48,meta,1-6 Years,Small (up to 30lbs),Blue Buffalo
Culinary Harvest Turkey Herring Kibble,2026-10-06,19:24:58,smas,1-6 Years,Medium (31lbs to 69lbs),Hill's Science Diet
Culinary Harvest Turkey Herring Kibble,2026-10-06,17:54:08,smas,1-6 Years,Small (up to 30lbs),Purina
Culinary Harvest Turkey Herring Kibble,2026-09-01,21:25:34,meta,1-6 Years,Small (up to 30lbs),Other
Culinary Harvest Turkey Herring Kibble,2026-10-08,17:07:31,smas,1-6 Years,Large (70lbs and over),Other
Culinary Harvest Turkey Herring Kibble,2026-09-23,21:24:58,smas,1-6 Years,Small (up to 30lbs),Purina
Culinary Harvest Turkey Herring Kibble,2026-09-04,01:53:29,meta,7+ Years,Small (up to 30lbs),Other
Culinary Harvest Turkey Herring Kibble,2026-10-08,21:52:35,smas,7+ Years,Large (70lbs and over),Other
Culinary Harvest Turkey Herring Kibble,2026-10-06,18:06:50,smas,1-6 Years,Small (up to 30lbs),Blue Buffalo
Culinary Harvest Turkey Herring Kibble,2026-09-12,12:05:03,meta,Under One Year,Medium (31lbs to 69lbs),Other
Culinary Harvest Turkey Herring Kibble,2026-10-07,13:46:51,meta,1-6 Years,Small (up to 30lbs),Other
Culinary Harvest Turkey Herring Kibble,2026-09-10,11:59:41,smas,7+ Years,Small (up to 30lbs),Purina
Culinary Harvest Turkey Herring Kibble,2026-10-06,18:26:32,smas,1-6 Years,Small (up to 30lbs),Wellness Pet Food
Culinary Harvest Turkey Herring Kibble,2026-09-02,09:00:42,meta,7+ Years,Large (70lbs and over),Other
Culinary Harvest Turkey Herring Kibble,2026-09-07,03:53:31,meta,7+ Years,Large (70lbs and over),Merrick
Culinary Harvest Turkey Herring Kibble,2026-10-07,20:27:02,smas,1-6 Years,Large (70lbs and over),Blue Buffalo
Culinary Harvest Turkey Herring Kibble,2026-10-07,03:47:30,meta,7+ Years,Small (up to 30lbs),Other
Culinary Harvest Turkey Herring Kibble,2026-09-29,18:19:49,smas,1-6 Years,Small (up to 30lbs),Purina
Culinary Harvest Turkey Herring Kibble,2026-09-17,17:17:24,audience_1,1-6 Years,Medium (31lbs to 69lbs),Other
Culinary Harvest Turkey Herring Kibble,2026-09-09,13:16:06,meta,7+ Years,Small (up to 30lbs),Blue Buffalo
Culinary Harvest Turkey Herring Kibble,2026-10-07,20:10:06,smas,1-6 Years,Large (70lbs and over),Wellness Pet Food
Culinary Harvest Turkey Herring Kibble,2026-09-23,21:04:51,smas,1-6 Years,Large (70lbs and over),Other
Culinary Harvest Turkey Herring Kibble,2026-09-05,19:00:51,meta,7+ Years,Small (up to 30lbs),Purina
Culinary Harvest Turkey Herring Kibble,2026-09-22,02:42:24,meta,7+ Years,Large (70lbs and over),Purina
Culinary Harvest Turkey Herring Kibble,2026-09-09,18:09:34,meta,1-6 Years,Medium (31lbs to 69lbs),Other
Culinary Harvest Turkey Herring Kibble,2026-09-07,23:43:12,meta,1-6 Years,Medium (31lbs to 69lbs),Purina
Culinary Harvest Turkey Herring Kibble,2026-10-08,21:08:08,smas,Under One Year,Small (up to 30lbs),Other
Culinary Harvest Turkey Herring Kibble,2026-10-06,04:32:49,meta,1-6 Years,Small (up to 30lbs),Purina
Culinary Harvest Turkey Herring Kibble,2026-09-16,18:19:30,meta,7+ Years,Medium (31lbs to 69lbs),Purina
Culinary Harvest Turkey Herring Kibble,2026-10-05,14:35:12,meta,1-6 Years,Small (up to 30lbs),Nutri Source
Culinary Harvest Turkey Herring Kibble,2026-09-20,14:38:53,audience_1,1-6 Years,Medium (31lbs to 69lbs),Other
Culinary Harvest Turkey Herring Kibble,2026-10-06,21:33:54,smas,7+ Years,Small (up to 30lbs),Other
Culinary Harvest Turkey Herring Kibble,2026-10-06,00:19:23,meta,1-6 Years,Medium (31lbs to 69lbs),Purina
Culinary Harvest Turkey Herring Kibble,2026-10-09,01:09:12,meta,1-6 Years,Large (70lbs and over),Purina
Culinary Harvest Turkey Herring Kibble,2026-09-03,00:41:37,meta,7+ Years,Small (up to 30lbs),Purina
Culinary Harvest Turkey Herring Kibble,2026-09-25,17:51:22,smas,1-6 Years,Small (up to 30lbs),Other
Culinary Harvest Turkey Herring Kibble,2026-09-16,02:44:47,meta,1-6 Years,Small (up to 30lbs),Blue Buffalo
Culinary Harvest Turkey Herring Kibble,2026-10-07,21:39:01,smas,1-6 Years,Large (70lbs and over),Other
Culinary Harvest Turkey Herring Kibble,2026-10-06,08:00:33,meta,1-6 Years,Small (up to 30lbs),Other
Culinary Harvest Turkey Herring Kibble,2026-09-05,22:09:48,meta,1-6 Years,Small (up to 30lbs),Purina
Culinary Harvest Turkey Herring Kibble,2026-09-15,04:33:31,meta,7+ Years,Small (up to 30lbs),Purina
Culinary Harvest Turkey Herring Kibble,2026-09-21,19:53:55,meta,7+ Years,Large (70lbs and over),Purina
Culinary Harvest Turkey Herring Kibble,2026-10-08,16:37:22,meta,1-6 Years,Medium (31lbs to 69lbs),Blue Buffalo
Culinary Harvest Turkey Herring Kibble,2026-09-23,22:10:46,smas,1-6 Years,Large (70lbs and over),Purina
Culinary Harvest Turkey Herring Kibble,2026-09-27,02:33:29,smas,1-6 Years,Small (up to 30lbs),Other
Culinary Harvest Turkey Herring Kibble,2026-10-07,01:47:25,smas,1-6 Years,Medium (31lbs to 69lbs),Other
Culinary Harvest Turkey Herring Kibble,2026-09-12,18:45:47,meta,Under One Year,Small (up to 30lbs),Purina
Culinary Harvest Turkey Herring Kibble,2026-09-14,04:09:57,meta,1-6 Years,Medium (31lbs to 69lbs),Purina
Culinary Harvest Turkey Herring Kibble,2026-10-08,12:22:37,meta,7+ Years,Small (up to 30lbs),Other
Culinary Harvest Turkey Herring Kibble,2026-09-26,01:55:58,meta,7+ Years,Large (70lbs and over),Nutri Source
Culinary Harvest Turkey Herring Kibble,2026-09-08,00:23:09,smas,1-6 Years,Medium (31lbs to 69lbs),Blue Buffalo
Culinary Harvest Turkey Herring Kibble,2026-09-14,21:24:55,meta,1-6 Years,Medium (31lbs to 69lbs),Purina
Culinary Harvest Turkey Herring Kibble,2026-10-06,08:03:14,meta,1-6 Years,Medium (31lbs to 69lbs),Blue Buffalo
Culinary Harvest Turkey Herring Kibble,2026-09-26,21:28:35,smas,1-6 Years,Medium (31lbs to 69lbs),Blue Buffalo
Culinary Harvest Turkey Herring Kibble,2026-09-26,03:46:48,meta,7+ Years,Large (70lbs and over),Purina
Culinary Harvest Turkey Herring Kibble,2026-09-03,16:40:18,meta,7+ Years,Medium (31lbs to 69lbs),Other
Culinary Harvest Turkey Herring Kibble,2026-09-15,13:27:52,meta,1-6 Years,Large (70lbs and over),Hill's Science Diet
Culinary Harvest Turkey Herring Kibble,2026-09-07,17:10:32,smas,1-6 Years,Large (70lbs and over),Purina
Culinary Harvest Turkey Herring Kibble,2026-10-10,01:13:03,meta,1-6 Years,Medium (31lbs to 69lbs),Blue Buffalo
Culinary Harvest Turkey Herring Kibble,2026-10-06,23:54:22,meta,7+ Years,Large (70lbs and over),Nulo
Culinary Harvest Turkey Herring Kibble,2026-09-02,19:38:00,meta,1-6 Years,Small (up to 30lbs),Purina
Culinary Harvest Turkey Herring Kibble,2026-10-08,01:36:32,meta,7+ Years,Medium (31lbs to 69lbs),Hill's Science Diet
Culinary Harvest Turkey Herring Kibble,2026-09-10,23:37:07,meta,1-6 Years,Small (up to 30lbs),Hill's Science Diet
Culinary Harvest Turkey Herring Kibble,2026-10-06,21:10:52,smas,Under One Year,Medium (31lbs to 69lbs),Blue Buffalo
Culinary Harvest Turkey Herring Kibble,2026-09-07,17:13:18,smas,1-6 Years,Small (up to 30lbs),Other
Culinary Harvest Turkey Herring Kibble,2026-09-01,16:48:48,meta,1-6 Years,Medium (31lbs to 69lbs),Purina
Culinary Harvest Turkey Herring Kibble,2026-09-24,13:08:19,meta,7+ Years,Medium (31lbs to 69lbs),Other
Culinary Harvest Turkey Herring Kibble,2026-09-10,04:09:10,smas,7+ Years,Small (up to 30lbs),Other
Culinary Harvest Turkey Herring Kibble,2026-10-10,16:19:01,meta,1-6 Years,Small (up to 30lbs),Stella & Chewy's
Culinary Harvest Turkey Herring Kibble,2026-09-07,16:46:05,meta,Under One Year,Small (up to 30lbs),Purina
Culinary Harvest Turkey Herring Kibble,2026-09-07,21:39:43,smas,7+ Years,Medium (31lbs to 69lbs),Blue Buffalo
Culinary Harvest Turkey Herring Kibble,2026-10-08,22:02:07,smas,7+ Years,Medium (31lbs to 69lbs),Other
Culinary Harvest Turkey Herring Kibble,2026-09-23,23:30:38,smas,1-6 Years,Small (up to 30lbs),Other
Culinary Harvest Turkey Herring Kibble,2026-09-15,01:08:54,meta,1-6 Years,Small (up to 30lbs),Purina
Culinary Harvest Turkey Herring Kibble,2026-09-24,14:08:44,meta,7+ Years,Small (up to 30lbs),Other
Culinary Harvest Turkey Herring Kibble,2026-09-07,17:06:01,smas,1-6 Years,Small (up to 30lbs),Blue Buffalo
Culinary Harvest Turkey Herring Kibble,2026-10-08,06:22:35,audience_1,1-6 Years,Small (up to 30lbs),Other
Culinary Harvest Turkey Herring Kibble,2026-09-26,21:37:14,smas,7+ Years,Small (up to 30lbs),Blue Buffalo
Culinary Harvest Turkey Herring Kibble,2026-10-06,18:39:48,smas,1-6 Years,Small (up to 30lbs),Hill's Science Diet
Culinary Harvest Turkey Herring Kibble,2026-09-13,01:14:17,meta,1-6 Years,Medium (31lbs to 69lbs),Blue Buffalo
Culinary Harvest Turkey Herring Kibble,2026-09-04,00:44:40,meta,7+ Years,Small (up to 30lbs),Hill's Science Diet
Culinary Harvest Turkey Herring Kibble,2026-10-06,18:31:42,smas,Under One Year,Small (up to 30lbs),Purina
Culinary Harvest Turkey Herring Kibble,2026-09-01,19:36:10,meta,7+ Years,Small (up to 30lbs),Purina
Culinary Harvest Turkey Herring Kibble,2026-09-25,17:21:12,meta,1-6 Years,Small (up to 30lbs),Nutri Source
Culinary Harvest Turkey Herring Kibble,2026-09-05,03:08:06,meta,1-6 Years,Large (70lbs and over),Other
Culinary Harvest Turkey Herring Kibble,2026-10-05,20:45:45,meta,1-6 Years,Large (70lbs and over),Other
Culinary Harvest Turkey Herring Kibble,2026-10-06,01:56:41,meta,1-6 Years,Large (70lbs and over),Other
Culinary Harvest Turkey Herring Kibble,2026-10-06,19:14:43,smas,1-6 Years,Small (up to 30lbs),Other
Culinary Harvest Turkey Herring Kibble,2026-10-06,03:26:45,meta,1-6 Years,Medium (31lbs to 69lbs),Purina
Culinary Harvest Turkey Herring Kibble,2026-09-18,16:54:04,meta,7+ Years,Small (up to 30lbs),Blue Buffalo
Culinary Harvest Turkey Herring Kibble,2026-09-28,12:36:16,smas,7+ Years,Medium (31lbs to 69lbs),Other
Culinary Harvest Turkey Herring Kibble,2026-10-09,05:00:25,smas,1-6 Years,Small (up to 30lbs),Other
Culinary Harvest Turkey Herring Kibble,2026-09-23,22:03:08,smas,7+ Years,Large (70lbs and over),Other
Culinary Harvest Turkey Herring Kibble,2026-10-07,20:08:37,smas,1-6 Years,Small (up to 30lbs),Merrick
Culinary Harvest Turkey Herring Kibble,2026-10-08,21:07:50,smas,1-6 Years,Large (70lbs and over),Blue Buffalo
Culinary Harvest Turkey Herring Kibble,2026-09-10,12:45:38,meta,7+ Years,Small (up to 30lbs),Hill's Science Diet
Culinary Harvest Turkey Herring Kibble,2026-10-07,19:52:30,smas,1-6 Years,Medium (31lbs to 69lbs),Other
Culinary Harvest Turkey Herring Kibble,2026-10-05,23:24:40,meta,7+ Years,Small (up to 30lbs),Purina
Culinary Harvest Turkey Herring Kibble,2026-09-23,12:07:17,meta,1-6 Years,Small (up to 30lbs),Purina
Culinary Harvest Turkey Herring Kibble,2026-10-07,14:10:56,smas,1-6 Years,Medium (31lbs to 69lbs),Blue Buffalo
Culinary Harvest Turkey Herring Kibble,2026-10-05,23:54:54,meta,1-6 Years,Medium (31lbs to 69lbs),Purina
Culinary Harvest Turkey Herring Kibble,2026-10-06,21:15:19,meta,7+ Years,Medium (31lbs to 69lbs),Blue Buffalo
Culinary Harvest Turkey Herring Kibble,2026-09-05,17:40:10,meta,7+ Years,Small (up to 30lbs),Purina
Culinary Harvest Turkey Herring Kibble,2026-10-07,21:23:00,smas,7+ Years,Large (70lbs and over),Purina
Culinary Harvest Turkey Herring Kibble,2026-09-07,19:03:15,smas,7+ Years,Small (up to 30lbs),Purina
Culinary Harvest Turkey Herring Kibble,2026-10-05,20:47:30,meta,7+ Years,Medium (31lbs to 69lbs),Other
Culinary Harvest Turkey Herring Kibble,2026-09-05,19:18:16,meta,7+ Years,Medium (31lbs to 69lbs),Purina
Culinary Harvest Turkey Herring Kibble,2026-09-08,01:22:13,smas,7+ Years,Large (70lbs and over),Other
Culinary Harvest Turkey Herring Kibble,2026-09-22,06:50:14,meta,1-6 Years,Small (up to 30lbs),Hill's Science Diet
Culinary Harvest Turkey Herring Kibble,2026-10-07,19:51:59,smas,1-6 Years,Medium (31lbs to 69lbs),Stella & Chewy's
Culinary Harvest Turkey Herring Kibble,2026-10-08,01:14:50,smas,7+ Years,Small (up to 30lbs),Blue Buffalo
Culinary Harvest Turkey Herring Kibble,2026-10-07,19:27:24,meta,1-6 Years,Small (up to 30lbs),Purina
Culinary Harvest Turkey Herring Kibble,2026-10-07,01:18:57,smas,7+ Years,Small (up to 30lbs),Other
Culinary Harvest Turkey Herring Kibble,2026-10-06,05:42:30,meta,7+ Years,Medium (31lbs to 69lbs),Purina
Culinary Harvest Turkey Herring Kibble,2026-10-08,23:25:29,smas,1-6 Years,Large (70lbs and over),Purina
Culinary Harvest Turkey Herring Kibble,2026-09-07,17:38:50,meta,7+ Years,Medium (31lbs to 69lbs),Other
Culinary Harvest Turkey Herring Kibble,2026-09-27,00:22:01,smas,7+ Years,Small (up to 30lbs),Other
Culinary Harvest Turkey Herring Kibble,2026-10-08,16:15:51,meta,1-6 Years,Small (up to 30lbs),Other
Culinary Harvest Turkey Herring Kibble,2026-10-06,18:17:17,smas,7+ Years,Small (up to 30lbs),Other
Culinary Harvest Turkey Herring Kibble,2026-09-23,21:04:59,smas,7+ Years,Medium (31lbs to 69lbs),Purina
Culinary Harvest Turkey Herring Kibble,2026-09-26,21:52:40,smas,1-6 Years,Small (up to 30lbs),Nulo
Culinary Harvest Turkey Herring Kibble,2026-09-12,17:51:56,meta,7+ Years,Large (70lbs and over),Blue Buffalo
Culinary Harvest Turkey Herring Kibble,2026-10-08,01:09:40,meta,1-6 Years,Medium (31lbs to 69lbs),Open Farm
Culinary Harvest Turkey Herring Kibble,2026-09-15,13:22:30,meta,7+ Years,Large (70lbs and over),Other
Culinary Harvest Turkey Herring Kibble,2026-10-06,06:00:33,meta,7+ Years,Small (up to 30lbs),Other
Culinary Harvest Turkey Herring Kibble,2026-09-23,21:21:47,smas,1-6 Years,Small (up to 30lbs),Other
Culinary Harvest Turkey Herring Kibble,2026-09-23,22:15:19,smas,Under One Year,Small (up to 30lbs),Wellness Pet Food
Culinary Harvest Turkey Herring Kibble,2026-09-14,11:27:36,meta,1-6 Years,Small (up to 30lbs),Purina
Culinary Harvest Turkey Herring Kibble,2026-09-09,23:31:29,smas,1-6 Years,Small (up to 30lbs),Other
Culinary Harvest Turkey Herring Kibble,2026-10-06,21:19:56,meta,7+ Years,Small (up to 30lbs),Purina
Culinary Harvest Turkey Herring Kibble,2026-09-27,01:31:35,smas,1-6 Years,Large (70lbs and over),Other
Culinary Harvest Turkey Herring Kibble,2026-10-09,18:21:53,smas,1-6 Years,Large (70lbs and over),Hill's Science Diet
Culinary Harvest Turkey Herring Kibble,2026-10-06,18:19:20,smas,1-6 Years,Small (up to 30lbs),Orijen
Culinary Harvest Turkey Herring Kibble,2026-10-08,21:16:17,smas,1-6 Years,Medium (31lbs to 69lbs),Other
Culinary Harvest Turkey Herring Kibble,2026-09-24,02:12:28,meta,7+ Years,Medium (31lbs to 69lbs),Purina
Culinary Harvest Turkey Herring Kibble,2026-10-08,01:02:29,audience_1,1-6 Years,Medium (31lbs to 69lbs),Blue Buffalo
Culinary Harvest Turkey Herring Kibble,2026-09-25,01:56:32,meta,7+ Years,Medium (31lbs to 69lbs),Blue Buffalo
Culinary Harvest Turkey Herring Kibble,2026-10-06,20:41:45,smas,7+ Years,Small (up to 30lbs),Stella & Chewy's
Culinary Harvest Turkey Herring Kibble,2026-09-23,02:14:39,meta,1-6 Years,Large (70lbs and over),Purina
Culinary Harvest Turkey Herring Kibble,2026-10-06,19:26:10,meta,1-6 Years,Medium (31lbs to 69lbs),Purina
Culinary Harvest Turkey Herring Kibble,2026-10-06,19:20:09,smas,1-6 Years,Large (70lbs and over),Fromm
Culinary Harvest Turkey Herring Kibble,2026-10-08,20:58:09,smas,1-6 Years,Large (70lbs and over),Other
Culinary Harvest Turkey Herring Kibble,2026-10-09,00:06:11,smas,7+ Years,Medium (31lbs to 69lbs),Purina
Culinary Harvest Turkey Herring Kibble,2026-09-07,20:50:32,smas,1-6 Years,Medium (31lbs to 69lbs),Hill's Science Diet
Culinary Harvest Turkey Herring Kibble,2026-09-02,01:15:08,meta,1-6 Years,Small (up to 30lbs),Purina
Culinary Harvest Turkey Herring Kibble,2026-09-09,23:24:06,smas,7+ Years,Medium (31lbs to 69lbs),Purina
Culinary Harvest Turkey Herring Kibble,2026-09-23,16:03:21,meta,1-6 Years,Medium (31lbs to 69lbs),Purina
Culinary Harvest Turkey Herring Kibble,2026-10-07,03:32:01,smas,7+ Years,Small (up to 30lbs),Blue Buffalo
Culinary Harvest Turkey Herring Kibble,2026-09-23,23:00:17,smas,7+ Years,Medium (31lbs to 69lbs),Other
Culinary Harvest Turkey Herring Kibble,2026-09-02,11:07:48,meta,7+ Years,Large (70lbs and over),Other
Culinary Harvest Turkey Herring Kibble,2026-09-16,00:08:32,meta,1-6 Years,Large (70lbs and over),Other
Culinary Harvest Turkey Herring Kibble,2026-09-16,14:09:51,meta,1-6 Years,Small (up to 30lbs),Purina
Culinary Harvest Turkey Herring Kibble,2026-10-06,20:13:20,meta,7+ Years,Large (70lbs and over),Blue Buffalo
Culinary Harvest Turkey Herring Kibble,2026-10-07,12:44:11,meta,7+ Years,Small (up to 30lbs),Purina
Culinary Harvest Turkey Herring Kibble,2026-10-09,17:51:02,smas,7+ Years,Small (up to 30lbs),Purina
Culinary Harvest Turkey Herring Kibble,2026-10-05,21:06:52,meta,7+ Years,Small (up to 30lbs),Other
Culinary Harvest Turkey Herring Kibble,2026-09-07,17:36:58,smas,7+ Years,Medium (31lbs to 69lbs),Other
Culinary Harvest Turkey Herring Kibble,2026-10-07,02:38:32,smas,1-6 Years,Small (up to 30lbs),Other
Culinary Harvest Turkey Herring Kibble,2026-10-07,21:27:40,smas,1-6 Years,Small (up to 30lbs),Hill's Science Diet
Culinary Harvest Turkey Herring Kibble,2026-09-11,14:35:06,meta,1-6 Years,Medium (31lbs to 69lbs),Other
Culinary Harvest Turkey Herring Kibble,2026-10-06,18:15:58,smas,1-6 Years,Small (up to 30lbs),Hill's Science Diet
Culinary Harvest Turkey Herring Kibble,2026-09-05,12:57:27,meta,7+ Years,Large (70lbs and over),Other
Culinary Harvest Turkey Herring Kibble,2026-09-16,00:01:34,meta,Under One Year,Small (up to 30lbs),Purina
Culinary Harvest Turkey Herring Kibble,2026-10-05,17:34:45,meta,1-6 Years,Medium (31lbs to 69lbs),Other
Culinary Harvest Turkey Herring Kibble,2026-09-15,13:41:53,audience_1,1-6 Years,Medium (31lbs to 69lbs),Wellness Pet Food
Culinary Harvest Turkey Herring Kibble,2026-09-06,13:48:05,meta,1-6 Years,Small (up to 30lbs),Nutri Source
Culinary Harvest Turkey Herring Kibble,2026-09-06,10:33:18,meta,7+ Years,Small (up to 30lbs),Purina
Culinary Harvest Turkey Herring Kibble,2026-09-12,15:55:13,smas,1-6 Years,Large (70lbs and over),Purina
Culinary Harvest Turkey Herring Kibble,2026-09-07,00:32:01,meta,7+ Years,Medium (31lbs to 69lbs),Purina
Culinary Harvest Turkey Herring Kibble,2026-10-07,21:14:53,smas,7+ Years,Small (up to 30lbs),Blue Buffalo
Culinary Harvest Turkey Herring Kibble,2026-09-04,16:52:43,meta,7+ Years,Small (up to 30lbs),Hill's Science Diet
Culinary Harvest Turkey Herring Kibble,2026-09-08,19:41:22,smas,1-6 Years,Small (up to 30lbs),Other
Culinary Harvest Turkey Herring Kibble,2026-09-23,21:05:49,smas,1-6 Years,Large (70lbs and over),Blue Buffalo
Culinary Harvest Turkey Herring Kibble,2026-09-06,12:06:01,meta,7+ Years,Small (up to 30lbs),Other
Culinary Harvest Turkey Herring Kibble,2026-09-01,15:28:09,meta,1-6 Years,Medium (31lbs to 69lbs),Hill's Science Diet
Culinary Harvest Turkey Herring Kibble,2026-09-24,00:32:39,smas,1-6 Years,Small (up to 30lbs),Blue Buffalo
Culinary Harvest Turkey Herring Kibble,2026-10-05,16:48:50,meta,7+ Years,Large (70lbs and over),Purina
Culinary Harvest Turkey Herring Kibble,2026-10-09,21:47:42,smas,7+ Years,Small (up to 30lbs),Blue Buffalo
Culinary Harvest Turkey Herring Kibble,2026-09-04,17:35:25,meta,7+ Years,Small (up to 30lbs),Other
Culinary Harvest Turkey Herring Kibble,2026-10-06,02:05:01,meta,1-6 Years,Large (70lbs and over),Other
Culinary Harvest Turkey Herring Kibble,2026-09-11,02:33:44,meta,7+ Years,Small (up to 30lbs),Other
Culinary Harvest Turkey Herring Kibble,2026-09-14,21:34:08,meta,1-6 Years,Small (up to 30lbs),Other
Culinary Harvest Turkey Herring Kibble,2026-10-05,19:39:04,meta,1-6 Years,Medium (31lbs to 69lbs),Orijen
Culinary Harvest Turkey Herring Kibble,2026-09-07,14:40:50,meta,1-6 Years,Small (up to 30lbs),Purina
Culinary Harvest Turkey Herring Kibble,2026-09-09,01:51:46,meta,1-6 Years,Medium (31lbs to 69lbs),Blue Buffalo
Culinary Harvest Turkey Herring Kibble,2026-10-08,20:51:09,smas,1-6 Years,Small (up to 30lbs),Blue Buffalo
Culinary Harvest Turkey Herring Kibble,2026-10-09,15:55:05,smas,1-6 Years,Large (70lbs and over),Blue Buffalo
Culinary Harvest Turkey Herring Kibble,2026-10-05,17:01:57,meta,1-6 Years,Medium (31lbs to 69lbs),Open Farm
Culinary Harvest Turkey Herring Kibble,2026-09-14,15:49:07,audience_1,1-6 Years,Small (up to 30lbs),Blue Buffalo
Culinary Harvest Turkey Herring Kibble,2026-09-13,01:08:38,meta,1-6 Years,Medium (31lbs to 69lbs),Purina
Culinary Harvest Turkey Herring Kibble,2026-09-05,01:56:55,meta,1-6 Years,Large (70lbs and over),Purina
Culinary Harvest Turkey Herring Kibble,2026-09-15,19:10:01,meta,7+ Years,Large (70lbs and over),Blue Buffalo
Culinary Harvest Turkey Herring Kibble,2026-09-25,15:35:24,meta,1-6 Years,Large (70lbs and over),Purina
Culinary Harvest Turkey Herring Kibble,2026-09-09,19:12:21,meta,1-6 Years,Small (up to 30lbs),Nulo
Culinary Harvest Turkey Herring Kibble,2026-10-06,02:25:16,meta,1-6 Years,Large (70lbs and over),Purina
Culinary Harvest Turkey Herring Kibble,2026-10-06,17:59:41,smas,7+ Years,Small (up to 30lbs),Purina
Culinary Harvest Turkey Herring Kibble,2026-10-08,05:04:56,meta,7+ Years,Medium (31lbs to 69lbs),Blue Buffalo
Culinary Harvest Turkey Herring Kibble,2026-10-06,18:30:13,smas,1-6 Years,Large (70lbs and over),Wellness Pet Food
Culinary Harvest Turkey Herring Kibble,2026-09-12,17:12:50,meta,1-6 Years,Large (70lbs and over),Blue Buffalo
Culinary Harvest Turkey Herring Kibble,2026-10-08,21:34:49,smas,1-6 Years,Small (up to 30lbs),Blue Buffalo
Culinary Harvest Turkey Herring Kibble,2026-09-07,18:48:15,smas,1-6 Years,Small (up to 30lbs),Purina
Culinary Harvest Turkey Herring Kibble,2026-09-23,23:53:50,smas,7+ Years,Small (up to 30lbs),Nutri Source
Culinary Harvest Turkey Herring Kibble,2026-10-06,00:23:03,meta,1-6 Years,Medium (31lbs to 69lbs),Purina
Culinary Harvest Turkey Herring Kibble,2026-09-15,11:51:18,audience_1,1-6 Years,Medium (31lbs to 69lbs),Taste of the Wild
Culinary Harvest Turkey Herring Kibble,2026-09-04,23:18:18,meta,7+ Years,Small (up to 30lbs),Wellness Pet Food
Culinary Harvest Turkey Herring Kibble,2026-10-08,21:14:19,smas,1-6 Years,Large (70lbs and over),Other
Culinary Harvest Turkey Herring Kibble,2026-10-08,20:49:06,smas,7+ Years,Small (up to 30lbs),Purina
Culinary Harvest Turkey Herring Kibble,2026-09-21,16:53:34,meta,1-6 Years,Small (up to 30lbs),Taste of the Wild
Culinary Harvest Turkey Herring Kibble,2026-10-09,07:48:07,meta,1-6 Years,Medium (31lbs to 69lbs),Orijen
Culinary Harvest Turkey Herring Kibble,2026-09-16,01:28:27,audience_1,7+ Years,Small (up to 30lbs),Other
Culinary Harvest Turkey Herring Kibble,2026-09-17,15:13:41,meta,1-6 Years,Small (up to 30lbs),Purina
Culinary Harvest Turkey Herring Kibble,2026-10-07,19:51:28,smas,1-6 Years,Small (up to 30lbs),Other
Culinary Harvest Turkey Herring Kibble,2026-10-07,05:00:10,smas,1-6 Years,Small (up to 30lbs),Blue Buffalo
Culinary Harvest Turkey Herring Kibble,2026-09-07,20:25:39,smas,7+ Years,Large (70lbs and over),Purina
Culinary Harvest Turkey Herring Kibble,2026-10-07,19:53:48,smas,1-6 Years,Small (up to 30lbs),Nulo
Culinary Harvest Turkey Herring Kibble,2026-09-17,04:37:17,meta,1-6 Years,Small (up to 30lbs),Blue Buffalo
Culinary Harvest Turkey Herring Kibble,2026-10-05,22:16:18,meta,1-6 Years,Small (up to 30lbs),Other
Culinary Harvest Turkey Herring Kibble,2026-10-05,16:49:31,meta,7+ Years,Medium (31lbs to 69lbs),Open Farm
Culinary Harvest Turkey Herring Kibble,2026-09-16,20:59:28,meta,1-6 Years,Medium (31lbs to 69lbs),Purina
Culinary Harvest Turkey Herring Kibble,2026-09-08,15:59:03,meta,1-6 Years,Medium (31lbs to 69lbs),Blue Buffalo
Culinary Harvest Turkey Herring Kibble,2026-09-25,12:43:42,meta,7+ Years,Small (up to 30lbs),Other
Culinary Harvest Turkey Herring Kibble,2026-10-09,18:12:48,meta,1-6 Years,Medium (31lbs to 69lbs),Wellness Pet Food
Culinary Harvest Turkey Herring Kibble,2026-09-15,12:27:52,audience_1,7+ Years,Small (up to 30lbs),Purina
Culinary Harvest Turkey Herring Kibble,2026-10-08,06:28:25,meta,1-6 Years,Medium (31lbs to 69lbs),Other
Culinary Harvest Turkey Herring Kibble,2026-10-09,18:37:43,smas,7+ Years,Small (up to 30lbs),Blue Buffalo
Culinary Harvest Turkey Herring Kibble,2026-10-08,21:31:13,smas,1-6 Years,Large (70lbs and over),Other
Culinary Harvest Turkey Herring Kibble,2026-09-02,23:49:34,meta,1-6 Years,Medium (31lbs to 69lbs),Other
Culinary Harvest Turkey Herring Kibble,2026-09-03,03:49:05,meta,1-6 Years,Medium (31lbs to 69lbs),Purina
Culinary Harvest Turkey Herring Kibble,2026-09-25,11:20:24,meta,7+ Years,Small (up to 30lbs),Blue Buffalo
Culinary Harvest Turkey Herring Kibble,2026-10-10,03:39:49,meta,1-6 Years,Large (70lbs and over),Other
Culinary Harvest Turkey Herring Kibble,2026-10-07,20:13:47,smas,7+ Years,Small (up to 30lbs),Stella & Chewy's
Culinary Harvest Turkey Herring Kibble,2026-10-08,23:55:49,smas,1-6 Years,Medium (31lbs to 69lbs),Purina
Culinary Harvest Turkey Herring Kibble,2026-09-04,13:49:24,meta,7+ Years,Small (up to 30lbs),Other
Culinary Harvest Turkey Herring Kibble,2026-10-08,23:46:22,smas,7+ Years,Large (70lbs and over),Purina
Culinary Harvest Turkey Herring Kibble,2026-09-10,21:44:23,meta,7+ Years,Small (up to 30lbs),Other
Culinary Harvest Turkey Herring Kibble,2026-09-07,16:15:44,meta,7+ Years,Small (up to 30lbs),Nulo
Culinary Harvest Turkey Herring Kibble,2026-10-06,19:29:08,smas,7+ Years,Small (up to 30lbs),Other
Culinary Harvest Turkey Herring Kibble,2026-10-06,21:59:49,smas,1-6 Years,Small (up to 30lbs),Nulo
Culinary Harvest Turkey Herring Kibble,2026-09-06,14:23:49,meta,7+ Years,Medium (31lbs to 69lbs),Hill's Science Diet
Culinary Harvest Turkey Herring Kibble,2026-09-23,20:26:54,meta,1-6 Years,Medium (31lbs to 69lbs),Purina
Culinary Harvest Turkey Herring Kibble,2026-09-01,18:32:14,meta,1-6 Years,Medium (31lbs to 69lbs),Purina
Culinary Harvest Turkey Herring Kibble,2026-09-03,22:35:25,meta,7+ Years,Medium (31lbs to 69lbs),Other
Culinary Harvest Turkey Herring Kibble,2026-10-06,18:10:28,smas,7+ Years,Small (up to 30lbs),Other
Culinary Harvest Turkey Herring Kibble,2026-09-02,23:49:47,meta,7+ Years,Small (up to 30lbs),Purina
Culinary Harvest Turkey Herring Kibble,2026-10-07,01:15:35,meta,1-6 Years,Medium (31lbs to 69lbs),Other
Culinary Harvest Turkey Herring Kibble,2026-10-06,22:30:45,smas,1-6 Years,Small (up to 30lbs),Other
Culinary Harvest Turkey Herring Kibble,2026-10-05,17:59:48,meta,7+ Years,Medium (31lbs to 69lbs),Purina
Culinary Harvest Turkey Herring Kibble,2026-09-14,17:48:49,audience_1,1-6 Years,Large (70lbs and over),Hill's Science Diet
Culinary Harvest Turkey Herring Kibble,2026-09-24,14:41:28,smas,1-6 Years,Medium (31lbs to 69lbs),Other
Culinary Harvest Turkey Herring Kibble,2026-09-07,19:56:43,smas,1-6 Years,Large (70lbs and over),Hill's Science Diet
Culinary Harvest Turkey Herring Kibble,2026-10-06,20:44:39,meta,1-6 Years,Medium (31lbs to 69lbs),Purina
Culinary Harvest Turkey Herring Kibble,2026-10-05,23:45:54,meta,1-6 Years,Small (up to 30lbs),Blue Buffalo
Culinary Harvest Turkey Herring Kibble,2026-09-22,02:11:23,meta,1-6 Years,Medium (31lbs to 69lbs),Other
Culinary Harvest Turkey Herring Kibble,2026-10-06,18:04:25,meta,1-6 Years,Small (up to 30lbs),Nutri Source
Culinary Harvest Turkey Herring Kibble,2026-09-25,14:42:20,meta,1-6 Years,Small (up to 30lbs),Other
Culinary Harvest Turkey Herring Kibble,2026-10-06,18:01:11,smas,1-6 Years,Small (up to 30lbs),Other
Culinary Harvest Turkey Herring Kibble,2026-09-09,02:47:55,meta,7+ Years,Small (up to 30lbs),Nutri Source
Culinary Harvest Turkey Herring Kibble,2026-09-11,19:53:25,audience_1,7+ Years,Large (70lbs and over),Other
Culinary Harvest Turkey Herring Kibble,2026-10-07,01:09:24,smas,1-6 Years,Large (70lbs and over),Other
Culinary Harvest Turkey Herring Kibble,2026-09-23,21:50:24,smas,1-6 Years,Large (70lbs and over),Purina
Culinary Harvest Turkey Herring Kibble,2026-09-06,02:00:06,meta,1-6 Years,Small (up to 30lbs),Blue Buffalo
Culinary Harvest Turkey Herring Kibble,2026-10-09,22:09:18,meta,1-6 Years,Large (70lbs and over),Other
Culinary Harvest Turkey Herring Kibble,2026-09-01,14:34:11,meta,1-6 Years,Medium (31lbs to 69lbs),Other
Culinary Harvest Turkey Herring Kibble,2026-10-06,18:34:42,smas,1-6 Years,Small (up to 30lbs),Other
Culinary Harvest Turkey Herring Kibble,2026-09-08,00:21:20,smas,7+ Years,Medium (31lbs to 69lbs),Blue Buffalo
Culinary Harvest Turkey Herring Kibble,2026-09-03,15:31:16,meta,1-6 Years,Small (up to 30lbs),Other
Culinary Harvest Turkey Herring Kibble,2026-09-15,02:39:30,meta,1-6 Years,Medium (31lbs to 69lbs),Other
Culinary Harvest Turkey Herring Kibble,2026-09-07,01:57:43,meta,7+ Years,Medium (31lbs to 69lbs),Blue Buffalo
Culinary Harvest Turkey Herring Kibble,2026-09-04,23:06:31,meta,7+ Years,Small (up to 30lbs),Purina
Culinary Harvest Turkey Herring Kibble,2026-10-05,14:44:07,meta,1-6 Years,Large (70lbs and over),Taste of the Wild
Culinary Harvest Turkey Herring Kibble,2026-09-18,12:59:29,meta,1-6 Years,Large (70lbs and over),Blue Buffalo
Culinary Harvest Turkey Herring Kibble,2026-09-09,09:55:56,meta,1-6 Years,Small (up to 30lbs),Other
Culinary Harvest Turkey Herring Kibble,2026-09-13,14:47:03,meta,1-6 Years,Large (70lbs and over),Blue Buffalo
Culinary Harvest Turkey Herring Kibble,2026-10-08,21:10:19,smas,1-6 Years,Medium (31lbs to 69lbs),Other
Culinary Harvest Turkey Herring Kibble,2026-10-09,17:50:27,smas,7+ Years,Small (up to 30lbs),Hill's Science Diet
Culinary Harvest Turkey Herring Kibble,2026-10-09,16:07:55,meta,1-6 Years,Small (up to 30lbs),Blue Buffalo
Culinary Harvest Turkey Herring Kibble,2026-10-05,21:01:45,meta,1-6 Years,Small (up to 30lbs),Other
Culinary Harvest Turkey Herring Kibble,2026-09-23,23:36:57,smas,1-6 Years,Large (70lbs and over),Other
Culinary Harvest Turkey Herring Kibble,2026-09-10,08:04:02,smas,1-6 Years,Small (up to 30lbs),Purina
Culinary Harvest Turkey Herring Kibble,2026-10-07,21:05:11,smas,1-6 Years,Medium (31lbs to 69lbs),Other
Culinary Harvest Turkey Herring Kibble,2026-09-12,01:12:14,smas,7+ Years,Small (up to 30lbs),Hill's Science Diet
Culinary Harvest Turkey Herring Kibble,2026-09-22,16:19:33,meta,1-6 Years,Small (up to 30lbs),Other
Culinary Harvest Turkey Herring Kibble,2026-09-23,15:53:12,meta,7+ Years,Large (70lbs and over),Purina
Culinary Harvest Turkey Herring Kibble,2026-09-04,04:24:20,meta,7+ Years,Large (70lbs and over),Blue Buffalo
Culinary Harvest Turkey Herring Kibble,2026-09-17,04:29:55,meta,1-6 Years,Small (up to 30lbs),Hill's Science Diet
Culinary Harvest Turkey Herring Kibble,2026-09-07,17:36:42,smas,7+ Years,Large (70lbs and over),Fromm
Culinary Harvest Turkey Herring Kibble,2026-10-06,03:25:20,meta,1-6 Years,Small (up to 30lbs),Open Farm
Culinary Harvest Turkey Herring Kibble,2026-09-15,16:30:54,meta,7+ Years,Small (up to 30lbs),Other
Culinary Harvest Turkey Herring Kibble,2026-09-02,07:41:03,meta,1-6 Years,Large (70lbs and over),Hill's Science Diet
Culinary Harvest Turkey Herring Kibble,2026-09-07,20:59:56,smas,1-6 Years,Small (up to 30lbs),Purina
Culinary Harvest Turkey Herring Kibble,2026-09-18,03:47:23,meta,7+ Years,Medium (31lbs to 69lbs),Other
Culinary Harvest Turkey Herring Kibble,2026-10-09,05:31:48,smas,1-6 Years,Medium (31lbs to 69lbs),Blue Buffalo
Culinary Harvest Turkey Herring Kibble,2026-09-08,03:19:49,smas,1-6 Years,Small (up to 30lbs),Other
Culinary Harvest Turkey Herring Kibble,2026-09-15,02:04:44,meta,7+ Years,Small (up to 30lbs),Purina
Culinary Harvest Turkey Herring Kibble,2026-09-13,16:07:56,meta,1-6 Years,Large (70lbs and over),Hill's Science Diet
Culinary Harvest Turkey Herring Kibble,2026-10-08,21:17:43,smas,7+ Years,Small (up to 30lbs),Other
Culinary Harvest Turkey Herring Kibble,2026-10-07,22:58:51,smas,7+ Years,Small (up to 30lbs),Hill's Science Diet
Culinary Harvest Turkey Herring Kibble,2026-09-14,23:47:26,meta,1-6 Years,Small (up to 30lbs),Other
Culinary Harvest Turkey Herring Kibble,2026-10-06,10:10:02,meta,1-6 Years,Medium (31lbs to 69lbs),Other
Culinary Harvest Turkey Herring Kibble,2026-10-06,08:36:25,meta,1-6 Years,Large (70lbs and over),Blue Buffalo
Culinary Harvest Turkey Herring Kibble,2026-09-04,21:51:57,meta,1-6 Years,Small (up to 30lbs),Other
Culinary Harvest Turkey Herring Kibble,2026-09-24,15:13:20,meta,1-6 Years,Medium (31lbs to 69lbs),Hill's Science Diet
Culinary Harvest Turkey Herring Kibble,2026-10-06,04:04:14,meta,1-6 Years,Medium (31lbs to 69lbs),Blue Buffalo
Culinary Harvest Turkey Herring Kibble,2026-10-05,19:20:18,meta,7+ Years,Medium (31lbs to 69lbs),Nulo
Culinary Harvest Turkey Herring Kibble,2026-09-24,23:45:06,meta,1-6 Years,Large (70lbs and over),Hill's Science Diet
Culinary Harvest Turkey Herring Kibble,2026-10-07,00:46:59,audience_1,7+ Years,Small (up to 30lbs),Hill's Science Diet
Culinary Harvest Turkey Herring Kibble,2026-09-23,22:21:20,smas,7+ Years,Small (up to 30lbs),Other
Culinary Harvest Turkey Herring Kibble,2026-09-24,01:28:59,meta,1-6 Years,Large (70lbs and over),Purina
Culinary Harvest Turkey Herring Kibble,2026-09-07,22:26:40,smas,7+ Years,Medium (31lbs to 69lbs),Purina
Culinary Harvest Turkey Herring Kibble,2026-09-23,21:04:48,smas,7+ Years,Small (up to 30lbs),Other
Culinary Harvest Turkey Herring Kibble,2026-10-07,14:14:07,meta,1-6 Years,Large (70lbs and over),Hill's Science Diet
Culinary Harvest Turkey Herring Kibble,2026-09-07,17:10:03,smas,7+ Years,Medium (31lbs to 69lbs),Blue Buffalo
Culinary Harvest Turkey Herring Kibble,2026-09-17,20:47:55,meta,7+ Years,Medium (31lbs to 69lbs),Other
Culinary Harvest Turkey Herring Kibble,2026-10-07,19:56:10,smas,7+ Years,Small (up to 30lbs),Other
Culinary Harvest Turkey Herring Kibble,2026-09-07,17:45:03,smas,1-6 Years,Medium (31lbs to 69lbs),Wellness Pet Food
Culinary Harvest Turkey Herring Kibble,2026-09-04,21:59:59,meta,7+ Years,Large (70lbs and over),Purina
Culinary Harvest Turkey Herring Kibble,2026-10-05,14:05:56,meta,1-6 Years,Small (up to 30lbs),Hill's Science Diet
Culinary Harvest Turkey Herring Kibble,2026-09-23,21:30:29,smas,1-6 Years,Large (70lbs and over),Purina
Culinary Harvest Turkey Herring Kibble,2026-09-16,15:09:11,audience_1,Under One Year,Small (up to 30lbs),Hill's Science Diet
Culinary Harvest Turkey Herring Kibble,2026-09-02,22:25:14,meta,1-6 Years,Large (70lbs and over),Other
Culinary Harvest Turkey Herring Kibble,2026-10-06,18:04:36,smas,1-6 Years,Medium (31lbs to 69lbs),Wellness Pet Food
Culinary Harvest Turkey Herring Kibble,2026-09-24,03:50:14,smas,Under One Year,Large (70lbs and over),Other
Culinary Harvest Turkey Herring Kibble,2026-10-08,05:54:18,meta,1-6 Years,Small (up to 30lbs),Hill's Science Diet
Culinary Harvest Turkey Herring Kibble,2026-09-08,13:31:51,smas,1-6 Years,Large (70lbs and over),Blue Buffalo
Culinary Harvest Turkey Herring Kibble,2026-09-05,01:55:49,meta,1-6 Years,Medium (31lbs to 69lbs),Other
Culinary Harvest Turkey Herring Kibble,2026-10-07,19:35:43,meta,1-6 Years,Large (70lbs and over),Wellness Pet Food
Culinary Harvest Turkey Herring Kibble,2026-09-17,12:11:06,meta,1-6 Years,Medium (31lbs to 69lbs),Purina
Culinary Harvest Turkey Herring Kibble,2026-10-08,21:22:19,meta,1-6 Years,Small (up to 30lbs),Other
Culinary Harvest Turkey Herring Kibble,2026-09-07,17:23:19,smas,1-6 Years,Medium (31lbs to 69lbs),Purina
Culinary Harvest Turkey Herring Kibble,2026-09-22,14:31:09,meta,1-6 Years,Small (up to 30lbs),Nulo
Culinary Harvest Turkey Herring Kibble,2026-09-22,23:33:39,meta,7+ Years,Large (70lbs and over),Other
Culinary Harvest Turkey Herring Kibble,2026-10-08,08:29:09,meta,1-6 Years,Medium (31lbs to 69lbs),Hill's Science Diet
Culinary Harvest Turkey Herring Kibble,2026-09-25,08:12:50,meta,7+ Years,Small (up to 30lbs),Hill's Science Diet
Culinary Harvest Turkey Herring Kibble,2026-09-07,17:04:45,smas,1-6 Years,Medium (31lbs to 69lbs),Hill's Science Diet
Culinary Harvest Turkey Herring Kibble,2026-09-07,17:33:07,smas,1-6 Years,Medium (31lbs to 69lbs),Purina
Culinary Harvest Turkey Herring Kibble,2026-10-09,15:54:01,meta,7+ Years,Large (70lbs and over),Other
Culinary Harvest Turkey Herring Kibble,2026-10-08,22:16:02,smas,1-6 Years,Large (70lbs and over),Purina
Culinary Harvest Turkey Herring Kibble,2026-09-26,22:34:13,smas,7+ Years,Large (70lbs and over),Other
Culinary Harvest Turkey Herring Kibble,2026-09-21,16:03:34,meta,7+ Years,Large (70lbs and over),Taste of the Wild
Culinary Harvest Turkey Herring Kibble,2026-09-03,02:56:48,meta,1-6 Years,Medium (31lbs to 69lbs),Blue Buffalo
Culinary Harvest Turkey Herring Kibble,2026-10-08,21:18:05,smas,1-6 Years,Medium (31lbs to 69lbs),Other
Culinary Harvest Turkey Herring Kibble,2026-09-14,20:32:48,audience_1,1-6 Years,Small (up to 30lbs),Nulo
Culinary Harvest Turkey Herring Kibble,2026-10-09,23:12:47,meta,1-6 Years,Small (up to 30lbs),Purina
Culinary Harvest Turkey Herring Kibble,2026-10-06,18:56:07,smas,1-6 Years,Small (up to 30lbs),Hill's Science Diet
Culinary Harvest Turkey Herring Kibble,2026-09-09,16:29:59,smas,1-6 Years,Large (70lbs and over),Other
Culinary Harvest Turkey Herring Kibble,2026-09-08,21:16:41,smas,7+ Years,Small (up to 30lbs),Purina
Culinary Harvest Turkey Herring Kibble,2026-10-08,03:00:55,meta,7+ Years,Large (70lbs and over),Orijen
Culinary Harvest Turkey Herring Kibble,2026-09-25,20:38:49,meta,1-6 Years,Small (up to 30lbs),Blue Buffalo
Culinary Harvest Turkey Herring Kibble,2026-10-08,20:59:35,smas,1-6 Years,Medium (31lbs to 69lbs),Open Farm
Culinary Harvest Turkey Herring Kibble,2026-09-23,11:16:44,meta,1-6 Years,Small (up to 30lbs),Blue Buffalo
Culinary Harvest Turkey Herring Kibble,2026-09-25,11:28:08,meta,7+ Years,Medium (31lbs to 69lbs),Other
Culinary Harvest Turkey Herring Kibble,2026-09-22,00:23:11,smas,1-6 Years,Medium (31lbs to 69lbs),Other
Culinary Harvest Turkey Herring Kibble,2026-09-14,23:16:31,audience_1,1-6 Years,Small (up to 30lbs),Hill's Science Diet
Culinary Harvest Turkey Herring Kibble,2026-09-10,12:06:44,smas,7+ Years,Small (up to 30lbs),Purina
Culinary Harvest Turkey Herring Kibble,2026-09-26,22:09:12,smas,1-6 Years,Small (up to 30lbs),Other
Culinary Harvest Turkey Herring Kibble,2026-10-05,19:39:38,meta,1-6 Years,Large (70lbs and over),Merrick
Culinary Harvest Turkey Herring Kibble,2026-10-07,15:37:29,meta,Under One Year,Medium (31lbs to 69lbs),Blue Buffalo
Culinary Harvest Turkey Herring Kibble,2026-09-23,21:14:46,smas,Under One Year,Small (up to 30lbs),Purina
Culinary Harvest Turkey Herring Kibble,2026-10-05,20:06:05,meta,1-6 Years,Medium (31lbs to 69lbs),Blue Buffalo
Culinary Harvest Turkey Herring Kibble,2026-10-06,21:28:54,meta,7+ Years,Small (up to 30lbs),Purina
Culinary Harvest Turkey Herring Kibble,2026-09-26,12:32:18,meta,7+ Years,Medium (31lbs to 69lbs),Hill's Science Diet
Culinary Harvest Turkey Herring Kibble,2026-09-03,23:38:59,meta,Under One Year,Small (up to 30lbs),Purina
Culinary Harvest Turkey Herring Kibble,2026-09-07,19:14:19,smas,1-6 Years,Small (up to 30lbs),Other
Culinary Harvest Turkey Herring Kibble,2026-09-24,13:44:15,meta,7+ Years,Small (up to 30lbs),Hill's Science Diet
Culinary Harvest Turkey Herring Kibble,2026-10-06,23:04:10,meta,1-6 Years,Small (up to 30lbs),Stella & Chewy's
Culinary Harvest Turkey Herring Kibble,2026-10-07,19:27:29,meta,7+ Years,Medium (31lbs to 69lbs),Purina
Culinary Harvest Turkey Herring Kibble,2026-09-04,14:35:51,meta,1-6 Years,Small (up to 30lbs),Purina
Culinary Harvest Turkey Herring Kibble,2026-10-08,12:43:00,smas,1-6 Years,Small (up to 30lbs),Blue Buffalo
Culinary Harvest Turkey Herring Kibble,2026-09-24,00:16:50,smas,7+ Years,Small (up to 30lbs),Other
Culinary Harvest Turkey Herring Kibble,2026-09-02,02:24:28,meta,7+ Years,Medium (31lbs to 69lbs),Blue Buffalo
Culinary Harvest Turkey Herring Kibble,2026-10-08,21:54:36,smas,7+ Years,Small (up to 30lbs),Blue Buffalo
Culinary Harvest Turkey Herring Kibble,2026-09-09,21:04:12,smas,7+ Years,Small (up to 30lbs),Hill's Science Diet
Culinary Harvest Turkey Herring Kibble,2026-09-04,20:39:29,meta,7+ Years,Large (70lbs and over),Other
Culinary Harvest Turkey Herring Kibble,2026-10-08,21:06:19,smas,1-6 Years,Small (up to 30lbs),Purina
Culinary Harvest Turkey Herring Kibble,2026-10-08,16:07:10,meta,1-6 Years,Small (up to 30lbs),Blue Buffalo
Culinary Harvest Turkey Herring Kibble,2026-09-22,14:07:58,meta,7+ Years,Small (up to 30lbs),Merrick
Culinary Harvest Turkey Herring Kibble,2026-10-08,07:33:57,meta,Under One Year,Large (70lbs and over),Purina
Culinary Harvest Turkey Herring Kibble,2026-09-04,00:52:05,meta,7+ Years,Small (up to 30lbs),Fromm
Culinary Harvest Turkey Herring Kibble,2026-09-24,01:59:35,smas,1-6 Years,Small (up to 30lbs),Other
Culinary Harvest Turkey Herring Kibble,2026-09-02,03:55:12,meta,1-6 Years,Small (up to 30lbs),Other
Culinary Harvest Turkey Herring Kibble,2026-09-16,23:13:49,meta,7+ Years,Medium (31lbs to 69lbs),Other
Culinary Harvest Turkey Herring Kibble,2026-10-06,22:57:35,meta,1-6 Years,Large (70lbs and over),Hill's Science Diet
Culinary Harvest Turkey Herring Kibble,2026-10-06,18:16:57,smas,Under One Year,Small (up to 30lbs),Other
Culinary Harvest Turkey Herring Kibble,2026-10-06,01:52:45,meta,1-6 Years,Small (up to 30lbs),Other
Culinary Harvest Turkey Herring Kibble,2026-09-07,08:58:22,meta,1-6 Years,Small (up to 30lbs),Blue Buffalo
Culinary Harvest Turkey Herring Kibble,2026-10-07,21:08:34,smas,7+ Years,Small (up to 30lbs),Purina
Culinary Harvest Turkey Herring Kibble,2026-09-23,21:26:29,smas,7+ Years,Large (70lbs and over),Blue Buffalo
Culinary Harvest Turkey Herring Kibble,2026-09-23,23:28:39,meta,7+ Years,Medium (31lbs to 69lbs),Stella & Chewy's
Culinary Harvest Turkey Herring Kibble,2026-09-07,22:03:38,smas,1-6 Years,Small (up to 30lbs),Other
Culinary Harvest Turkey Herring Kibble,2026-09-01,18:59:08,meta,7+ Years,Small (up to 30lbs),Purina
Culinary Harvest Turkey Herring Kibble,2026-10-06,15:53:31,meta,7+ Years,Medium (31lbs to 69lbs),Other
Culinary Harvest Turkey Herring Kibble,2026-10-06,17:50:59,smas,1-6 Years,Medium (31lbs to 69lbs),Other
Culinary Harvest Turkey Herring Kibble,2026-09-12,23:20:40,meta,7+ Years,Medium (31lbs to 69lbs),Nulo
Culinary Harvest Turkey Herring Kibble,2026-10-05,19:33:36,meta,7+ Years,Small (up to 30lbs),Other
Culinary Harvest Turkey Herring Kibble,2026-09-17,12:10:55,meta,1-6 Years,Small (up to 30lbs),Other
Culinary Harvest Turkey Herring Kibble,2026-10-06,14:18:44,meta,1-6 Years,Large (70lbs and over),Purina
Culinary Harvest Turkey Herring Kibble,2026-09-24,19:54:00,meta,7+ Years,Small (up to 30lbs),Blue Buffalo
Culinary Harvest Turkey Herring Kibble,2026-10-07,19:54:17,smas,Under One Year,Medium (31lbs to 69lbs),Other
Culinary Harvest Turkey Herring Kibble,2026-10-07,16:46:36,meta,7+ Years,Medium (31lbs to 69lbs),Hill's Science Diet
Culinary Harvest Turkey Herring Kibble,2026-10-06,20:04:17,smas,1-6 Years,Small (up to 30lbs),Nulo
Culinary Harvest Turkey Herring Kibble,2026-09-02,23:35:06,meta,1-6 Years,Small (up to 30lbs),Wellness Pet Food
Culinary Harvest Turkey Herring Kibble,2026-09-05,09:48:10,meta,1-6 Years,Small (up to 30lbs),Other
Culinary Harvest Turkey Herring Kibble,2026-10-08,06:28:47,smas,1-6 Years,Medium (31lbs to 69lbs),Purina
Culinary Harvest Turkey Herring Kibble,2026-09-14,18:09:40,meta,1-6 Years,Large (70lbs and over),Purina
Culinary Harvest Turkey Herring Kibble,2026-09-26,00:08:21,meta,1-6 Years,Medium (31lbs to 69lbs),Blue Buffalo
Culinary Harvest Turkey Herring Kibble,2026-10-08,21:10:31,smas,1-6 Years,Medium (31lbs to 69lbs),Other
Culinary Harvest Turkey Herring Kibble,2026-09-14,04:53:18,meta,7+ Years,Medium (31lbs to 69lbs),Purina
Culinary Harvest Turkey Herring Kibble,2026-09-02,18:58:20,meta,1-6 Years,Small (up to 30lbs),Other
Culinary Harvest Turkey Herring Kibble,2026-09-22,20:11:38,meta,7+ Years,Small (up to 30lbs),Other
Culinary Harvest Turkey Herring Kibble,2026-10-08,21:39:09,smas,1-6 Years,Small (up to 30lbs),Other
Culinary Harvest Turkey Herring Kibble,2026-10-10,04:28:35,meta,7+ Years,Small (up to 30lbs),Other
Culinary Harvest Turkey Herring Kibble,2026-10-07,20:57:22,smas,7+ Years,Small (up to 30lbs),Other
Culinary Harvest Turkey Herring Kibble,2026-09-16,01:59:08,audience_1,1-6 Years,Large (70lbs and over),Other
Culinary Harvest Turkey Herring Kibble,2026-09-25,00:40:02,smas,1-6 Years,Medium (31lbs to 69lbs),Purina
Culinary Harvest Turkey Herring Kibble,2026-10-07,02:32:23,smas,7+ Years,Large (70lbs and over),Blue Buffalo
Culinary Harvest Turkey Herring Kibble,2026-09-01,16:54:18,meta,7+ Years,Medium (31lbs to 69lbs),Blue Buffalo
Culinary Harvest Turkey Herring Kibble,2026-09-15,04:36:59,audience_1,7+ Years,Small (up to 30lbs),Other
Culinary Harvest Turkey Herring Kibble,2026-09-14,18:13:33,meta,7+ Years,Medium (31lbs to 69lbs),Other
Culinary Harvest Turkey Herring Kibble,2026-09-11,20:16:32,meta,Under One Year,Small (up to 30lbs),Purina
Culinary Harvest Turkey Herring Kibble,2026-10-07,19:51:39,smas,7+ Years,Small (up to 30lbs),Purina
Culinary Harvest Turkey Herring Kibble,2026-09-16,16:32:02,meta,1-6 Years,Large (70lbs and over),Other
Culinary Harvest Turkey Herring Kibble,2026-10-06,10:58:29,meta,7+ Years,Medium (31lbs to 69lbs),Hill's Science Diet
Culinary Harvest Turkey Herring Kibble,2026-10-05,14:25:13,meta,7+ Years,Small (up to 30lbs),Other
Culinary Harvest Turkey Herring Kibble,2026-09-15,23:46:26,meta,7+ Years,Medium (31lbs to 69lbs),Blue Buffalo
Culinary Harvest Turkey Herring Kibble,2026-10-05,22:48:32,meta,1-6 Years,Small (up to 30lbs),Hill's Science Diet
Culinary Harvest Turkey Herring Kibble,2026-10-08,21:03:16,smas,1-6 Years,Large (70lbs and over),Purina
Culinary Harvest Turkey Herring Kibble,2026-10-06,01:13:21,meta,1-6 Years,Small (up to 30lbs),Blue Buffalo
Culinary Harvest Turkey Herring Kibble,2026-09-23,21:04:44,smas,7+ Years,Large (70lbs and over),Hill's Science Diet
Culinary Harvest Turkey Herring Kibble,2026-09-21,23:32:10,audience_1,1-6 Years,Large (70lbs and over),Purina
Culinary Harvest Turkey Herring Kibble,2026-10-06,10:06:47,meta,1-6 Years,Medium (31lbs to 69lbs),Nutri Source
Culinary Harvest Turkey Herring Kibble,2026-10-09,16:32:43,smas,7+ Years,Medium (31lbs to 69lbs),Other
Culinary Harvest Turkey Herring Kibble,2026-09-11,22:22:49,meta,1-6 Years,Small (up to 30lbs),Stella & Chewy's
Culinary Harvest Turkey Herring Kibble,2026-09-08,04:39:13,meta,7+ Years,Medium (31lbs to 69lbs),Purina
Culinary Harvest Turkey Herring Kibble,2026-09-24,15:18:31,smas,1-6 Years,Medium (31lbs to 69lbs),Blue Buffalo
Culinary Harvest Turkey Herring Kibble,2026-10-06,02:28:52,meta,Under One Year,Medium (31lbs to 69lbs),Purina
Culinary Harvest Turkey Herring Kibble,2026-10-09,05:39:56,smas,7+ Years,Small (up to 30lbs),Other
Culinary Harvest Turkey Herring Kibble,2026-10-08,22:05:51,smas,7+ Years,Small (up to 30lbs),Open Farm
Culinary Harvest Turkey Herring Kibble,2026-10-08,21:56:38,smas,7+ Years,Large (70lbs and over),Other
Culinary Harvest Turkey Herring Kibble,2026-09-13,19:09:06,meta,1-6 Years,Small (up to 30lbs),Purina
Culinary Harvest Turkey Herring Kibble,2026-10-09,03:10:02,smas,1-6 Years,Small (up to 30lbs),Other
Culinary Harvest Turkey Herring Kibble,2026-09-15,12:43:37,audience_1,7+ Years,Small (up to 30lbs),Other
Culinary Harvest Turkey Herring Kibble,2026-10-07,01:01:53,smas,1-6 Years,Medium (31lbs to 69lbs),Purina
Culinary Harvest Turkey Herring Kibble,2026-09-14,03:17:58,meta,Under One Year,Medium (31lbs to 69lbs),Nulo
Culinary Harvest Turkey Herring Kibble,2026-09-03,22:37:01,meta,1-6 Years,Small (up to 30lbs),Purina
Culinary Harvest Turkey Herring Kibble,2026-09-11,04:04:51,smas,1-6 Years,Large (70lbs and over),Purina
Culinary Harvest Turkey Herring Kibble,2026-09-22,23:01:54,meta,1-6 Years,Small (up to 30lbs),Blue Buffalo
Culinary Harvest Turkey Herring Kibble,2026-09-23,21:05:37,smas,1-6 Years,Small (up to 30lbs),Hill's Science Diet
Culinary Harvest Turkey Herring Kibble,2026-09-02,20:36:10,audience_1,7+ Years,Large (70lbs and over),Purina
Culinary Harvest Turkey Herring Kibble,2026-09-23,21:09:49,smas,1-6 Years,Large (70lbs and over),Purina
Culinary Harvest Turkey Herring Kibble,2026-09-22,01:14:26,meta,1-6 Years,Small (up to 30lbs),Other
Culinary Harvest Turkey Herring Kibble,2026-10-08,23:29:05,smas,1-6 Years,Small (up to 30lbs),Taste of the Wild
Culinary Harvest Turkey Herring Kibble,2026-10-08,17:56:44,meta,1-6 Years,Small (up to 30lbs),Nulo
Culinary Harvest Turkey Herring Kibble,2026-10-07,19:52:39,smas,7+ Years,Small (up to 30lbs),Other
Culinary Harvest Turkey Herring Kibble,2026-09-12,12:11:39,meta,7+ Years,Small (up to 30lbs),Hill's Science Diet
Culinary Harvest Turkey Herring Kibble,2026-10-07,14:23:24,meta,1-6 Years,Medium (31lbs to 69lbs),Purina
Culinary Harvest Turkey Herring Kibble,2026-10-08,23:58:09,smas,1-6 Years,Medium (31lbs to 69lbs),Purina
Culinary Harvest Turkey Herring Kibble,2026-10-07,21:56:05,smas,1-6 Years,Medium (31lbs to 69lbs),Hill's Science Diet
Culinary Harvest Turkey Herring Kibble,2026-09-15,22:09:46,meta,1-6 Years,Large (70lbs and over),Other
Culinary Harvest Turkey Herring Kibble,2026-09-12,17:08:01,meta,1-6 Years,Small (up to 30lbs),Purina
Culinary Harvest Turkey Herring Kibble,2026-09-11,19:27:15,meta,1-6 Years,Medium (31lbs to 69lbs),Purina
Culinary Harvest Turkey Herring Kibble,2026-09-25,14:38:45,meta,1-6 Years,Medium (31lbs to 69lbs),Other
Culinary Harvest Turkey Herring Kibble,2026-09-07,17:05:44,smas,1-6 Years,Medium (31lbs to 69lbs),Hill's Science Diet
Culinary Harvest Turkey Herring Kibble,2026-09-24,00:16:38,smas,1-6 Years,Small (up to 30lbs),Hill's Science Diet
Culinary Harvest Turkey Herring Kibble,2026-09-15,18:04:34,meta,7+ Years,Medium (31lbs to 69lbs),Purina
Culinary Harvest Turkey Herring Kibble,2026-09-24,21:24:07,meta,1-6 Years,Large (70lbs and over),Other
Culinary Harvest Turkey Herring Kibble,2026-10-06,17:58:39,smas,1-6 Years,Small (up to 30lbs),Purina
Culinary Harvest Turkey Herring Kibble,2026-10-08,23:03:22,smas,7+ Years,Medium (31lbs to 69lbs),Blue Buffalo
Culinary Harvest Turkey Herring Kibble,2026-10-06,18:44:53,smas,1-6 Years,Medium (31lbs to 69lbs),Open Farm
Culinary Harvest Turkey Herring Kibble,2026-10-06,07:43:58,meta,1-6 Years,Small (up to 30lbs),Purina
Culinary Harvest Turkey Herring Kibble,2026-09-23,21:06:08,smas,7+ Years,Small (up to 30lbs),Other
Culinary Harvest Turkey Herring Kibble,2026-09-08,21:28:08,meta,7+ Years,Small (up to 30lbs),Other
Culinary Harvest Turkey Herring Kibble,2026-10-09,18:35:31,meta,Under One Year,Small (up to 30lbs),Purina
Culinary Harvest Turkey Herring Kibble,2026-09-23,16:50:16,meta,1-6 Years,Small (up to 30lbs),Other
Culinary Harvest Turkey Herring Kibble,2026-10-08,22:49:51,smas,1-6 Years,Medium (31lbs to 69lbs),Other
Culinary Harvest Turkey Herring Kibble,2026-09-16,13:38:46,meta,7+ Years,Large (70lbs and over),Other
Culinary Harvest Turkey Herring Kibble,2026-09-01,19:39:38,meta,Under One Year,Large (70lbs and over),Purina
Culinary Harvest Turkey Herring Kibble,2026-09-10,01:50:33,meta,1-6 Years,Small (up to 30lbs),Fromm
Culinary Harvest Turkey Herring Kibble,2026-09-23,22:32:00,smas,1-6 Years,Small (up to 30lbs),Other
Culinary Harvest Turkey Herring Kibble,2026-09-25,09:11:18,meta,1-6 Years,Large (70lbs and over),Blue Buffalo
Culinary Harvest Turkey Herring Kibble,2026-09-03,19:11:06,meta,1-6 Years,Medium (31lbs to 69lbs),Purina
Culinary Harvest Turkey Herring Kibble,2026-10-06,04:05:31,meta,7+ Years,Small (up to 30lbs),Other
Culinary Harvest Turkey Herring Kibble,2026-09-10,14:38:12,audience_1,7+ Years,Small (up to 30lbs),Hill's Science Diet
Culinary Harvest Turkey Herring Kibble,2026-10-05,22:01:48,meta,1-6 Years,Medium (31lbs to 69lbs),Other
Culinary Harvest Turkey Herring Kibble,2026-09-24,23:11:01,smas,1-6 Years,Small (up to 30lbs),Blue Buffalo
Culinary Harvest Turkey Herring Kibble,2026-10-06,21:34:24,smas,1-6 Years,Large (70lbs and over),Purina
Culinary Harvest Turkey Herring Kibble,2026-09-05,03:33:28,meta,1-6 Years,Medium (31lbs to 69lbs),Other
Culinary Harvest Turkey Herring Kibble,2026-09-06,19:02:59,meta,7+ Years,Medium (31lbs to 69lbs),Purina
Culinary Harvest Turkey Herring Kibble,2026-09-11,03:49:42,audience_1,1-6 Years,Small (up to 30lbs),Purina
Culinary Harvest Turkey Herring Kibble,2026-09-03,16:20:46,meta,1-6 Years,Medium (31lbs to 69lbs),Hill's Science Diet
Culinary Harvest Turkey Herring Kibble,2026-10-05,19:06:58,meta,1-6 Years,Small (up to 30lbs),Wellness Pet Food
Culinary Harvest Turkey Herring Kibble,2026-10-08,23:26:53,smas,7+ Years,Small (up to 30lbs),Other
Culinary Harvest Turkey Herring Kibble,2026-09-12,13:50:55,meta,7+ Years,Small (up to 30lbs),Wellness Pet Food
Culinary Harvest Turkey Herring Kibble,2026-09-23,16:29:51,meta,1-6 Years,Large (70lbs and over),Blue Buffalo
Culinary Harvest Turkey Herring Kibble,2026-09-14,22:27:53,meta,1-6 Years,Medium (31lbs to 69lbs),Purina
Culinary Harvest Turkey Herring Kibble,2026-09-08,19:13:11,meta,1-6 Years,Small (up to 30lbs),Hill's Science Diet
Culinary Harvest Turkey Herring Kibble,2026-10-07,00:16:07,smas,7+ Years,Medium (31lbs to 69lbs),Hill's Science Diet
Culinary Harvest Turkey Herring Kibble,2026-10-07,01:49:07,meta,1-6 Years,Small (up to 30lbs),Wellness Pet Food
Culinary Harvest Turkey Herring Kibble,2026-09-03,00:05:09,meta,1-6 Years,Small (up to 30lbs),Purina
Culinary Harvest Turkey Herring Kibble,2026-10-09,08:50:54,smas,1-6 Years,Large (70lbs and over),Purina
Culinary Harvest Turkey Herring Kibble,2026-10-05,17:46:22,audience_1,7+ Years,Large (70lbs and over),Hill's Science Diet
Culinary Harvest Turkey Herring Kibble,2026-09-01,14:50:16,meta,1-6 Years,Large (70lbs and over),Other
Culinary Harvest Turkey Herring Kibble,2026-10-08,12:53:10,meta,1-6 Years,Medium (31lbs to 69lbs),Blue Buffalo
Culinary Harvest Turkey Herring Kibble,2026-09-25,01:20:32,smas,1-6 Years,Large (70lbs and over),Other
Culinary Harvest Turkey Herring Kibble,2026-10-05,17:47:29,meta,7+ Years,Medium (31lbs to 69lbs),Purina
Culinary Harvest Turkey Herring Kibble,2026-09-08,14:39:24,smas,1-6 Years,Small (up to 30lbs),Hill's Science Diet
Culinary Harvest Turkey Herring Kibble,2026-09-07,18:37:02,smas,1-6 Years,Small (up to 30lbs),Other
Culinary Harvest Turkey Herring Kibble,2026-09-14,15:45:12,meta,1-6 Years,Medium (31lbs to 69lbs),Purina
Culinary Harvest Turkey Herring Kibble,2026-10-06,22:47:48,meta,1-6 Years,Small (up to 30lbs),Purina
Culinary Harvest Turkey Herring Kibble,2026-09-25,04:10:39,meta,7+ Years,Large (70lbs and over),Taste of the Wild
Culinary Harvest Turkey Herring Kibble,2026-09-26,13:04:14,meta,1-6 Years,Medium (31lbs to 69lbs),Nulo
Culinary Harvest Turkey Herring Kibble,2026-09-02,23:21:54,meta,1-6 Years,Medium (31lbs to 69lbs),Other
Culinary Harvest Turkey Herring Kibble,2026-10-06,04:48:35,meta,Under One Year,Medium (31lbs to 69lbs),Other
Culinary Harvest Turkey Herring Kibble,2026-10-07,23:51:54,meta,1-6 Years,Small (up to 30lbs),Hill's Science Diet
Culinary Harvest Turkey Herring Kibble,2026-10-05,17:40:56,meta,1-6 Years,Large (70lbs and over),Other
Culinary Harvest Turkey Herring Kibble,2026-09-04,15:32:18,meta,1-6 Years,Small (up to 30lbs),Purina
Culinary Harvest Turkey Herring Kibble,2026-10-06,18:50:10,smas,1-6 Years,Large (70lbs and over),Blue Buffalo
Culinary Harvest Turkey Herring Kibble,2026-09-09,21:25:41,smas,1-6 Years,Small (up to 30lbs),Other
Culinary Harvest Turkey Herring Kibble,2026-10-09,00:42:04,meta,7+ Years,Medium (31lbs to 69lbs),Other
Culinary Harvest Turkey Herring Kibble,2026-09-14,13:40:46,meta,7+ Years,Medium (31lbs to 69lbs),Blue Buffalo
Culinary Harvest Turkey Herring Kibble,2026-10-06,00:20:08,meta,1-6 Years,Large (70lbs and over),Taste of the Wild
Culinary Harvest Turkey Herring Kibble,2026-09-17,20:26:44,meta,7+ Years,Small (up to 30lbs),Purina
Culinary Harvest Turkey Herring Kibble,2026-09-05,17:38:37,meta,7+ Years,Small (up to 30lbs),Purina
Culinary Harvest Turkey Herring Kibble,2026-10-05,20:41:40,meta,1-6 Years,Small (up to 30lbs),Wellness Pet Food
Culinary Harvest Turkey Herring Kibble,2026-09-23,23:52:53,smas,1-6 Years,Medium (31lbs to 69lbs),Hill's Science Diet
Culinary Harvest Turkey Herring Kibble,2026-09-05,18:59:59,meta,1-6 Years,Small (up to 30lbs),Other
Culinary Harvest Turkey Herring Kibble,2026-09-16,21:11:50,meta,1-6 Years,Small (up to 30lbs),Blue Buffalo
Culinary Harvest Turkey Herring Kibble,2026-09-22,15:42:45,meta,1-6 Years,Small (up to 30lbs),Blue Buffalo
Culinary Harvest Turkey Herring Kibble,2026-09-14,12:05:31,meta,1-6 Years,Medium (31lbs to 69lbs),Other
Culinary Harvest Turkey Herring Kibble,2026-09-04,18:39:55,meta,7+ Years,Large (70lbs and over),Purina
Culinary Harvest Turkey Herring Kibble,2026-10-06,18:08:01,smas,7+ Years,Medium (31lbs to 69lbs),Wellness Pet Food
Culinary Harvest Turkey Herring Kibble,2026-10-07,20:16:37,smas,1-6 Years,Small (up to 30lbs),Other
Culinary Harvest Turkey Herring Kibble,2026-10-09,16:38:20,smas,1-6 Years,Small (up to 30lbs),Other
Culinary Harvest Turkey Herring Kibble,2026-09-23,21:03:53,smas,7+ Years,Small (up to 30lbs),Purina
Culinary Harvest Turkey Herring Kibble,2026-09-07,17:04:24,smas,1-6 Years,Small (up to 30lbs),Stella & Chewy's
Culinary Harvest Turkey Herring Kibble,2026-09-17,09:28:28,meta,1-6 Years,Small (up to 30lbs),Blue Buffalo
Culinary Harvest Turkey Herring Kibble,2026-09-10,00:36:00,smas,7+ Years,Medium (31lbs to 69lbs),Other
Culinary Harvest Turkey Herring Kibble,2026-09-11,17:01:20,meta,1-6 Years,Medium (31lbs to 69lbs),Other
Culinary Harvest Turkey Herring Kibble,2026-09-16,22:36:39,audience_1,7+ Years,Small (up to 30lbs),Other
Culinary Harvest Turkey Herring Kibble,2026-09-11,15:58:46,meta,1-6 Years,Medium (31lbs to 69lbs),Other
Culinary Harvest Turkey Herring Kibble,2026-10-06,04:07:37,meta,1-6 Years,Medium (31lbs to 69lbs),Purina
Culinary Harvest Turkey Herring Kibble,2026-09-22,18:12:15,meta,7+ Years,Medium (31lbs to 69lbs),Hill's Science Diet
Culinary Harvest Turkey Herring Kibble,2026-09-09,20:49:32,smas,1-6 Years,Small (up to 30lbs),Other
Culinary Harvest Turkey Herring Kibble,2026-10-07,03:14:24,meta,1-6 Years,Small (up to 30lbs),Nulo
Culinary Harvest Turkey Herring Kibble,2026-09-15,13:40:53,meta,1-6 Years,Large (70lbs and over),Other
Culinary Harvest Turkey Herring Kibble,2026-10-05,16:10:57,meta,7+ Years,Large (70lbs and over),Purina
Culinary Harvest Turkey Herring Kibble,2026-09-22,13:56:01,meta,1-6 Years,Large (70lbs and over),Purina
Culinary Harvest Turkey Herring Kibble,2026-09-07,18:09:08,smas,1-6 Years,Large (70lbs and over),Other
Culinary Harvest Turkey Herring Kibble,2026-10-06,01:12:19,meta,1-6 Years,Small (up to 30lbs),Taste of the Wild
Culinary Harvest Turkey Herring Kibble,2026-09-28,09:39:08,smas,Under One Year,Medium (31lbs to 69lbs),Open Farm
Culinary Harvest Turkey Herring Kibble,2026-10-07,20:18:31,smas,1-6 Years,Small (up to 30lbs),Other
Culinary Harvest Turkey Herring Kibble,2026-09-04,11:09:20,meta,1-6 Years,Small (up to 30lbs),Blue Buffalo
Culinary Harvest Turkey Herring Kibble,2026-10-05,17:34:56,meta,1-6 Years,Large (70lbs and over),Purina
Culinary Harvest Turkey Herring Kibble,2026-09-09,13:08:23,meta,7+ Years,Small (up to 30lbs),Blue Buffalo
Culinary Harvest Turkey Herring Kibble,2026-10-09,16:37:04,smas,7+ Years,Medium (31lbs to 69lbs),Other
Culinary Harvest Turkey Herring Kibble,2026-09-24,14:13:44,smas,7+ Years,Small (up to 30lbs),Purina
Culinary Harvest Turkey Herring Kibble,2026-10-06,23:12:38,meta,1-6 Years,Medium (31lbs to 69lbs),Other
Culinary Harvest Turkey Herring Kibble,2026-09-11,00:31:27,meta,1-6 Years,Small (up to 30lbs),Other
Culinary Harvest Turkey Herring Kibble,2026-10-08,21:50:29,smas,1-6 Years,Medium (31lbs to 69lbs),Taste of the Wild
Culinary Harvest Turkey Herring Kibble,2026-10-08,21:10:06,smas,Under One Year,Small (up to 30lbs),Purina
Culinary Harvest Turkey Herring Kibble,2026-10-08,03:58:43,smas,1-6 Years,Medium (31lbs to 69lbs),Hill's Science Diet
Culinary Harvest Turkey Herring Kibble,2026-10-08,23:39:36,smas,7+ Years,Small (up to 30lbs),Nulo
Culinary Harvest Turkey Herring Kibble,2026-10-07,22:35:38,smas,7+ Years,Large (70lbs and over),Wellness Pet Food
Culinary Harvest Turkey Herring Kibble,2026-09-02,18:23:11,meta,7+ Years,Small (up to 30lbs),Other
Culinary Harvest Turkey Herring Kibble,2026-10-05,19:02:02,meta,7+ Years,Medium (31lbs to 69lbs),Hill's Science Diet
Culinary Harvest Turkey Herring Kibble,2026-09-14,00:26:22,meta,7+ Years,Small (up to 30lbs),Other
Culinary Harvest Turkey Herring Kibble,2026-09-23,22:44:02,smas,7+ Years,Small (up to 30lbs),Other
Culinary Harvest Turkey Herring Kibble,2026-09-21,15:39:39,meta,1-6 Years,Small (up to 30lbs),Purina
Culinary Harvest Turkey Herring Kibble,2026-09-06,18:52:00,meta,7+ Years,Small (up to 30lbs),Purina
Culinary Harvest Turkey Herring Kibble,2026-09-24,11:55:40,smas,1-6 Years,Medium (31lbs to 69lbs),Other
Culinary Harvest Turkey Herring Kibble,2026-09-15,20:00:31,meta,7+ Years,Medium (31lbs to 69lbs),Other
Culinary Harvest Turkey Herring Kibble,2026-09-18,13:07:30,meta,1-6 Years,Large (70lbs and over),Other
Culinary Harvest Turkey Herring Kibble,2026-09-14,22:56:15,meta,7+ Years,Small (up to 30lbs),Purina
Culinary Harvest Turkey Herring Kibble,2026-10-09,16:27:46,meta,1-6 Years,Medium (31lbs to 69lbs),Purina
Culinary Harvest Turkey Herring Kibble,2026-10-08,22:23:30,meta,1-6 Years,Large (70lbs and over),Taste of the Wild
Culinary Harvest Turkey Herring Kibble,2026-10-06,19:09:30,smas,Under One Year,Small (up to 30lbs),Other
Culinary Harvest Turkey Herring Kibble,2026-10-05,23:40:28,meta,1-6 Years,Small (up to 30lbs),Hill's Science Diet
Culinary Harvest Turkey Herring Kibble,2026-09-05,16:22:28,meta,7+ Years,Large (70lbs and over),Other
Culinary Harvest Turkey Herring Kibble,2026-09-23,03:28:35,meta,Under One Year,Small (up to 30lbs),Stella & Chewy's
Culinary Harvest Turkey Herring Kibble,2026-09-23,21:58:20,smas,7+ Years,Large (70lbs and over),Wellness Pet Food
Culinary Harvest Turkey Herring Kibble,2026-10-05,17:00:48,meta,1-6 Years,Large (70lbs and over),Blue Buffalo
Culinary Harvest Turkey Herring Kibble,2026-10-05,22:44:31,meta,1-6 Years,Large (70lbs and over),Purina
Culinary Harvest Turkey Herring Kibble,2026-09-26,01:29:30,meta,Under One Year,Small (up to 30lbs),Blue Buffalo
Culinary Harvest Turkey Herring Kibble,2026-09-24,03:04:22,meta,1-6 Years,Medium (31lbs to 69lbs),Blue Buffalo
Culinary Harvest Turkey Herring Kibble,2026-10-05,15:03:45,meta,1-6 Years,Small (up to 30lbs),Purina
Culinary Harvest Turkey Herring Kibble,2026-10-06,02:21:04,meta,7+ Years,Medium (31lbs to 69lbs),Wellness Pet Food
Culinary Harvest Turkey Herring Kibble,2026-10-07,01:23:02,meta,7+ Years,Medium (31lbs to 69lbs),Other
Culinary Harvest Turkey Herring Kibble,2026-09-05,23:43:42,meta,1-6 Years,Medium (31lbs to 69lbs),Purina
Culinary Harvest Turkey Herring Kibble,2026-10-05,16:53:36,meta,1-6 Years,Medium (31lbs to 69lbs),Other
Culinary Harvest Turkey Herring Kibble,2026-10-06,21:49:31,meta,1-6 Years,Small (up to 30lbs),Purina
Culinary Harvest Turkey Herring Kibble,2026-10-09,01:43:02,smas,1-6 Years,Large (70lbs and over),Other
Culinary Harvest Turkey Herring Kibble,2026-09-09,20:51:41,smas,1-6 Years,Medium (31lbs to 69lbs),Other
Culinary Harvest Turkey Herring Kibble,2026-09-22,22:31:24,meta,1-6 Years,Small (up to 30lbs),Purina
Culinary Harvest Turkey Herring Kibble,2026-09-07,18:08:01,smas,1-6 Years,Small (up to 30lbs),Other
Culinary Harvest Turkey Herring Kibble,2026-09-09,20:33:25,smas,1-6 Years,Small (up to 30lbs),Other
Culinary Harvest Turkey Herring Kibble,2026-09-10,01:08:19,smas,7+ Years,Medium (31lbs to 69lbs),Purina
Culinary Harvest Turkey Herring Kibble,2026-10-06,03:23:49,meta,7+ Years,Medium (31lbs to 69lbs),Other
Culinary Harvest Turkey Herring Kibble,2026-09-07,17:03:58,smas,Under One Year,Large (70lbs and over),Other
Culinary Harvest Turkey Herring Kibble,2026-09-11,23:12:19,meta,1-6 Years,Medium (31lbs to 69lbs),Purina
Culinary Harvest Turkey Herring Kibble,2026-10-06,01:44:36,meta,1-6 Years,Small (up to 30lbs),Purina
Culinary Harvest Turkey Herring Kibble,2026-09-02,20:38:31,meta,1-6 Years,Small (up to 30lbs),Taste of the Wild
Culinary Harvest Turkey Herring Kibble,2026-09-05,15:43:04,meta,Under One Year,Small (up to 30lbs),Blue Buffalo
Culinary Harvest Turkey Herring Kibble,2026-09-12,01:13:00,meta,7+ Years,Small (up to 30lbs),Other
Culinary Harvest Turkey Herring Kibble,2026-09-07,18:14:59,smas,7+ Years,Large (70lbs and over),Purina
Culinary Harvest Turkey Herring Kibble,2026-09-23,21:36:36,smas,Under One Year,Small (up to 30lbs),Hill's Science Diet
Culinary Harvest Turkey Herring Kibble,2026-09-07,17:13:37,smas,1-6 Years,Small (up to 30lbs),Purina
Culinary Harvest Turkey Herring Kibble,2026-10-08,21:18:07,smas,1-6 Years,Small (up to 30lbs),Other
Culinary Harvest Turkey Herring Kibble,2026-09-23,21:44:33,smas,1-6 Years,Medium (31lbs to 69lbs),Purina
Culinary Harvest Turkey Herring Kibble,2026-09-30,09:42:11,smas,1-6 Years,Medium (31lbs to 69lbs),Other
Culinary Harvest Turkey Herring Kibble,2026-10-09,14:30:08,meta,7+ Years,Small (up to 30lbs),Other
Culinary Harvest Turkey Herring Kibble,2026-09-23,16:51:49,meta,7+ Years,Large (70lbs and over),Other
Culinary Harvest Turkey Herring Kibble,2026-10-06,17:56:02,smas,1-6 Years,Medium (31lbs to 69lbs),Blue Buffalo
Culinary Harvest Turkey Herring Kibble,2026-09-21,21:09:27,meta,7+ Years,Medium (31lbs to 69lbs),Purina
Culinary Harvest Turkey Herring Kibble,2026-09-10,01:12:44,smas,7+ Years,Small (up to 30lbs),Wellness Pet Food
Culinary Harvest Turkey Herring Kibble,2026-10-08,00:09:57,smas,7+ Years,Medium (31lbs to 69lbs),Purina
Culinary Harvest Turkey Herring Kibble,2026-09-16,14:40:04,meta,1-6 Years,Medium (31lbs to 69lbs),Purina
Culinary Harvest Turkey Herring Kibble,2026-09-22,18:07:34,meta,1-6 Years,Medium (31lbs to 69lbs),Purina
Culinary Harvest Turkey Herring Kibble,2026-10-08,07:26:57,meta,7+ Years,Medium (31lbs to 69lbs),Blue Buffalo
Culinary Harvest Turkey Herring Kibble,2026-09-18,11:06:29,meta,1-6 Years,Small (up to 30lbs),Hill's Science Diet
Culinary Harvest Turkey Herring Kibble,2026-09-15,16:22:23,meta,1-6 Years,Small (up to 30lbs),Purina
Culinary Harvest Turkey Herring Kibble,2026-09-08,11:50:03,meta,7+ Years,Small (up to 30lbs),Blue Buffalo
Culinary Harvest Turkey Herring Kibble,2026-09-01,22:06:49,meta,1-6 Years,Large (70lbs and over),Other
Culinary Harvest Turkey Herring Kibble,2026-09-24,22:55:14,audience_1,7+ Years,Small (up to 30lbs),Other
Culinary Harvest Turkey Herring Kibble,2026-09-09,00:15:35,meta,1-6 Years,Medium (31lbs to 69lbs),Blue Buffalo
Culinary Harvest Turkey Herring Kibble,2026-09-07,17:15:42,smas,1-6 Years,Small (up to 30lbs),Blue Buffalo
Culinary Harvest Turkey Herring Kibble,2026-10-05,17:16:35,audience_1,1-6 Years,Small (up to 30lbs),Stella & Chewy's
Culinary Harvest Turkey Herring Kibble,2026-10-08,21:11:15,smas,1-6 Years,Medium (31lbs to 69lbs),Blue Buffalo
Culinary Harvest Turkey Herring Kibble,2026-10-07,01:06:57,meta,1-6 Years,Small (up to 30lbs),Purina
Culinary Harvest Turkey Herring Kibble,2026-10-08,23:35:37,smas,1-6 Years,Small (up to 30lbs),Stella & Chewy's
Culinary Harvest Turkey Herring Kibble,2026-09-15,01:48:11,meta,7+ Years,Small (up to 30lbs),Other
Culinary Harvest Turkey Herring Kibble,2026-09-15,20:35:02,audience_1,1-6 Years,Small (up to 30lbs),Merrick
Culinary Harvest Turkey Herring Kibble,2026-09-09,23:54:58,smas,7+ Years,Small (up to 30lbs),Purina
Culinary Harvest Turkey Herring Kibble,2026-09-24,10:20:49,smas,1-6 Years,Large (70lbs and over),Purina
Culinary Harvest Turkey Herring Kibble,2026-09-27,00:18:17,smas,1-6 Years,Medium (31lbs to 69lbs),Hill's Science Diet
Culinary Harvest Turkey Herring Kibble,2026-10-08,21:28:16,meta,7+ Years,Small (up to 30lbs),Hill's Science Diet
Culinary Harvest Turkey Herring Kibble,2026-09-24,00:32:42,smas,1-6 Years,Medium (31lbs to 69lbs),Purina
Culinary Harvest Turkey Herring Kibble,2026-09-23,23:45:57,smas,Under One Year,Small (up to 30lbs),Blue Buffalo
Culinary Harvest Turkey Herring Kibble,2026-10-08,00:41:23,smas,7+ Years,Small (up to 30lbs),Purina
Culinary Harvest Turkey Herring Kibble,2026-09-15,00:33:04,meta,1-6 Years,Medium (31lbs to 69lbs),Other
Culinary Harvest Turkey Herring Kibble,2026-10-07,00:48:24,smas,1-6 Years,Large (70lbs and over),Blue Buffalo
Culinary Harvest Turkey Herring Kibble,2026-09-08,00:07:49,smas,1-6 Years,Medium (31lbs to 69lbs),Purina
Culinary Harvest Turkey Herring Kibble,2026-09-23,21:09:40,smas,1-6 Years,Medium (31lbs to 69lbs),Purina
Culinary Harvest Turkey Herring Kibble,2026-10-06,17:50:03,smas,7+ Years,Small (up to 30lbs),Other
Culinary Harvest Turkey Herring Kibble,2026-10-07,04:33:36,meta,1-6 Years,Small (up to 30lbs),Blue Buffalo
Culinary Harvest Turkey Herring Kibble,2026-10-08,21:54:41,smas,1-6 Years,Medium (31lbs to 69lbs),Blue Buffalo
Culinary Harvest Turkey Herring Kibble,2026-10-06,03:45:47,meta,1-6 Years,Medium (31lbs to 69lbs),Other
Culinary Harvest Turkey Herring Kibble,2026-10-08,14:08:43,meta,7+ Years,Large (70lbs and over),Merrick
Culinary Harvest Turkey Herring Kibble,2026-10-08,22:18:29,smas,1-6 Years,Medium (31lbs to 69lbs),Other
Culinary Harvest Turkey Herring Kibble,2026-09-06,19:25:50,meta,1-6 Years,Small (up to 30lbs),Other
Culinary Harvest Turkey Herring Kibble,2026-09-02,11:40:39,meta,7+ Years,Small (up to 30lbs),Purina
Culinary Harvest Turkey Herring Kibble,2026-10-08,21:06:11,smas,1-6 Years,Large (70lbs and over),Purina
Culinary Harvest Turkey Herring Kibble,2026-09-23,18:10:03,meta,1-6 Years,Small (up to 30lbs),Hill's Science Diet
Culinary Harvest Turkey Herring Kibble,2026-10-07,20:18:36,smas,7+ Years,Large (70lbs and over),Other
Culinary Harvest Turkey Herring Kibble,2026-09-01,15:13:47,meta,7+ Years,Small (up to 30lbs),Orijen
Culinary Harvest Turkey Herring Kibble,2026-10-07,22:45:03,smas,1-6 Years,Large (70lbs and over),Purina
Culinary Harvest Turkey Herring Kibble,2026-09-16,13:16:25,meta,7+ Years,Large (70lbs and over),Merrick
Culinary Harvest Turkey Herring Kibble,2026-10-08,02:51:07,smas,1-6 Years,Small (up to 30lbs),Other
Culinary Harvest Turkey Herring Kibble,2026-10-09,17:50:05,smas,1-6 Years,Small (up to 30lbs),Purina
Culinary Harvest Turkey Herring Kibble,2026-09-07,00:53:06,meta,7+ Years,Medium (31lbs to 69lbs),Purina
Culinary Harvest Turkey Herring Kibble,2026-09-24,01:25:36,smas,1-6 Years,Small (up to 30lbs),Purina
Culinary Harvest Turkey Herring Kibble,2026-10-06,17:50:16,meta,1-6 Years,Small (up to 30lbs),Other
Culinary Harvest Turkey Herring Kibble,2026-09-02,01:33:07,meta,7+ Years,Large (70lbs and over),Blue Buffalo
Culinary Harvest Turkey Herring Kibble,2026-10-09,13:44:24,meta,7+ Years,Small (up to 30lbs),Other
Culinary Harvest Turkey Herring Kibble,2026-10-08,21:06:28,smas,7+ Years,Small (up to 30lbs),Purina
Culinary Harvest Turkey Herring Kibble,2026-09-27,09:00:25,smas,1-6 Years,Medium (31lbs to 69lbs),Purina
Culinary Harvest Turkey Herring Kibble,2026-09-07,11:35:05,meta,7+ Years,Small (up to 30lbs),Hill's Science Diet
Culinary Harvest Turkey Herring Kibble,2026-09-12,12:23:43,meta,1-6 Years,Small (up to 30lbs),Blue Buffalo
Culinary Harvest Turkey Herring Kibble,2026-09-13,22:01:44,meta,7+ Years,Small (up to 30lbs),Purina
Culinary Harvest Turkey Herring Kibble,2026-09-23,23:54:18,smas,7+ Years,Small (up to 30lbs),Other
Culinary Harvest Turkey Herring Kibble,2026-10-09,01:59:13,meta,7+ Years,Small (up to 30lbs),Other
Culinary Harvest Turkey Herring Kibble,2026-09-15,19:34:20,audience_1,1-6 Years,Medium (31lbs to 69lbs),Hill's Science Diet
Culinary Harvest Turkey Herring Kibble,2026-09-18,15:00:24,audience_1,1-6 Years,Small (up to 30lbs),Blue Buffalo
Culinary Harvest Turkey Herring Kibble,2026-10-06,22:15:46,meta,7+ Years,Small (up to 30lbs),Purina
Culinary Harvest Turkey Herring Kibble,2026-09-07,19:06:55,smas,1-6 Years,Small (up to 30lbs),Purina
Culinary Harvest Turkey Herring Kibble,2026-10-10,03:47:18,meta,1-6 Years,Small (up to 30lbs),Blue Buffalo
Culinary Harvest Turkey Herring Kibble,2026-09-16,13:47:26,meta,1-6 Years,Small (up to 30lbs),Blue Buffalo
Culinary Harvest Turkey Herring Kibble,2026-09-01,18:11:41,meta,7+ Years,Medium (31lbs to 69lbs),Stella & Chewy's
Culinary Harvest Turkey Herring Kibble,2026-09-23,01:27:07,meta,1-6 Years,Small (up to 30lbs),Hill's Science Diet
Culinary Harvest Turkey Herring Kibble,2026-09-06,17:28:58,meta,1-6 Years,Large (70lbs and over),Purina
Culinary Harvest Turkey Herring Kibble,2026-10-05,19:33:30,meta,1-6 Years,Large (70lbs and over),Other
Culinary Harvest Turkey Herring Kibble,2026-09-07,17:55:31,smas,1-6 Years,Medium (31lbs to 69lbs),Other
Culinary Harvest Turkey Herring Kibble,2026-10-08,20:58:38,smas,7+ Years,Small (up to 30lbs),Taste of the Wild
Culinary Harvest Turkey Herring Kibble,2026-09-26,21:08:11,smas,1-6 Years,Medium (31lbs to 69lbs),Blue Buffalo
Culinary Harvest Turkey Herring Kibble,2026-10-08,17:24:42,meta,Under One Year,Medium (31lbs to 69lbs),Other
Culinary Harvest Turkey Herring Kibble,2026-09-23,21:12:48,smas,1-6 Years,Medium (31lbs to 69lbs),Purina
Culinary Harvest Turkey Herring Kibble,2026-10-06,23:30:24,meta,1-6 Years,Large (70lbs and over),Open Farm
Culinary Harvest Turkey Herring Kibble,2026-09-02,22:41:19,meta,1-6 Years,Small (up to 30lbs),Other
Culinary Harvest Turkey Herring Kibble,2026-09-07,23:48:43,smas,1-6 Years,Large (70lbs and over),Nulo
Culinary Harvest Turkey Herring Kibble,2026-10-09,16:28:25,meta,7+ Years,Small (up to 30lbs),Purina
Culinary Harvest Turkey Herring Kibble,2026-09-07,20:10:12,smas,1-6 Years,Small (up to 30lbs),Hill's Science Diet
Culinary Harvest Turkey Herring Kibble,2026-10-06,02:52:21,meta,7+ Years,Medium (31lbs to 69lbs),Blue Buffalo
Culinary Harvest Turkey Herring Kibble,2026-10-08,21:36:33,smas,7+ Years,Small (up to 30lbs),Other
Culinary Harvest Turkey Herring Kibble,2026-09-22,22:01:43,meta,1-6 Years,Large (70lbs and over),Hill's Science Diet
Culinary Harvest Turkey Herring Kibble,2026-10-05,16:25:24,meta,1-6 Years,Small (up to 30lbs),Blue Buffalo
Culinary Harvest Turkey Herring Kibble,2026-09-24,18:01:29,meta,1-6 Years,Small (up to 30lbs),Other
Culinary Harvest Turkey Herring Kibble,2026-10-10,13:47:05,meta,7+ Years,Small (up to 30lbs),Other
Culinary Harvest Turkey Herring Kibble,2026-09-22,05:07:22,meta,1-6 Years,Small (up to 30lbs),Taste of the Wild
Culinary Harvest Turkey Herring Kibble,2026-09-07,17:26:32,smas,1-6 Years,Small (up to 30lbs),Blue Buffalo
Culinary Harvest Turkey Herring Kibble,2026-09-08,23:23:49,smas,1-6 Years,Large (70lbs and over),Purina
Culinary Harvest Turkey Herring Kibble,2026-10-07,18:25:49,meta,1-6 Years,Small (up to 30lbs),Blue Buffalo
Culinary Harvest Turkey Herring Kibble,2026-09-03,07:58:12,meta,1-6 Years,Medium (31lbs to 69lbs),Hill's Science Diet
Culinary Harvest Turkey Herring Kibble,2026-09-08,18:46:32,meta,1-6 Years,Large (70lbs and over),Open Farm
Culinary Harvest Turkey Herring Kibble,2026-09-15,15:52:13,audience_1,1-6 Years,Medium (31lbs to 69lbs),Purina
Culinary Harvest Turkey Herring Kibble,2026-10-09,19:48:57,meta,1-6 Years,Medium (31lbs to 69lbs),Other
Culinary Harvest Turkey Herring Kibble,2026-09-03,20:36:29,meta,7+ Years,Small (up to 30lbs),Nulo
Culinary Harvest Turkey Herring Kibble,2026-10-09,22:51:29,smas,7+ Years,Small (up to 30lbs),Other
Culinary Harvest Turkey Herring Kibble,2026-09-01,19:49:57,meta,1-6 Years,Medium (31lbs to 69lbs),Other
Culinary Harvest Turkey Herring Kibble,2026-10-07,23:00:44,smas,7+ Years,Small (up to 30lbs),Blue Buffalo
Culinary Harvest Turkey Herring Kibble,2026-09-11,22:05:05,meta,7+ Years,Small (up to 30lbs),Blue Buffalo
Culinary Harvest Turkey Herring Kibble,2026-09-04,17:33:01,meta,1-6 Years,Large (70lbs and over),Wellness Pet Food
Culinary Harvest Turkey Herring Kibble,2026-09-23,21:32:16,smas,1-6 Years,Medium (31lbs to 69lbs),Hill's Science Diet
Culinary Harvest Turkey Herring Kibble,2026-09-23,23:46:41,smas,7+ Years,Small (up to 30lbs),Other
Culinary Harvest Turkey Herring Kibble,2026-09-21,16:28:59,meta,1-6 Years,Small (up to 30lbs),Other
Culinary Harvest Turkey Herring Kibble,2026-09-14,17:58:29,audience_1,7+ Years,Medium (31lbs to 69lbs),Purina
Culinary Harvest Turkey Herring Kibble,2026-10-06,18:17:11,smas,1-6 Years,Medium (31lbs to 69lbs),Other
Culinary Harvest Turkey Herring Kibble,2026-09-17,15:31:12,meta,1-6 Years,Medium (31lbs to 69lbs),Other
Culinary Harvest Turkey Herring Kibble,2026-09-07,17:35:53,smas,7+ Years,Small (up to 30lbs),Other
Culinary Harvest Turkey Herring Kibble,2026-09-10,20:15:08,smas,1-6 Years,Medium (31lbs to 69lbs),Purina
Culinary Harvest Turkey Herring Kibble,2026-09-23,22:10:54,smas,1-6 Years,Large (70lbs and over),Nutri Source
Culinary Harvest Turkey Herring Kibble,2026-10-06,18:48:30,smas,1-6 Years,Small (up to 30lbs),Blue Buffalo
Culinary Harvest Turkey Herring Kibble,2026-10-07,23:12:40,smas,1-6 Years,Small (up to 30lbs),Purina
Culinary Harvest Turkey Herring Kibble,2026-10-08,21:36:31,smas,7+ Years,Small (up to 30lbs),Blue Buffalo
Culinary Harvest Turkey Herring Kibble,2026-09-10,02:51:43,meta,1-6 Years,Medium (31lbs to 69lbs),Stella & Chewy's
Culinary Harvest Turkey Herring Kibble,2026-09-05,14:21:06,meta,7+ Years,Small (up to 30lbs),Other
Culinary Harvest Turkey Herring Kibble,2026-10-05,14:51:40,meta,7+ Years,Medium (31lbs to 69lbs),Merrick
Culinary Harvest Turkey Herring Kibble,2026-09-24,01:00:08,smas,1-6 Years,Medium (31lbs to 69lbs),Purina
Culinary Harvest Turkey Herring Kibble,2026-09-11,02:22:34,meta,7+ Years,Small (up to 30lbs),Other
Culinary Harvest Turkey Herring Kibble,2026-09-23,21:07:09,smas,1-6 Years,Medium (31lbs to 69lbs),Other
Culinary Harvest Turkey Herring Kibble,2026-09-07,22:22:30,meta,Under One Year,Medium (31lbs to 69lbs),Purina
Culinary Harvest Turkey Herring Kibble,2026-09-26,00:30:14,meta,7+ Years,Medium (31lbs to 69lbs),Blue Buffalo
Culinary Harvest Turkey Herring Kibble,2026-09-15,13:13:22,audience_1,Under One Year,Medium (31lbs to 69lbs),Hill's Science Diet
Culinary Harvest Turkey Herring Kibble,2026-09-23,21:23:35,smas,1-6 Years,Large (70lbs and over),Purina
Culinary Harvest Turkey Herring Kibble,2026-09-22,12:46:15,meta,7+ Years,Medium (31lbs to 69lbs),Other
Culinary Harvest Turkey Herring Kibble,2026-09-11,23:31:53,meta,1-6 Years,Large (70lbs and over),Purina
Culinary Harvest Turkey Herring Kibble,2026-09-02,07:34:54,meta,7+ Years,Small (up to 30lbs),Hill's Science Diet
Culinary Harvest Turkey Herring Kibble,2026-09-23,21:05:14,smas,7+ Years,Small (up to 30lbs),Taste of the Wild
Culinary Harvest Turkey Herring Kibble,2026-10-05,17:56:54,audience_1,7+ Years,Small (up to 30lbs),Orijen
Culinary Harvest Turkey Herring Kibble,2026-10-08,21:09:05,smas,7+ Years,Small (up to 30lbs),Other
Culinary Harvest Turkey Herring Kibble,2026-09-03,00:24:19,meta,1-6 Years,Large (70lbs and over),Purina
Culinary Harvest Turkey Herring Kibble,2026-09-09,20:36:52,smas,7+ Years,Medium (31lbs to 69lbs),Blue Buffalo
Culinary Harvest Turkey Herring Kibble,2026-10-09,17:53:28,smas,7+ Years,Medium (31lbs to 69lbs),Taste of the Wild
Culinary Harvest Turkey Herring Kibble,2026-09-23,22:32:03,smas,7+ Years,Small (up to 30lbs),Purina
Culinary Harvest Turkey Herring Kibble,2026-09-05,22:46:34,meta,1-6 Years,Medium (31lbs to 69lbs),Other
Culinary Harvest Turkey Herring Kibble,2026-10-06,13:31:17,meta,1-6 Years,Small (up to 30lbs),Blue Buffalo
Culinary Harvest Turkey Herring Kibble,2026-09-14,04:08:39,meta,1-6 Years,Medium (31lbs to 69lbs),Blue Buffalo
Culinary Harvest Turkey Herring Kibble,2026-10-07,19:52:59,smas,7+ Years,Small (up to 30lbs),Nulo
Culinary Harvest Turkey Herring Kibble,2026-09-11,00:55:58,meta,7+ Years,Large (70lbs and over),Other
Culinary Harvest Turkey Herring Kibble,2026-10-05,19:03:41,meta,1-6 Years,Large (70lbs and over),Blue Buffalo
Culinary Harvest Turkey Herring Kibble,2026-09-23,22:35:38,smas,1-6 Years,Medium (31lbs to 69lbs),Purina
Culinary Harvest Turkey Herring Kibble,2026-09-08,15:04:29,smas,7+ Years,Medium (31lbs to 69lbs),Blue Buffalo
Culinary Harvest Turkey Herring Kibble,2026-10-06,15:08:54,meta,1-6 Years,Medium (31lbs to 69lbs),Other
Culinary Harvest Turkey Herring Kibble,2026-10-08,05:11:04,smas,7+ Years,Small (up to 30lbs),Nulo
Culinary Harvest Turkey Herring Kibble,2026-10-08,23:59:23,smas,1-6 Years,Medium (31lbs to 69lbs),Purina
Culinary Harvest Turkey Herring Kibble,2026-09-25,06:07:02,meta,7+ Years,Medium (31lbs to 69lbs),Other
Culinary Harvest Turkey Herring Kibble,2026-09-06,20:46:50,meta,7+ Years,Small (up to 30lbs),Hill's Science Diet
Culinary Harvest Turkey Herring Kibble,2026-10-05,15:26:30,meta,7+ Years,Large (70lbs and over),Other
Culinary Harvest Turkey Herring Kibble,2026-10-09,05:25:27,meta,7+ Years,Small (up to 30lbs),Other
Culinary Harvest Turkey Herring Kibble,2026-09-12,06:39:10,meta,1-6 Years,Medium (31lbs to 69lbs),Blue Buffalo
Culinary Harvest Turkey Herring Kibble,2026-09-25,12:39:22,audience_1,1-6 Years,Small (up to 30lbs),Blue Buffalo
Culinary Harvest Turkey Herring Kibble,2026-10-05,22:08:25,meta,1-6 Years,Medium (31lbs to 69lbs),Taste of the Wild
Culinary Harvest Turkey Herring Kibble,2026-09-22,18:53:05,meta,7+ Years,Medium (31lbs to 69lbs),Purina
Culinary Harvest Turkey Herring Kibble,2026-09-03,05:22:19,meta,1-6 Years,Medium (31lbs to 69lbs),Purina
Culinary Harvest Turkey Herring Kibble,2026-09-11,10:33:10,meta,1-6 Years,Small (up to 30lbs),Hill's Science Diet
Culinary Harvest Turkey Herring Kibble,2026-10-07,05:15:40,meta,1-6 Years,Medium (31lbs to 69lbs),Other
Culinary Harvest Turkey Herring Kibble,2026-09-02,20:11:22,meta,1-6 Years,Large (70lbs and over),Purina
Culinary Harvest Turkey Herring Kibble,2026-09-04,22:12:14,meta,1-6 Years,Small (up to 30lbs),Blue Buffalo
Culinary Harvest Turkey Herring Kibble,2026-10-06,18:28:25,smas,1-6 Years,Small (up to 30lbs),Other
Culinary Harvest Turkey Herring Kibble,2026-09-22,16:44:46,meta,7+ Years,Large (70lbs and over),Other
Culinary Harvest Turkey Herring Kibble,2026-09-22,23:17:01,meta,7+ Years,Medium (31lbs to 69lbs),Other
Culinary Harvest Turkey Herring Kibble,2026-09-07,19:27:24,meta,1-6 Years,Small (up to 30lbs),Other
Culinary Harvest Turkey Herring Kibble,2026-10-06,22:32:38,smas,7+ Years,Small (up to 30lbs),Other
Culinary Harvest Turkey Herring Kibble,2026-09-23,21:45:37,smas,7+ Years,Small (up to 30lbs),Purina
Culinary Harvest Turkey Herring Kibble,2026-10-06,19:44:09,smas,1-6 Years,Medium (31lbs to 69lbs),Purina
Culinary Harvest Turkey Herring Kibble,2026-09-03,01:02:28,meta,1-6 Years,Medium (31lbs to 69lbs),Blue Buffalo
Culinary Harvest Turkey Herring Kibble,2026-10-08,22:25:39,smas,1-6 Years,Small (up to 30lbs),Hill's Science Diet
Culinary Harvest Turkey Herring Kibble,2026-09-22,02:22:18,meta,1-6 Years,Small (up to 30lbs),Taste of the Wild
Culinary Harvest Turkey Herring Kibble,2026-09-14,20:54:18,meta,1-6 Years,Small (up to 30lbs),Blue Buffalo
Culinary Harvest Turkey Herring Kibble,2026-09-24,14:50:48,meta,1-6 Years,Medium (31lbs to 69lbs),Blue Buffalo
Culinary Harvest Turkey Herring Kibble,2026-10-06,18:05:35,smas,1-6 Years,Small (up to 30lbs),Purina
Culinary Harvest Turkey Herring Kibble,2026-10-08,09:50:17,meta,7+ Years,Small (up to 30lbs),Other
Culinary Harvest Turkey Herring Kibble,2026-10-06,00:17:35,meta,7+ Years,Medium (31lbs to 69lbs),Purina
Culinary Harvest Turkey Herring Kibble,2026-09-02,20:08:13,meta,1-6 Years,Small (up to 30lbs),Blue Buffalo
Culinary Harvest Turkey Herring Kibble,2026-10-06,20:01:56,smas,1-6 Years,Small (up to 30lbs),Blue Buffalo
Culinary Harvest Turkey Herring Kibble,2026-10-07,20:06:50,smas,7+ Years,Small (up to 30lbs),Other
Culinary Harvest Turkey Herring Kibble,2026-09-16,02:15:40,audience_1,7+ Years,Large (70lbs and over),Other
Culinary Harvest Turkey Herring Kibble,2026-10-09,17:05:16,smas,7+ Years,Medium (31lbs to 69lbs),Taste of the Wild
Culinary Harvest Turkey Herring Kibble,2026-10-08,03:28:08,meta,1-6 Years,Medium (31lbs to 69lbs),Other
Culinary Harvest Turkey Herring Kibble,2026-09-15,14:35:15,meta,7+ Years,Small (up to 30lbs),Other
Culinary Harvest Turkey Herring Kibble,2026-10-08,21:14:20,smas,7+ Years,Medium (31lbs to 69lbs),Other
Culinary Harvest Turkey Herring Kibble,2026-09-22,12:41:37,meta,7+ Years,Large (70lbs and over),Other
Culinary Harvest Turkey Herring Kibble,2026-10-06,18:09:25,smas,1-6 Years,Medium (31lbs to 69lbs),Purina
Culinary Harvest Turkey Herring Kibble,2026-09-22,02:34:39,meta,7+ Years,Medium (31lbs to 69lbs),Other
Culinary Harvest Turkey Herring Kibble,2026-10-07,02:10:30,meta,7+ Years,Medium (31lbs to 69lbs),Purina
Culinary Harvest Turkey Herring Kibble,2026-09-11,17:25:24,meta,1-6 Years,Medium (31lbs to 69lbs),Blue Buffalo
Culinary Harvest Turkey Herring Kibble,2026-10-06,19:01:22,smas,1-6 Years,Medium (31lbs to 69lbs),Purina
Culinary Harvest Turkey Herring Kibble,2026-09-25,08:28:33,smas,7+ Years,Small (up to 30lbs),Merrick
Culinary Harvest Turkey Herring Kibble,2026-10-06,02:46:22,meta,1-6 Years,Medium (31lbs to 69lbs),Purina
Culinary Harvest Turkey Herring Kibble,2026-09-03,00:51:14,meta,1-6 Years,Medium (31lbs to 69lbs),Other
Culinary Harvest Turkey Herring Kibble,2026-10-07,00:05:01,meta,7+ Years,Large (70lbs and over),Other
Culinary Harvest Turkey Herring Kibble,2026-09-16,10:00:44,audience_1,7+ Years,Large (70lbs and over),Other
Culinary Harvest Turkey Herring Kibble,2026-10-09,20:28:05,meta,Under One Year,Small (up to 30lbs),Blue Buffalo
Culinary Harvest Turkey Herring Kibble,2026-10-08,22:15:35,smas,1-6 Years,Medium (31lbs to 69lbs),Other
Culinary Harvest Turkey Herring Kibble,2026-09-14,18:34:29,audience_1,7+ Years,Small (up to 30lbs),Other
Culinary Harvest Turkey Herring Kibble,2026-09-23,12:47:11,meta,1-6 Years,Medium (31lbs to 69lbs),Blue Buffalo
Culinary Harvest Turkey Herring Kibble,2026-09-04,21:31:54,meta,1-6 Years,Large (70lbs and over),Purina
Culinary Harvest Turkey Herring Kibble,2026-10-08,21:07:54,smas,1-6 Years,Medium (31lbs to 69lbs),Purina
Culinary Harvest Turkey Herring Kibble,2026-10-09,00:23:39,smas,Under One Year,Small (up to 30lbs),Other
Culinary Harvest Turkey Herring Kibble,2026-09-23,22:34:26,smas,7+ Years,Medium (31lbs to 69lbs),Other
Culinary Harvest Turkey Herring Kibble,2026-09-07,18:14:32,smas,7+ Years,Small (up to 30lbs),Other
Culinary Harvest Turkey Herring Kibble,2026-10-07,20:23:44,smas,7+ Years,Small (up to 30lbs),Blue Buffalo
Culinary Harvest Turkey Herring Kibble,2026-10-09,06:37:03,smas,1-6 Years,Small (up to 30lbs),Blue Buffalo
Culinary Harvest Turkey Herring Kibble,2026-09-11,21:48:25,meta,1-6 Years,Medium (31lbs to 69lbs),Purina
Culinary Harvest Turkey Herring Kibble,2026-09-27,13:27:57,smas,7+ Years,Medium (31lbs to 69lbs),Purina
Culinary Harvest Turkey Herring Kibble,2026-09-16,21:29:59,meta,7+ Years,Large (70lbs and over),Fromm
Culinary Harvest Turkey Herring Kibble,2026-09-09,17:34:38,meta,7+ Years,Medium (31lbs to 69lbs),Other
Culinary Harvest Turkey Herring Kibble,2026-09-24,22:27:18,smas,7+ Years,Small (up to 30lbs),Purina
Culinary Harvest Turkey Herring Kibble,2026-10-09,05:14:24,smas,7+ Years,Medium (31lbs to 69lbs),Stella & Chewy's
Culinary Harvest Turkey Herring Kibble,2026-09-12,02:45:01,meta,7+ Years,Small (up to 30lbs),Wellness Pet Food
Culinary Harvest Turkey Herring Kibble,2026-09-05,00:44:23,meta,7+ Years,Large (70lbs and over),Wellness Pet Food
Culinary Harvest Turkey Herring Kibble,2026-09-27,13:43:49,smas,1-6 Years,Large (70lbs and over),Purina
Culinary Harvest Turkey Herring Kibble,2026-09-23,21:08:55,smas,1-6 Years,Large (70lbs and over),Purina
Culinary Harvest Turkey Herring Kibble,2026-09-09,16:49:02,smas,1-6 Years,Medium (31lbs to 69lbs),Blue Buffalo
Culinary Harvest Turkey Herring Kibble,2026-09-02,17:21:31,meta,1-6 Years,Medium (31lbs to 69lbs),Open Farm
Culinary Harvest Turkey Herring Kibble,2026-10-07,20:22:32,smas,1-6 Years,Small (up to 30lbs),Other
Culinary Harvest Turkey Herring Kibble,2026-10-06,23:16:56,meta,1-6 Years,Small (up to 30lbs),Purina
Culinary Harvest Turkey Herring Kibble,2026-09-15,12:23:02,audience_1,1-6 Years,Medium (31lbs to 69lbs),Other
Culinary Harvest Turkey Herring Kibble,2026-09-02,01:54:14,meta,7+ Years,Small (up to 30lbs),Hill's Science Diet
Culinary Harvest Turkey Herring Kibble,2026-10-06,18:30:12,smas,1-6 Years,Medium (31lbs to 69lbs),Hill's Science Diet
Culinary Harvest Turkey Herring Kibble,2026-10-07,00:15:56,meta,7+ Years,Small (up to 30lbs),Merrick
Culinary Harvest Turkey Herring Kibble,2026-10-06,18:51:16,smas,1-6 Years,Medium (31lbs to 69lbs),Blue Buffalo
Culinary Harvest Turkey Herring Kibble,2026-10-05,15:14:14,meta,7+ Years,Small (up to 30lbs),Other
Culinary Harvest Turkey Herring Kibble,2026-09-15,13:50:13,audience_1,1-6 Years,Medium (31lbs to 69lbs),Merrick
Culinary Harvest Turkey Herring Kibble,2026-09-15,13:16:51,audience_1,7+ Years,Small (up to 30lbs),Other
Culinary Harvest Turkey Herring Kibble,2026-09-06,17:30:50,meta,1-6 Years,Medium (31lbs to 69lbs),Purina
Culinary Harvest Turkey Herring Kibble,2026-10-05,17:05:47,meta,1-6 Years,Small (up to 30lbs),Purina
Culinary Harvest Turkey Herring Kibble,2026-10-08,20:49:38,smas,1-6 Years,Small (up to 30lbs),Hill's Science Diet
Culinary Harvest Turkey Herring Kibble,2026-09-04,18:02:48,meta,7+ Years,Small (up to 30lbs),Wellness Pet Food
Culinary Harvest Turkey Herring Kibble,2026-09-09,03:20:58,meta,7+ Years,Small (up to 30lbs),Purina
Culinary Harvest Turkey Herring Kibble,2026-10-06,03:32:27,meta,7+ Years,Small (up to 30lbs),Other
Culinary Harvest Turkey Herring Kibble,2026-10-07,20:05:26,smas,1-6 Years,Small (up to 30lbs),Hill's Science Diet
Culinary Harvest Turkey Herring Kibble,2026-10-08,20:52:07,smas,Under One Year,Small (up to 30lbs),Hill's Science Diet
Culinary Harvest Turkey Herring Kibble,2026-10-08,22:02:06,smas,1-6 Years,Large (70lbs and over),Blue Buffalo
Culinary Harvest Turkey Herring Kibble,2026-09-27,06:08:51,smas,1-6 Years,Medium (31lbs to 69lbs),Blue Buffalo
Culinary Harvest Turkey Herring Kibble,2026-09-08,03:28:50,smas,1-6 Years,Large (70lbs and over),Other
Culinary Harvest Turkey Herring Kibble,2026-10-07,20:26:02,smas,1-6 Years,Small (up to 30lbs),Other
Culinary Harvest Turkey Herring Kibble,2026-09-03,02:11:18,meta,1-6 Years,Small (up to 30lbs),Other
Culinary Harvest Turkey Herring Kibble,2026-09-23,22:55:46,smas,1-6 Years,Small (up to 30lbs),Purina
Culinary Harvest Turkey Herring Kibble,2026-09-07,17:37:20,smas,1-6 Years,Small (up to 30lbs),Purina
Culinary Harvest Turkey Herring Kibble,2026-09-01,16:25:43,meta,7+ Years,Small (up to 30lbs),Stella & Chewy's
Culinary Harvest Turkey Herring Kibble,2026-09-11,18:48:19,meta,1-6 Years,Medium (31lbs to 69lbs),Other
Culinary Harvest Turkey Herring Kibble,2026-09-05,22:09:35,meta,1-6 Years,Large (70lbs and over),Other
Culinary Harvest Turkey Herring Kibble,2026-09-13,01:57:36,meta,1-6 Years,Medium (31lbs to 69lbs),Other
Culinary Harvest Turkey Herring Kibble,2026-09-11,20:33:18,meta,1-6 Years,Medium (31lbs to 69lbs),Blue Buffalo
Culinary Harvest Turkey Herring Kibble,2026-10-05,18:01:11,meta,7+ Years,Small (up to 30lbs),Purina
Culinary Harvest Turkey Herring Kibble,2026-09-22,16:28:37,meta,Under One Year,Medium (31lbs to 69lbs),Purina
Culinary Harvest Turkey Herring Kibble,2026-09-23,08:43:19,meta,1-6 Years,Small (up to 30lbs),Purina
Culinary Harvest Turkey Herring Kibble,2026-09-08,19:55:00,meta,1-6 Years,Medium (31lbs to 69lbs),Purina
Culinary Harvest Turkey Herring Kibble,2026-10-06,18:12:08,smas,1-6 Years,Medium (31lbs to 69lbs),Other
Culinary Harvest Turkey Herring Kibble,2026-10-08,04:04:48,smas,1-6 Years,Large (70lbs and over),Blue Buffalo
Culinary Harvest Turkey Herring Kibble,2026-09-07,16:42:56,meta,7+ Years,Small (up to 30lbs),Other
Culinary Harvest Turkey Herring Kibble,2026-09-23,10:57:45,meta,1-6 Years,Small (up to 30lbs),Blue Buffalo
Culinary Harvest Turkey Herring Kibble,2026-09-09,20:11:26,meta,7+ Years,Medium (31lbs to 69lbs),Purina
Culinary Harvest Turkey Herring Kibble,2026-10-07,22:24:49,smas,1-6 Years,Small (up to 30lbs),Hill's Science Diet
Culinary Harvest Turkey Herring Kibble,2026-09-07,11:40:22,meta,Under One Year,Small (up to 30lbs),Other
Culinary Harvest Turkey Herring Kibble,2026-10-07,01:13:42,meta,7+ Years,Small (up to 30lbs),Purina
Culinary Harvest Turkey Herring Kibble,2026-09-23,21:32:25,smas,7+ Years,Medium (31lbs to 69lbs),Other
Culinary Harvest Turkey Herring Kibble,2026-09-07,17:06:22,smas,7+ Years,Small (up to 30lbs),Other
Culinary Harvest Turkey Herring Kibble,2026-10-05,18:48:00,meta,7+ Years,Small (up to 30lbs),Other
Culinary Harvest Turkey Herring Kibble,2026-10-07,20:25:07,smas,7+ Years,Small (up to 30lbs),Wellness Pet Food
Culinary Harvest Turkey Herring Kibble,2026-09-15,04:23:13,meta,7+ Years,Small (up to 30lbs),Wellness Pet Food
Culinary Harvest Turkey Herring Kibble,2026-09-15,13:03:38,audience_1,7+ Years,Medium (31lbs to 69lbs),Hill's Science Diet
Culinary Harvest Turkey Herring Kibble,2026-09-14,02:35:12,meta,1-6 Years,Medium (31lbs to 69lbs),Purina
Culinary Harvest Turkey Herring Kibble,2026-10-07,20:40:49,smas,7+ Years,Small (up to 30lbs),Blue Buffalo
Culinary Harvest Turkey Herring Kibble,2026-09-28,00:01:22,smas,1-6 Years,Medium (31lbs to 69lbs),Wellness Pet Food
Culinary Harvest Turkey Herring Kibble,2026-10-06,05:45:22,meta,1-6 Years,Small (up to 30lbs),Open Farm
Culinary Harvest Turkey Herring Kibble,2026-09-21,16:00:30,meta,1-6 Years,Medium (31lbs to 69lbs),Purina
Culinary Harvest Turkey Herring Kibble,2026-09-23,21:17:07,smas,1-6 Years,Small (up to 30lbs),Other
Culinary Harvest Turkey Herring Kibble,2026-09-15,20:44:30,meta,1-6 Years,Large (70lbs and over),Other
Culinary Harvest Turkey Herring Kibble,2026-09-25,20:37:20,meta,Under One Year,Medium (31lbs to 69lbs),Nulo
Culinary Harvest Turkey Herring Kibble,2026-09-14,20:29:55,meta,1-6 Years,Medium (31lbs to 69lbs),Blue Buffalo
Culinary Harvest Turkey Herring Kibble,2026-10-07,20:06:08,smas,1-6 Years,Large (70lbs and over),Hill's Science Diet
Culinary Harvest Turkey Herring Kibble,2026-10-06,17:49:09,smas,7+ Years,Large (70lbs and over),Other
Culinary Harvest Turkey Herring Kibble,2026-09-24,14:26:24,smas,1-6 Years,Small (up to 30lbs),Other
Culinary Harvest Turkey Herring Kibble,2026-09-17,01:01:02,meta,Under One Year,Small (up to 30lbs),Purina
Culinary Harvest Turkey Herring Kibble,2026-09-10,15:41:03,meta,1-6 Years,Large (70lbs and over),Other
Culinary Harvest Turkey Herring Kibble,2026-10-07,01:27:42,smas,1-6 Years,Medium (31lbs to 69lbs),Other
Culinary Harvest Turkey Herring Kibble,2026-09-22,20:01:38,meta,1-6 Years,Medium (31lbs to 69lbs),Other
Culinary Harvest Turkey Herring Kibble,2026-09-12,04:30:10,meta,7+ Years,Small (up to 30lbs),Other
Culinary Harvest Turkey Herring Kibble,2026-09-05,20:44:51,meta,1-6 Years,Medium (31lbs to 69lbs),Hill's Science Diet
Culinary Harvest Turkey Herring Kibble,2026-09-23,21:04:46,smas,7+ Years,Small (up to 30lbs),Blue Buffalo
Culinary Harvest Turkey Herring Kibble,2026-09-17,16:41:14,meta,7+ Years,Medium (31lbs to 69lbs),Hill's Science Diet
Culinary Harvest Turkey Herring Kibble,2026-09-22,02:52:26,meta,Under One Year,Medium (31lbs to 69lbs),Other
Culinary Harvest Turkey Herring Kibble,2026-10-09,19:54:52,smas,1-6 Years,Small (up to 30lbs),Other
Culinary Harvest Turkey Herring Kibble,2026-10-08,17:09:43,meta,1-6 Years,Medium (31lbs to 69lbs),Other
Culinary Harvest Turkey Herring Kibble,2026-09-22,23:31:03,meta,1-6 Years,Small (up to 30lbs),Blue Buffalo
Culinary Harvest Turkey Herring Kibble,2026-09-15,14:19:24,audience_1,7+ Years,Large (70lbs and over),Purina
Culinary Harvest Turkey Herring Kibble,2026-10-10,01:52:35,meta,1-6 Years,Medium (31lbs to 69lbs),Other
Culinary Harvest Turkey Herring Kibble,2026-10-10,12:51:54,smas,7+ Years,Small (up to 30lbs),Other
Culinary Harvest Turkey Herring Kibble,2026-09-22,14:51:09,meta,7+ Years,Medium (31lbs to 69lbs),Purina
Culinary Harvest Turkey Herring Kibble,2026-09-07,19:05:03,smas,1-6 Years,Large (70lbs and over),Wellness Pet Food
Culinary Harvest Turkey Herring Kibble,2026-10-10,03:48:05,meta,1-6 Years,Large (70lbs and over),Other
Culinary Harvest Turkey Herring Kibble,2026-09-12,20:18:53,meta,1-6 Years,Large (70lbs and over),Nulo
Culinary Harvest Turkey Herring Kibble,2026-09-10,21:44:03,meta,1-6 Years,Small (up to 30lbs),Other
Culinary Harvest Turkey Herring Kibble,2026-10-07,20:25:08,smas,7+ Years,Small (up to 30lbs),Blue Buffalo
Culinary Harvest Turkey Herring Kibble,2026-09-08,22:30:56,meta,1-6 Years,Medium (31lbs to 69lbs),Fromm
Culinary Harvest Turkey Herring Kibble,2026-10-07,19:50:07,smas,7+ Years,Small (up to 30lbs),Other
Culinary Harvest Turkey Herring Kibble,2026-10-06,05:21:50,meta,1-6 Years,Small (up to 30lbs),Purina
Culinary Harvest Turkey Herring Kibble,2026-10-06,20:16:28,meta,7+ Years,Small (up to 30lbs),Nutri Source
Culinary Harvest Turkey Herring Kibble,2026-09-03,15:46:53,meta,7+ Years,Small (up to 30lbs),Purina
Culinary Harvest Turkey Herring Kibble,2026-10-08,22:50:39,smas,7+ Years,Small (up to 30lbs),Other
Culinary Harvest Turkey Herring Kibble,2026-10-07,06:04:43,meta,1-6 Years,Small (up to 30lbs),Hill's Science Diet
Culinary Harvest Turkey Herring Kibble,2026-10-09,19:40:13,smas,1-6 Years,Medium (31lbs to 69lbs),Other
Culinary Harvest Turkey Herring Kibble,2026-09-24,17:58:05,meta,1-6 Years,Medium (31lbs to 69lbs),Purina
Culinary Harvest Turkey Herring Kibble,2026-10-05,23:49:16,meta,1-6 Years,Small (up to 30lbs),Blue Buffalo
Culinary Harvest Turkey Herring Kibble,2026-09-15,17:48:33,meta,7+ Years,Large (70lbs and over),Other
Culinary Harvest Turkey Herring Kibble,2026-09-07,19:01:41,smas,1-6 Years,Small (up to 30lbs),Other
Culinary Harvest Turkey Herring Kibble,2026-10-05,17:38:01,meta,7+ Years,Small (up to 30lbs),Blue Buffalo
Culinary Harvest Turkey Herring Kibble,2026-09-22,22:31:35,meta,7+ Years,Small (up to 30lbs),Other
Culinary Harvest Turkey Herring Kibble,2026-10-06,05:07:23,meta,1-6 Years,Small (up to 30lbs),Other
Culinary Harvest Turkey Herring Kibble,2026-09-09,21:06:24,smas,1-6 Years,Medium (31lbs to 69lbs),Hill's Science Diet
Culinary Harvest Turkey Herring Kibble,2026-09-01,19:54:45,meta,Under One Year,Medium (31lbs to 69lbs),Purina
Culinary Harvest Turkey Herring Kibble,2026-09-08,20:42:03,smas,1-6 Years,Medium (31lbs to 69lbs),Wellness Pet Food
Culinary Harvest Turkey Herring Kibble,2026-09-12,21:32:53,meta,7+ Years,Small (up to 30lbs),Other
Culinary Harvest Turkey Herring Kibble,2026-09-23,21:11:49,smas,1-6 Years,Large (70lbs and over),Purina
Culinary Harvest Turkey Herring Kibble,2026-10-09,17:59:46,smas,1-6 Years,Medium (31lbs to 69lbs),Purina
Culinary Harvest Turkey Herring Kibble,2026-09-22,20:16:27,meta,7+ Years,Medium (31lbs to 69lbs),Blue Buffalo
Culinary Harvest Turkey Herring Kibble,2026-09-23,00:24:13,meta,7+ Years,Small (up to 30lbs),Other
Culinary Harvest Turkey Herring Kibble,2026-10-07,01:12:48,meta,7+ Years,Small (up to 30lbs),Nulo
Culinary Harvest Turkey Herring Kibble,2026-09-07,18:40:15,smas,1-6 Years,Large (70lbs and over),Blue Buffalo
Culinary Harvest Turkey Herring Kibble,2026-10-07,21:17:01,smas,1-6 Years,Medium (31lbs to 69lbs),Orijen
Culinary Harvest Turkey Herring Kibble,2026-10-06,22:13:38,smas,1-6 Years,Small (up to 30lbs),Blue Buffalo
Culinary Harvest Turkey Herring Kibble,2026-10-07,20:51:11,smas,1-6 Years,Medium (31lbs to 69lbs),Purina
Culinary Harvest Turkey Herring Kibble,2026-09-23,21:08:24,smas,7+ Years,Small (up to 30lbs),Purina
Culinary Harvest Turkey Herring Kibble,2026-09-25,11:21:57,audience_1,1-6 Years,Large (70lbs and over),Purina
Culinary Harvest Turkey Herring Kibble,2026-09-27,01:06:56,smas,7+ Years,Small (up to 30lbs),Purina
Culinary Harvest Turkey Herring Kibble,2026-09-27,01:34:07,smas,1-6 Years,Large (70lbs and over),Other
Culinary Harvest Turkey Herring Kibble,2026-10-06,18:24:49,smas,7+ Years,Large (70lbs and over),Hill's Science Diet
Culinary Harvest Turkey Herring Kibble,2026-10-06,20:02:42,smas,1-6 Years,Small (up to 30lbs),Blue Buffalo
Culinary Harvest Turkey Herring Kibble,2026-09-12,17:38:31,meta,1-6 Years,Small (up to 30lbs),Other
Culinary Harvest Turkey Herring Kibble,2026-10-07,23:08:21,smas,1-6 Years,Small (up to 30lbs),Blue Buffalo
Culinary Harvest Turkey Herring Kibble,2026-09-04,02:37:26,meta,7+ Years,Medium (31lbs to 69lbs),Other
Culinary Harvest Turkey Herring Kibble,2026-10-07,19:49:31,smas,7+ Years,Large (70lbs and over),Other
Culinary Harvest Turkey Herring Kibble,2026-09-18,17:53:08,meta,7+ Years,Large (70lbs and over),Other
Culinary Harvest Turkey Herring Kibble,2026-09-21,20:36:24,smas,7+ Years,Small (up to 30lbs),Blue Buffalo
Culinary Harvest Turkey Herring Kibble,2026-09-22,15:26:48,meta,Under One Year,Small (up to 30lbs),Blue Buffalo
Culinary Harvest Turkey Herring Kibble,2026-09-24,01:32:25,smas,1-6 Years,Large (70lbs and over),Other
Culinary Harvest Turkey Herring Kibble,2026-09-23,21:50:05,smas,7+ Years,Medium (31lbs to 69lbs),Blue Buffalo
Culinary Harvest Turkey Herring Kibble,2026-10-06,16:20:34,meta,1-6 Years,Large (70lbs and over),Taste of the Wild
Culinary Harvest Turkey Herring Kibble,2026-10-06,17:54:35,smas,1-6 Years,Large (70lbs and over),Wellness Pet Food
Culinary Harvest Turkey Herring Kibble,2026-10-07,02:13:57,meta,1-6 Years,Small (up to 30lbs),Purina
Culinary Harvest Turkey Herring Kibble,2026-10-06,03:41:54,meta,7+ Years,Large (70lbs and over),Other
Culinary Harvest Turkey Herring Kibble,2026-10-09,18:57:16,smas,1-6 Years,Medium (31lbs to 69lbs),Taste of the Wild
Culinary Harvest Turkey Herring Kibble,2026-10-06,23:31:14,meta,1-6 Years,Large (70lbs and over),Stella & Chewy's
Culinary Harvest Turkey Herring Kibble,2026-10-05,16:30:42,meta,7+ Years,Medium (31lbs to 69lbs),Other
Culinary Harvest Turkey Herring Kibble,2026-09-02,12:35:51,meta,1-6 Years,Small (up to 30lbs),Other
Culinary Harvest Turkey Herring Kibble,2026-10-07,19:49:55,smas,7+ Years,Small (up to 30lbs),Nutri Source
Culinary Harvest Turkey Herring Kibble,2026-09-01,19:58:10,meta,1-6 Years,Small (up to 30lbs),Blue Buffalo
Culinary Harvest Turkey Herring Kibble,2026-10-09,18:26:08,smas,1-6 Years,Medium (31lbs to 69lbs),Purina
Culinary Harvest Turkey Herring Kibble,2026-10-09,00:31:09,smas,1-6 Years,Medium (31lbs to 69lbs),Hill's Science Diet
Culinary Harvest Turkey Herring Kibble,2026-09-14,17:39:17,meta,1-6 Years,Small (up to 30lbs),Blue Buffalo
Culinary Harvest Turkey Herring Kibble,2026-09-22,04:22:21,meta,1-6 Years,Medium (31lbs to 69lbs),Purina
Culinary Harvest Turkey Herring Kibble,2026-10-05,17:35:32,meta,7+ Years,Small (up to 30lbs),Other
Culinary Harvest Turkey Herring Kibble,2026-10-09,20:01:52,smas,1-6 Years,Small (up to 30lbs),Other
Culinary Harvest Turkey Herring Kibble,2026-10-07,00:34:12,smas,1-6 Years,Small (up to 30lbs),Other
Culinary Harvest Turkey Herring Kibble,2026-09-11,20:41:10,meta,1-6 Years,Small (up to 30lbs),Other
Culinary Harvest Turkey Herring Kibble,2026-10-06,04:08:17,meta,7+ Years,Large (70lbs and over),Open Farm
Culinary Harvest Turkey Herring Kibble,2026-09-26,23:54:03,smas,7+ Years,Large (70lbs and over),Purina
Culinary Harvest Turkey Herring Kibble,2026-10-07,21:54:28,smas,1-6 Years,Medium (31lbs to 69lbs),Other
Culinary Harvest Turkey Herring Kibble,2026-09-06,15:21:23,meta,1-6 Years,Large (70lbs and over),Other
Culinary Harvest Turkey Herring Kibble,2026-10-08,07:17:04,meta,1-6 Years,Small (up to 30lbs),Orijen
Culinary Harvest Turkey Herring Kibble,2026-09-07,19:06:36,smas,1-6 Years,Medium (31lbs to 69lbs),Other
Culinary Harvest Turkey Herring Kibble,2026-09-08,17:20:55,smas,1-6 Years,Small (up to 30lbs),Blue Buffalo
Culinary Harvest Turkey Herring Kibble,2026-10-05,20:54:52,meta,7+ Years,Small (up to 30lbs),Other
Culinary Harvest Turkey Herring Kibble,2026-09-15,19:59:43,meta,1-6 Years,Large (70lbs and over),Purina
Culinary Harvest Turkey Herring Kibble,2026-10-10,08:37:29,meta,7+ Years,Small (up to 30lbs),Other
Culinary Harvest Turkey Herring Kibble,2026-09-23,15:16:05,meta,7+ Years,Small (up to 30lbs),Other
Culinary Harvest Turkey Herring Kibble,2026-10-06,19:18:30,smas,1-6 Years,Small (up to 30lbs),Other
Culinary Harvest Turkey Herring Kibble,2026-10-08,21:07:56,smas,1-6 Years,Small (up to 30lbs),Other
Culinary Harvest Turkey Herring Kibble,2026-10-05,19:38:25,meta,7+ Years,Small (up to 30lbs),Other
Culinary Harvest Turkey Herring Kibble,2026-09-07,17:49:58,smas,1-6 Years,Large (70lbs and over),Other
Culinary Harvest Turkey Herring Kibble,2026-09-09,09:26:21,meta,1-6 Years,Small (up to 30lbs),Blue Buffalo
Culinary Harvest Turkey Herring Kibble,2026-09-16,02:01:03,audience_1,1-6 Years,Large (70lbs and over),Other
Culinary Harvest Turkey Herring Kibble,2026-10-08,15:33:13,meta,7+ Years,Small (up to 30lbs),Other
Culinary Harvest Turkey Herring Kibble,2026-09-03,00:46:10,meta,1-6 Years,Medium (31lbs to 69lbs),Purina
Culinary Harvest Turkey Herring Kibble,2026-10-08,20:47:11,smas,1-6 Years,Small (up to 30lbs),Other
Culinary Harvest Turkey Herring Kibble,2026-09-07,22:15:46,meta,1-6 Years,Small (up to 30lbs),Other
Culinary Harvest Turkey Herring Kibble,2026-10-07,20:16:31,smas,1-6 Years,Small (up to 30lbs),Nutri Source
Culinary Harvest Turkey Herring Kibble,2026-10-06,07:37:51,meta,7+ Years,Small (up to 30lbs),Blue Buffalo
Culinary Harvest Turkey Herring Kibble,2026-10-06,19:44:06,smas,Under One Year,Medium (31lbs to 69lbs),Other
Culinary Harvest Turkey Herring Kibble,2026-09-22,06:59:47,meta,1-6 Years,Large (70lbs and over),Other
Culinary Harvest Turkey Herring Kibble,2026-10-08,00:04:06,smas,1-6 Years,Small (up to 30lbs),Hill's Science Diet
Culinary Harvest Turkey Herring Kibble,2026-09-24,13:44:34,smas,7+ Years,Medium (31lbs to 69lbs),Purina
Culinary Harvest Turkey Herring Kibble,2026-10-08,21:20:44,smas,1-6 Years,Medium (31lbs to 69lbs),Blue Buffalo
Culinary Harvest Turkey Herring Kibble,2026-09-15,01:25:24,meta,Under One Year,Small (up to 30lbs),Other
Culinary Harvest Turkey Herring Kibble,2026-10-05,19:35:18,meta,1-6 Years,Small (up to 30lbs),Other
Culinary Harvest Turkey Herring Kibble,2026-09-16,16:27:11,meta,1-6 Years,Medium (31lbs to 69lbs),Blue Buffalo
Culinary Harvest Turkey Herring Kibble,2026-09-09,17:09:08,meta,1-6 Years,Small (up to 30lbs),Other
Culinary Harvest Turkey Herring Kibble,2026-09-15,01:43:43,audience_1,7+ Years,Small (up to 30lbs),Merrick
Culinary Harvest Turkey Herring Kibble,2026-09-23,14:28:42,meta,7+ Years,Small (up to 30lbs),Blue Buffalo
Culinary Harvest Turkey Herring Kibble,2026-09-15,03:48:02,meta,1-6 Years,Small (up to 30lbs),Hill's Science Diet
Culinary Harvest Turkey Herring Kibble,2026-09-13,22:26:34,meta,1-6 Years,Medium (31lbs to 69lbs),Purina
Culinary Harvest Turkey Herring Kibble,2026-10-05,18:22:15,meta,1-6 Years,Small (up to 30lbs),Nulo
Culinary Harvest Turkey Herring Kibble,2026-09-07,14:10:00,meta,1-6 Years,Small (up to 30lbs),Other
Culinary Harvest Turkey Herring Kibble,2026-09-03,18:07:38,meta,1-6 Years,Medium (31lbs to 69lbs),Blue Buffalo
Culinary Harvest Turkey Herring Kibble,2026-09-23,17:51:07,meta,1-6 Years,Medium (31lbs to 69lbs),Other
Culinary Harvest Turkey Herring Kibble,2026-10-06,02:49:20,meta,1-6 Years,Small (up to 30lbs),Blue Buffalo
Culinary Harvest Turkey Herring Kibble,2026-10-07,20:44:30,smas,1-6 Years,Small (up to 30lbs),Other
Culinary Harvest Turkey Herring Kibble,2026-09-07,21:50:39,smas,1-6 Years,Medium (31lbs to 69lbs),Other
Culinary Harvest Turkey Herring Kibble,2026-10-07,22:45:03,smas,1-6 Years,Small (up to 30lbs),Blue Buffalo
Culinary Harvest Turkey Herring Kibble,2026-09-08,00:43:28,smas,1-6 Years,Large (70lbs and over),Other
Culinary Harvest Turkey Herring Kibble,2026-09-16,22:58:15,meta,7+ Years,Medium (31lbs to 69lbs),Purina
Culinary Harvest Turkey Herring Kibble,2026-10-07,03:08:05,meta,1-6 Years,Small (up to 30lbs),Other
Culinary Harvest Turkey Herring Kibble,2026-10-09,20:38:12,smas,1-6 Years,Small (up to 30lbs),Hill's Science Diet
Culinary Harvest Turkey Herring Kibble,2026-10-06,18:33:25,smas,1-6 Years,Small (up to 30lbs),Hill's Science Diet
Culinary Harvest Turkey Herring Kibble,2026-09-07,18:58:29,smas,7+ Years,Large (70lbs and over),Taste of the Wild
Culinary Harvest Turkey Herring Kibble,2026-09-18,09:39:58,meta,7+ Years,Large (70lbs and over),Other
Culinary Harvest Turkey Herring Kibble,2026-09-17,01:47:39,meta,1-6 Years,Medium (31lbs to 69lbs),Wellness Pet Food
Culinary Harvest Turkey Herring Kibble,2026-09-04,21:33:58,meta,1-6 Years,Large (70lbs and over),Purina
Culinary Harvest Turkey Herring Kibble,2026-09-04,22:25:12,meta,1-6 Years,Small (up to 30lbs),Other
Culinary Harvest Turkey Herring Kibble,2026-09-23,02:11:54,meta,1-6 Years,Medium (31lbs to 69lbs),Other
Culinary Harvest Turkey Herring Kibble,2026-09-10,17:01:22,meta,1-6 Years,Large (70lbs and over),Other
Culinary Harvest Turkey Herring Kibble,2026-09-03,22:03:46,meta,7+ Years,Medium (31lbs to 69lbs),Other
Culinary Harvest Turkey Herring Kibble,2026-10-07,00:50:45,smas,1-6 Years,Small (up to 30lbs),Hill's Science Diet
Culinary Harvest Turkey Herring Kibble,2026-10-08,16:41:55,meta,1-6 Years,Medium (31lbs to 69lbs),Blue Buffalo
Culinary Harvest Turkey Herring Kibble,2026-09-23,22:53:31,smas,1-6 Years,Small (up to 30lbs),Purina
Culinary Harvest Turkey Herring Kibble,2026-10-08,22:41:18,smas,1-6 Years,Medium (31lbs to 69lbs),Other
Culinary Harvest Turkey Herring Kibble,2026-09-22,03:00:46,meta,1-6 Years,Medium (31lbs to 69lbs),Hill's Science Diet
Culinary Harvest Turkey Herring Kibble,2026-09-14,20:59:29,meta,1-6 Years,Small (up to 30lbs),Purina
Culinary Harvest Turkey Herring Kibble,2026-09-03,03:57:02,meta,7+ Years,Small (up to 30lbs),Hill's Science Diet
Culinary Harvest Turkey Herring Kibble,2026-09-15,07:06:48,meta,1-6 Years,Medium (31lbs to 69lbs),Other
Culinary Harvest Turkey Herring Kibble,2026-09-25,18:39:12,meta,1-6 Years,Small (up to 30lbs),Blue Buffalo
Culinary Harvest Turkey Herring Kibble,2026-09-22,23:01:29,meta,1-6 Years,Large (70lbs and over),Purina
Culinary Harvest Turkey Herring Kibble,2026-10-06,01:28:05,meta,1-6 Years,Medium (31lbs to 69lbs),Merrick
Culinary Harvest Turkey Herring Kibble,2026-09-07,19:47:56,smas,1-6 Years,Large (70lbs and over),Purina
Culinary Harvest Turkey Herring Kibble,2026-10-08,02:10:57,smas,1-6 Years,Large (70lbs and over),Other
Culinary Harvest Turkey Herring Kibble,2026-10-08,22:10:47,smas,1-6 Years,Small (up to 30lbs),Wellness Pet Food
Culinary Harvest Turkey Herring Kibble,2026-10-07,20:22:58,meta,7+ Years,Small (up to 30lbs),Hill's Science Diet
Culinary Harvest Turkey Herring Kibble,2026-09-15,19:11:51,meta,7+ Years,Small (up to 30lbs),Other
Culinary Harvest Turkey Herring Kibble,2026-10-07,01:32:58,meta,1-6 Years,Large (70lbs and over),Purina
Culinary Harvest Turkey Herring Kibble,2026-09-04,20:53:37,meta,7+ Years,Small (up to 30lbs),Nulo
Culinary Harvest Turkey Herring Kibble,2026-09-05,19:53:59,meta,7+ Years,Medium (31lbs to 69lbs),Purina
Culinary Harvest Turkey Herring Kibble,2026-10-09,23:49:47,meta,1-6 Years,Small (up to 30lbs),Hill's Science Diet
Culinary Harvest Turkey Herring Kibble,2026-10-07,05:51:18,meta,1-6 Years,Medium (31lbs to 69lbs),Other
Culinary Harvest Turkey Herring Kibble,2026-09-23,23:38:11,smas,1-6 Years,Medium (31lbs to 69lbs),Other
Culinary Harvest Turkey Herring Kibble,2026-09-13,21:39:17,meta,1-6 Years,Medium (31lbs to 69lbs),Other
Culinary Harvest Turkey Herring Kibble,2026-10-07,20:41:52,smas,1-6 Years,Small (up to 30lbs),Stella & Chewy's
Culinary Harvest Turkey Herring Kibble,2026-09-18,08:16:22,meta,7+ Years,Medium (31lbs to 69lbs),Fromm
Culinary Harvest Turkey Herring Kibble,2026-10-07,22:45:32,meta,1-6 Years,Medium (31lbs to 69lbs),Wellness Pet Food
Culinary Harvest Turkey Herring Kibble,2026-09-10,02:26:01,meta,1-6 Years,Medium (31lbs to 69lbs),Purina
Culinary Harvest Turkey Herring Kibble,2026-09-14,18:42:43,audience_1,7+ Years,Small (up to 30lbs),Other
Culinary Harvest Turkey Herring Kibble,2026-10-09,04:36:11,smas,1-6 Years,Large (70lbs and over),Purina
Culinary Harvest Turkey Herring Kibble,2026-10-08,22:56:18,smas,1-6 Years,Small (up to 30lbs),Hill's Science Diet
Culinary Harvest Turkey Herring Kibble,2026-09-02,19:57:24,meta,1-6 Years,Medium (31lbs to 69lbs),Blue Buffalo
Culinary Harvest Turkey Herring Kibble,2026-09-17,13:57:04,meta,7+ Years,Small (up to 30lbs),Purina
Culinary Harvest Turkey Herring Kibble,2026-10-06,19:14:55,smas,1-6 Years,Small (up to 30lbs),Blue Buffalo
Culinary Harvest Turkey Herring Kibble,2026-09-24,00:47:15,smas,1-6 Years,Large (70lbs and over),Purina
Culinary Harvest Turkey Herring Kibble,2026-10-06,19:35:30,smas,1-6 Years,Medium (31lbs to 69lbs),Purina
Culinary Harvest Turkey Herring Kibble,2026-09-23,16:22:02,audience_1,1-6 Years,Small (up to 30lbs),Hill's Science Diet
Culinary Harvest Turkey Herring Kibble,2026-10-07,21:01:05,smas,7+ Years,Small (up to 30lbs),Hill's Science Diet
Culinary Harvest Turkey Herring Kibble,2026-09-23,21:13:53,smas,1-6 Years,Small (up to 30lbs),Other
Culinary Harvest Turkey Herring Kibble,2026-10-08,03:27:26,meta,1-6 Years,Medium (31lbs to 69lbs),Purina
Culinary Harvest Turkey Herring Kibble,2026-09-02,23:01:51,audience_1,7+ Years,Large (70lbs and over),Other
Culinary Harvest Turkey Herring Kibble,2026-10-05,19:35:52,meta,1-6 Years,Medium (31lbs to 69lbs),Blue Buffalo
Culinary Harvest Turkey Herring Kibble,2026-09-18,10:15:13,meta,1-6 Years,Small (up to 30lbs),Taste of the Wild
Culinary Harvest Turkey Herring Kibble,2026-10-08,22:33:42,meta,7+ Years,Small (up to 30lbs),Blue Buffalo
Culinary Harvest Turkey Herring Kibble,2026-09-05,13:44:43,meta,1-6 Years,Large (70lbs and over),Blue Buffalo
Culinary Harvest Turkey Herring Kibble,2026-09-10,10:09:15,meta,7+ Years,Small (up to 30lbs),Purina
Culinary Harvest Turkey Herring Kibble,2026-09-22,01:47:44,meta,1-6 Years,Small (up to 30lbs),Blue Buffalo
Culinary Harvest Turkey Herring Kibble,2026-09-12,21:26:11,meta,7+ Years,Small (up to 30lbs),Blue Buffalo
Culinary Harvest Turkey Herring Kibble,2026-09-27,13:46:48,smas,7+ Years,Small (up to 30lbs),Purina
Culinary Harvest Turkey Herring Kibble,2026-09-02,23:12:05,meta,7+ Years,Small (up to 30lbs),Purina
Culinary Harvest Turkey Herring Kibble,2026-09-13,07:21:21,meta,1-6 Years,Small (up to 30lbs),Purina
Culinary Harvest Turkey Herring Kibble,2026-10-06,18:23:24,smas,7+ Years,Medium (31lbs to 69lbs),Other
Culinary Harvest Turkey Herring Kibble,2026-10-07,03:39:40,audience_1,1-6 Years,Medium (31lbs to 69lbs),Other
Culinary Harvest Turkey Herring Kibble,2026-09-23,22:33:46,meta,7+ Years,Medium (31lbs to 69lbs),Purina
Culinary Harvest Turkey Herring Kibble,2026-10-05,22:18:07,meta,1-6 Years,Medium (31lbs to 69lbs),Other
Culinary Harvest Turkey Herring Kibble,2026-10-09,15:18:15,meta,7+ Years,Small (up to 30lbs),Other
Culinary Harvest Turkey Herring Kibble,2026-10-09,03:41:54,smas,7+ Years,Small (up to 30lbs),Blue Buffalo
Culinary Harvest Turkey Herring Kibble,2026-09-08,04:13:18,smas,1-6 Years,Medium (31lbs to 69lbs),Other
Culinary Harvest Turkey Herring Kibble,2026-09-15,17:01:22,meta,1-6 Years,Small (up to 30lbs),Blue Buffalo
Culinary Harvest Turkey Herring Kibble,2026-09-15,21:46:53,meta,7+ Years,Large (70lbs and over),Stella & Chewy's
Culinary Harvest Turkey Herring Kibble,2026-09-04,21:36:46,meta,1-6 Years,Medium (31lbs to 69lbs),Blue Buffalo
Culinary Harvest Turkey Herring Kibble,2026-09-01,20:10:31,meta,1-6 Years,Medium (31lbs to 69lbs),Hill's Science Diet
Culinary Harvest Turkey Herring Kibble,2026-10-09,22:11:46,meta,1-6 Years,Large (70lbs and over),Purina
Culinary Harvest Turkey Herring Kibble,2026-09-07,22:51:33,smas,7+ Years,Medium (31lbs to 69lbs),Nutri Source
Culinary Harvest Turkey Herring Kibble,2026-09-25,18:01:10,meta,1-6 Years,Medium (31lbs to 69lbs),Purina
Culinary Harvest Turkey Herring Kibble,2026-10-05,22:55:46,meta,1-6 Years,Small (up to 30lbs),Blue Buffalo
Culinary Harvest Turkey Herring Kibble,2026-09-23,21:06:22,smas,1-6 Years,Small (up to 30lbs),Nulo
Culinary Harvest Turkey Herring Kibble,2026-09-23,21:25:14,smas,1-6 Years,Medium (31lbs to 69lbs),Purina
Culinary Harvest Turkey Herring Kibble,2026-09-04,17:33:54,meta,7+ Years,Large (70lbs and over),Other
Culinary Harvest Turkey Herring Kibble,2026-09-06,07:11:41,meta,7+ Years,Small (up to 30lbs),Purina
Culinary Harvest Turkey Herring Kibble,2026-09-08,05:35:00,meta,7+ Years,Small (up to 30lbs),Blue Buffalo
Culinary Harvest Turkey Herring Kibble,2026-09-07,01:23:15,meta,1-6 Years,Medium (31lbs to 69lbs),Purina
Culinary Harvest Turkey Herring Kibble,2026-09-04,18:36:58,meta,1-6 Years,Small (up to 30lbs),Other
Culinary Harvest Turkey Herring Kibble,2026-09-24,21:21:12,smas,7+ Years,Small (up to 30lbs),Nutri Source
Culinary Harvest Turkey Herring Kibble,2026-09-04,21:21:49,meta,1-6 Years,Large (70lbs and over),Hill's Science Diet
Culinary Harvest Turkey Herring Kibble,2026-10-08,21:32:43,smas,7+ Years,Medium (31lbs to 69lbs),Blue Buffalo
Culinary Harvest Turkey Herring Kibble,2026-09-21,15:43:31,meta,1-6 Years,Large (70lbs and over),Purina
Culinary Harvest Turkey Herring Kibble,2026-09-21,17:49:25,meta,7+ Years,Small (up to 30lbs),Other
Culinary Harvest Turkey Herring Kibble,2026-10-06,17:55:51,smas,1-6 Years,Medium (31lbs to 69lbs),Other
Culinary Harvest Turkey Herring Kibble,2026-10-08,21:07:01,smas,1-6 Years,Large (70lbs and over),Blue Buffalo
Culinary Harvest Turkey Herring Kibble,2026-10-06,03:34:09,meta,1-6 Years,Small (up to 30lbs),Other
Culinary Harvest Turkey Herring Kibble,2026-10-08,21:21:54,smas,1-6 Years,Medium (31lbs to 69lbs),Purina
Culinary Harvest Turkey Herring Kibble,2026-09-01,15:04:21,meta,1-6 Years,Small (up to 30lbs),Purina
Culinary Harvest Turkey Herring Kibble,2026-10-07,22:09:57,smas,1-6 Years,Small (up to 30lbs),Purina
Culinary Harvest Turkey Herring Kibble,2026-09-02,17:55:14,meta,1-6 Years,Small (up to 30lbs),Other
Culinary Harvest Turkey Herring Kibble,2026-10-07,14:47:33,meta,7+ Years,Small (up to 30lbs),Other
Culinary Harvest Turkey Herring Kibble,2026-10-06,17:44:32,meta,1-6 Years,Small (up to 30lbs),Other
Culinary Harvest Turkey Herring Kibble,2026-09-09,17:28:32,meta,Under One Year,Large (70lbs and over),Purina
Culinary Harvest Turkey Herring Kibble,2026-09-23,22:04:37,smas,1-6 Years,Small (up to 30lbs),Stella & Chewy's
Culinary Harvest Turkey Herring Kibble,2026-09-09,04:34:38,meta,1-6 Years,Medium (31lbs to 69lbs),Purina
Culinary Harvest Turkey Herring Kibble,2026-09-15,18:11:20,audience_1,1-6 Years,Medium (31lbs to 69lbs),Blue Buffalo
Culinary Harvest Turkey Herring Kibble,2026-09-23,21:20:08,smas,1-6 Years,Small (up to 30lbs),Other
Culinary Harvest Turkey Herring Kibble,2026-10-07,08:20:48,meta,7+ Years,Medium (31lbs to 69lbs),Hill's Science Diet
Culinary Harvest Turkey Herring Kibble,2026-10-05,19:50:55,meta,7+ Years,Large (70lbs and over),Purina
Culinary Harvest Turkey Herring Kibble,2026-09-07,21:50:06,smas,1-6 Years,Small (up to 30lbs),Blue Buffalo
Culinary Harvest Turkey Herring Kibble,2026-10-05,15:50:34,meta,7+ Years,Medium (31lbs to 69lbs),Other
Culinary Harvest Turkey Herring Kibble,2026-09-14,00:12:30,meta,7+ Years,Large (70lbs and over),Purina
Culinary Harvest Turkey Herring Kibble,2026-10-06,06:14:44,meta,7+ Years,Small (up to 30lbs),Other
Culinary Harvest Turkey Herring Kibble,2026-09-23,13:16:53,meta,7+ Years,Medium (31lbs to 69lbs),Purina
Culinary Harvest Turkey Herring Kibble,2026-09-11,00:58:34,meta,1-6 Years,Medium (31lbs to 69lbs),Taste of the Wild
Culinary Harvest Turkey Herring Kibble,2026-09-14,07:27:27,meta,1-6 Years,Medium (31lbs to 69lbs),Other
Culinary Harvest Turkey Herring Kibble,2026-10-08,21:03:49,smas,1-6 Years,Small (up to 30lbs),Purina
Culinary Harvest Turkey Herring Kibble,2026-09-02,13:35:27,meta,1-6 Years,Medium (31lbs to 69lbs),Purina
Culinary Harvest Turkey Herring Kibble,2026-10-07,02:12:51,smas,1-6 Years,Large (70lbs and over),Purina
Culinary Harvest Turkey Herring Kibble,2026-09-24,00:17:35,smas,1-6 Years,Large (70lbs and over),Purina
Culinary Harvest Turkey Herring Kibble,2026-09-03,03:00:32,meta,1-6 Years,Small (up to 30lbs),Purina
Culinary Harvest Turkey Herring Kibble,2026-09-09,12:10:40,meta,7+ Years,Large (70lbs and over),Blue Buffalo
Culinary Harvest Turkey Herring Kibble,2026-09-18,12:47:14,meta,1-6 Years,Medium (31lbs to 69lbs),Purina
Culinary Harvest Turkey Herring Kibble,2026-09-24,02:13:56,smas,Under One Year,Small (up to 30lbs),Blue Buffalo
Culinary Harvest Turkey Herring Kibble,2026-10-08,20:57:52,smas,1-6 Years,Small (up to 30lbs),Blue Buffalo
Culinary Harvest Turkey Herring Kibble,2026-10-06,18:01:26,smas,1-6 Years,Small (up to 30lbs),Other
Culinary Harvest Turkey Herring Kibble,2026-10-09,00:46:08,smas,7+ Years,Small (up to 30lbs),Hill's Science Diet
Culinary Harvest Turkey Herring Kibble,2026-10-08,01:49:42,smas,1-6 Years,Medium (31lbs to 69lbs),Hill's Science Diet
Culinary Harvest Turkey Herring Kibble,2026-09-07,17:17:07,smas,7+ Years,Medium (31lbs to 69lbs),Other
Culinary Harvest Turkey Herring Kibble,2026-09-11,01:28:02,meta,1-6 Years,Large (70lbs and over),Other
Culinary Harvest Turkey Herring Kibble,2026-09-11,14:57:16,meta,1-6 Years,Medium (31lbs to 69lbs),Purina
Culinary Harvest Turkey Herring Kibble,2026-09-03,13:31:48,meta,7+ Years,Medium (31lbs to 69lbs),Other
Culinary Harvest Turkey Herring Kibble,2026-09-07,17:26:08,smas,1-6 Years,Small (up to 30lbs),Wellness Pet Food
Culinary Harvest Turkey Herring Kibble,2026-10-06,21:40:52,meta,7+ Years,Medium (31lbs to 69lbs),Purina
Culinary Harvest Turkey Herring Kibble,2026-09-29,17:49:58,smas,7+ Years,Small (up to 30lbs),Purina
Culinary Harvest Turkey Herring Kibble,2026-09-24,00:30:58,smas,1-6 Years,Small (up to 30lbs),Purina
Culinary Harvest Turkey Herring Kibble,2026-09-19,18:29:10,meta,1-6 Years,Large (70lbs and over),Purina
Culinary Harvest Turkey Herring Kibble,2026-09-09,12:30:06,smas,1-6 Years,Small (up to 30lbs),Other
Culinary Harvest Turkey Herring Kibble,2026-10-07,01:48:14,meta,1-6 Years,Small (up to 30lbs),Hill's Science Diet
Culinary Harvest Turkey Herring Kibble,2026-10-08,22:54:28,smas,1-6 Years,Large (70lbs and over),Other
Culinary Harvest Turkey Herring Kibble,2026-09-23,21:47:18,smas,1-6 Years,Large (70lbs and over),Purina
Culinary Harvest Turkey Herring Kibble,2026-09-23,23:27:00,smas,1-6 Years,Small (up to 30lbs),Other
Culinary Harvest Turkey Herring Kibble,2026-10-08,11:31:13,meta,1-6 Years,Small (up to 30lbs),Hill's Science Diet
Culinary Harvest Turkey Herring Kibble,2026-09-09,20:04:46,meta,1-6 Years,Small (up to 30lbs),Other
Culinary Harvest Turkey Herring Kibble,2026-10-07,20:01:18,smas,1-6 Years,Small (up to 30lbs),Other
Culinary Harvest Turkey Herring Kibble,2026-10-07,20:58:23,meta,7+ Years,Large (70lbs and over),Blue Buffalo
Culinary Harvest Turkey Herring Kibble,2026-10-07,02:12:38,smas,1-6 Years,Medium (31lbs to 69lbs),Wellness Pet Food
Culinary Harvest Turkey Herring Kibble,2026-10-06,21:11:04,smas,7+ Years,Small (up to 30lbs),Purina
Culinary Harvest Turkey Herring Kibble,2026-10-08,22:30:18,smas,7+ Years,Small (up to 30lbs),Wellness Pet Food
Culinary Harvest Turkey Herring Kibble,2026-10-06,09:19:47,meta,7+ Years,Small (up to 30lbs),Purina
Culinary Harvest Turkey Herring Kibble,2026-09-24,10:14:28,smas,7+ Years,Large (70lbs and over),Other
Culinary Harvest Turkey Herring Kibble,2026-09-10,00:40:16,smas,7+ Years,Medium (31lbs to 69lbs),Hill's Science Diet
Culinary Harvest Turkey Herring Kibble,2026-09-03,09:23:08,meta,1-6 Years,Small (up to 30lbs),Other
Culinary Harvest Turkey Herring Kibble,2026-10-06,21:31:50,smas,7+ Years,Small (up to 30lbs),Other
Culinary Harvest Turkey Herring Kibble,2026-09-13,22:17:02,meta,1-6 Years,Small (up to 30lbs),Blue Buffalo
Culinary Harvest Turkey Herring Kibble,2026-09-27,16:00:16,smas,7+ Years,Large (70lbs and over),Blue Buffalo
Culinary Harvest Turkey Herring Kibble,2026-09-16,18:10:28,smas,1-6 Years,Small (up to 30lbs),Taste of the Wild
Culinary Harvest Turkey Herring Kibble,2026-09-09,17:27:44,meta,1-6 Years,Small (up to 30lbs),Purina
Culinary Harvest Turkey Herring Kibble,2026-10-05,21:08:34,meta,1-6 Years,Medium (31lbs to 69lbs),Purina
Culinary Harvest Turkey Herring Kibble,2026-09-02,17:05:05,meta,7+ Years,Large (70lbs and over),Purina
Culinary Harvest Turkey Herring Kibble,2026-10-09,00:06:55,smas,1-6 Years,Small (up to 30lbs),Hill's Science Diet
Culinary Harvest Turkey Herring Kibble,2026-09-25,23:26:07,meta,7+ Years,Small (up to 30lbs),Purina
Culinary Harvest Turkey Herring Kibble,2026-09-07,17:06:41,smas,1-6 Years,Medium (31lbs to 69lbs),Other
Culinary Harvest Turkey Herring Kibble,2026-09-14,03:32:28,meta,1-6 Years,Large (70lbs and over),Other
Culinary Harvest Turkey Herring Kibble,2026-10-06,18:34:46,smas,7+ Years,Medium (31lbs to 69lbs),Other
Culinary Harvest Turkey Herring Kibble,2026-09-02,00:20:52,meta,7+ Years,Medium (31lbs to 69lbs),Nulo
Culinary Harvest Turkey Herring Kibble,2026-09-15,12:47:13,audience_1,7+ Years,Small (up to 30lbs),Hill's Science Diet
Culinary Harvest Turkey Herring Kibble,2026-09-12,14:05:14,meta,7+ Years,Small (up to 30lbs),Purina
Culinary Harvest Turkey Herring Kibble,2026-09-04,21:51:50,meta,7+ Years,Small (up to 30lbs),Hill's Science Diet
Culinary Harvest Turkey Herring Kibble,2026-09-14,11:56:03,meta,1-6 Years,Large (70lbs and over),Other
Culinary Harvest Turkey Herring Kibble,2026-09-02,02:53:27,meta,1-6 Years,Small (up to 30lbs),Blue Buffalo
Culinary Harvest Turkey Herring Kibble,2026-09-22,11:46:36,meta,7+ Years,Medium (31lbs to 69lbs),Other
Culinary Harvest Turkey Herring Kibble,2026-10-06,02:00:37,meta,1-6 Years,Medium (31lbs to 69lbs),Blue Buffalo
Culinary Harvest Turkey Herring Kibble,2026-10-09,13:51:15,smas,Under One Year,Small (up to 30lbs),Blue Buffalo
Culinary Harvest Turkey Herring Kibble,2026-10-06,15:17:42,meta,7+ Years,Small (up to 30lbs),Other
Culinary Harvest Turkey Herring Kibble,2026-09-15,20:40:00,audience_1,1-6 Years,Small (up to 30lbs),Other
Culinary Harvest Turkey Herring Kibble,2026-10-05,15:36:19,meta,7+ Years,Small (up to 30lbs),Purina
Culinary Harvest Turkey Herring Kibble,2026-10-06,17:57:34,smas,1-6 Years,Medium (31lbs to 69lbs),Blue Buffalo
Culinary Harvest Turkey Herring Kibble,2026-10-09,17:48:46,smas,1-6 Years,Small (up to 30lbs),Hill's Science Diet
Culinary Harvest Turkey Herring Kibble,2026-10-07,04:17:09,meta,7+ Years,Small (up to 30lbs),Hill's Science Diet
Culinary Harvest Turkey Herring Kibble,2026-10-08,22:49:00,smas,1-6 Years,Medium (31lbs to 69lbs),Other
Culinary Harvest Turkey Herring Kibble,2026-09-11,12:51:03,meta,7+ Years,Large (70lbs and over),Wellness Pet Food
Culinary Harvest Turkey Herring Kibble,2026-10-05,14:30:15,meta,7+ Years,Small (up to 30lbs),Blue Buffalo
Culinary Harvest Turkey Herring Kibble,2026-09-25,13:40:29,meta,1-6 Years,Medium (31lbs to 69lbs),Taste of the Wild
Culinary Harvest Turkey Herring Kibble,2026-10-07,20:05:01,smas,1-6 Years,Medium (31lbs to 69lbs),Purina
Culinary Harvest Turkey Herring Kibble,2026-09-16,02:40:02,meta,7+ Years,Small (up to 30lbs),Purina
Culinary Harvest Turkey Herring Kibble,2026-10-07,19:50:02,smas,7+ Years,Medium (31lbs to 69lbs),Other
Culinary Harvest Turkey Herring Kibble,2026-10-09,19:36:11,meta,7+ Years,Small (up to 30lbs),Other
Culinary Harvest Turkey Herring Kibble,2026-09-04,22:24:14,meta,1-6 Years,Small (up to 30lbs),Purina
Culinary Harvest Turkey Herring Kibble,2026-09-23,22:54:55,smas,1-6 Years,Large (70lbs and over),Nutri Source
Culinary Harvest Turkey Herring Kibble,2026-10-07,06:51:03,meta,1-6 Years,Small (up to 30lbs),Purina
Culinary Harvest Turkey Herring Kibble,2026-09-02,21:53:57,meta,7+ Years,Small (up to 30lbs),Purina
Culinary Harvest Turkey Herring Kibble,2026-10-06,19:07:41,smas,1-6 Years,Small (up to 30lbs),Purina
Culinary Harvest Turkey Herring Kibble,2026-09-23,00:20:58,meta,1-6 Years,Large (70lbs and over),Other
Culinary Harvest Turkey Herring Kibble,2026-10-07,16:07:35,meta,Under One Year,Small (up to 30lbs),Other
Culinary Harvest Turkey Herring Kibble,2026-09-10,05:25:40,smas,7+ Years,Small (up to 30lbs),Hill's Science Diet
Culinary Harvest Turkey Herring Kibble,2026-10-08,02:26:46,smas,7+ Years,Small (up to 30lbs),Other
Culinary Harvest Turkey Herring Kibble,2026-10-05,21:23:20,meta,1-6 Years,Medium (31lbs to 69lbs),Wellness Pet Food
Culinary Harvest Turkey Herring Kibble,2026-09-11,11:59:10,meta,1-6 Years,Small (up to 30lbs),Purina
Culinary Harvest Turkey Herring Kibble,2026-09-10,21:51:27,meta,7+ Years,Large (70lbs and over),Other
Culinary Harvest Turkey Herring Kibble,2026-09-15,00:50:46,meta,1-6 Years,Medium (31lbs to 69lbs),Purina
Culinary Harvest Turkey Herring Kibble,2026-10-07,14:34:55,meta,1-6 Years,Small (up to 30lbs),Purina
Culinary Harvest Turkey Herring Kibble,2026-10-07,20:01:15,smas,1-6 Years,Medium (31lbs to 69lbs),Merrick
Culinary Harvest Turkey Herring Kibble,2026-10-08,22:26:56,smas,1-6 Years,Medium (31lbs to 69lbs),Taste of the Wild
Culinary Harvest Turkey Herring Kibble,2026-09-23,21:33:02,smas,1-6 Years,Large (70lbs and over),Hill's Science Diet
Culinary Harvest Turkey Herring Kibble,2026-10-08,02:36:19,smas,7+ Years,Small (up to 30lbs),Purina
Culinary Harvest Turkey Herring Kibble,2026-10-09,16:20:47,smas,1-6 Years,Large (70lbs and over),Taste of the Wild
Culinary Harvest Turkey Herring Kibble,2026-10-08,21:50:34,smas,7+ Years,Small (up to 30lbs),Other
Culinary Harvest Turkey Herring Kibble,2026-10-09,21:09:25,smas,7+ Years,Small (up to 30lbs),Hill's Science Diet
Culinary Harvest Turkey Herring Kibble,2026-10-09,17:57:11,smas,1-6 Years,Small (up to 30lbs),Blue Buffalo
Culinary Harvest Turkey Herring Kibble,2026-10-07,17:27:06,meta,1-6 Years,Small (up to 30lbs),Other
Culinary Harvest Turkey Herring Kibble,2026-09-07,17:45:15,smas,7+ Years,Small (up to 30lbs),Taste of the Wild
Culinary Harvest Turkey Herring Kibble,2026-10-06,07:59:15,meta,7+ Years,Small (up to 30lbs),Other
Culinary Harvest Turkey Herring Kibble,2026-09-04,16:50:09,meta,7+ Years,Medium (31lbs to 69lbs),Other
Culinary Harvest Turkey Herring Kibble,2026-09-13,01:04:10,meta,1-6 Years,Medium (31lbs to 69lbs),Purina
Culinary Harvest Turkey Herring Kibble,2026-09-07,16:53:29,meta,1-6 Years,Large (70lbs and over),Other
Culinary Harvest Turkey Herring Kibble,2026-09-23,23:05:49,smas,7+ Years,Large (70lbs and over),Other
Culinary Harvest Turkey Herring Kibble,2026-10-09,02:58:28,meta,7+ Years,Small (up to 30lbs),Blue Buffalo
Culinary Harvest Turkey Herring Kibble,2026-10-08,03:36:46,smas,7+ Years,Large (70lbs and over),Blue Buffalo
Culinary Harvest Turkey Herring Kibble,2026-10-08,20:58:10,meta,1-6 Years,Small (up to 30lbs),Other
Culinary Harvest Turkey Herring Kibble,2026-10-08,21:43:30,smas,1-6 Years,Large (70lbs and over),Purina
Culinary Harvest Turkey Herring Kibble,2026-09-23,21:27:38,smas,1-6 Years,Medium (31lbs to 69lbs),Wellness Pet Food
Culinary Harvest Turkey Herring Kibble,2026-10-07,14:01:47,smas,1-6 Years,Medium (31lbs to 69lbs),Blue Buffalo
Culinary Harvest Turkey Herring Kibble,2026-10-06,17:50:00,smas,1-6 Years,Small (up to 30lbs),Blue Buffalo
Culinary Harvest Turkey Herring Kibble,2026-10-08,02:48:26,smas,1-6 Years,Medium (31lbs to 69lbs),Blue Buffalo
Culinary Harvest Turkey Herring Kibble,2026-09-11,04:51:24,meta,1-6 Years,Small (up to 30lbs),Purina
Culinary Harvest Turkey Herring Kibble,2026-09-06,04:23:37,meta,1-6 Years,Medium (31lbs to 69lbs),Wellness Pet Food
Culinary Harvest Turkey Herring Kibble,2026-10-07,17:35:50,meta,1-6 Years,Small (up to 30lbs),Taste of the Wild
Culinary Harvest Turkey Herring Kibble,2026-10-06,18:01:51,smas,7+ Years,Small (up to 30lbs),Blue Buffalo
Culinary Harvest Turkey Herring Kibble,2026-09-09,04:05:39,meta,1-6 Years,Medium (31lbs to 69lbs),Purina
Culinary Harvest Turkey Herring Kibble,2026-09-22,03:39:51,meta,1-6 Years,Large (70lbs and over),Other
Culinary Harvest Turkey Herring Kibble,2026-09-01,18:19:42,meta,7+ Years,Large (70lbs and over),Purina
Culinary Harvest Turkey Herring Kibble,2026-10-08,14:10:27,smas,1-6 Years,Medium (31lbs to 69lbs),Blue Buffalo
Culinary Harvest Turkey Herring Kibble,2026-09-07,17:25:30,smas,1-6 Years,Small (up to 30lbs),Hill's Science Diet
Culinary Harvest Turkey Herring Kibble,2026-10-07,05:13:22,meta,7+ Years,Small (up to 30lbs),Other
Culinary Harvest Turkey Herring Kibble,2026-09-10,21:20:05,meta,7+ Years,Small (up to 30lbs),Other
Culinary Harvest Turkey Herring Kibble,2026-09-27,17:47:57,smas,1-6 Years,Small (up to 30lbs),Other
Culinary Harvest Turkey Herring Kibble,2026-10-07,02:26:14,meta,7+ Years,Small (up to 30lbs),Other
Culinary Harvest Turkey Herring Kibble,2026-09-13,04:11:55,meta,7+ Years,Small (up to 30lbs),Blue Buffalo
Culinary Harvest Turkey Herring Kibble,2026-09-04,22:57:27,meta,7+ Years,Large (70lbs and over),Other
Culinary Harvest Turkey Herring Kibble,2026-10-08,20:56:30,smas,7+ Years,Medium (31lbs to 69lbs),Other
Culinary Harvest Turkey Herring Kibble,2026-10-09,02:55:47,meta,1-6 Years,Small (up to 30lbs),Nulo
Culinary Harvest Turkey Herring Kibble,2026-09-24,19:46:24,meta,7+ Years,Small (up to 30lbs),Purina
Culinary Harvest Turkey Herring Kibble,2026-10-08,19:36:51,meta,1-6 Years,Large (70lbs and over),Purina
Culinary Harvest Turkey Herring Kibble,2026-09-24,00:42:12,meta,1-6 Years,Medium (31lbs to 69lbs),Other
Culinary Harvest Turkey Herring Kibble,2026-09-14,22:29:25,meta,1-6 Years,Medium (31lbs to 69lbs),Other
Culinary Harvest Turkey Herring Kibble,2026-10-06,18:24:58,meta,1-6 Years,Small (up to 30lbs),Purina
Culinary Harvest Turkey Herring Kibble,2026-09-05,16:20:08,meta,7+ Years,Small (up to 30lbs),Purina
Culinary Harvest Turkey Herring Kibble,2026-09-26,01:24:43,meta,7+ Years,Small (up to 30lbs),Other
Culinary Harvest Turkey Herring Kibble,2026-09-23,21:49:18,smas,Under One Year,Small (up to 30lbs),Purina
Culinary Harvest Turkey Herring Kibble,2026-09-23,00:39:34,meta,1-6 Years,Medium (31lbs to 69lbs),Other
Culinary Harvest Turkey Herring Kibble,2026-09-05,09:36:29,meta,7+ Years,Small (up to 30lbs),Hill's Science Diet
Culinary Harvest Turkey Herring Kibble,2026-09-11,23:15:03,meta,1-6 Years,Medium (31lbs to 69lbs),Other
Culinary Harvest Turkey Herring Kibble,2026-09-09,20:51:13,smas,1-6 Years,Medium (31lbs to 69lbs),Purina
Culinary Harvest Turkey Herring Kibble,2026-09-23,21:35:22,smas,1-6 Years,Medium (31lbs to 69lbs),Other
Culinary Harvest Turkey Herring Kibble,2026-09-25,19:12:47,meta,7+ Years,Large (70lbs and over),Taste of the Wild
Culinary Harvest Turkey Herring Kibble,2026-10-07,20:18:20,smas,7+ Years,Medium (31lbs to 69lbs),Other
Culinary Harvest Turkey Herring Kibble,2026-09-02,17:01:49,meta,1-6 Years,Medium (31lbs to 69lbs),Blue Buffalo
Culinary Harvest Turkey Herring Kibble,2026-10-09,18:04:04,smas,1-6 Years,Medium (31lbs to 69lbs),Purina
Culinary Harvest Turkey Herring Kibble,2026-10-06,02:25:30,meta,1-6 Years,Medium (31lbs to 69lbs),Merrick
Culinary Harvest Turkey Herring Kibble,2026-10-06,19:27:31,meta,7+ Years,Small (up to 30lbs),Purina
Culinary Harvest Turkey Herring Kibble,2026-09-04,15:40:05,meta,1-6 Years,Small (up to 30lbs),Other
Culinary Harvest Turkey Herring Kibble,2026-09-05,17:48:30,meta,1-6 Years,Small (up to 30lbs),Purina
Culinary Harvest Turkey Herring Kibble,2026-10-07,10:15:41,meta,1-6 Years,Medium (31lbs to 69lbs),Purina
Culinary Harvest Turkey Herring Kibble,2026-10-07,03:08:24,meta,7+ Years,Large (70lbs and over),Open Farm
Culinary Harvest Turkey Herring Kibble,2026-10-05,19:12:49,meta,7+ Years,Medium (31lbs to 69lbs),Hill's Science Diet
Culinary Harvest Turkey Herring Kibble,2026-09-15,13:21:55,meta,1-6 Years,Medium (31lbs to 69lbs),Purina
Culinary Harvest Turkey Herring Kibble,2026-10-07,19:49:14,audience_1,1-6 Years,Large (70lbs and over),Stella & Chewy's
Culinary Harvest Turkey Herring Kibble,2026-10-09,00:53:25,smas,1-6 Years,Medium (31lbs to 69lbs),Purina
Culinary Harvest Turkey Herring Kibble,2026-09-15,17:22:17,audience_1,1-6 Years,Medium (31lbs to 69lbs),Wellness Pet Food
Culinary Harvest Turkey Herring Kibble,2026-10-06,18:50:51,smas,Under One Year,Small (up to 30lbs),Purina
Culinary Harvest Turkey Herring Kibble,2026-09-03,10:52:39,meta,1-6 Years,Medium (31lbs to 69lbs),Purina
Culinary Harvest Turkey Herring Kibble,2026-10-05,14:43:41,meta,7+ Years,Medium (31lbs to 69lbs),Other
Culinary Harvest Turkey Herring Kibble,2026-09-14,10:45:36,meta,1-6 Years,Small (up to 30lbs),Other
Culinary Harvest Turkey Herring Kibble,2026-10-06,19:55:56,smas,7+ Years,Large (70lbs and over),Other
Culinary Harvest Turkey Herring Kibble,2026-10-05,22:36:00,meta,7+ Years,Small (up to 30lbs),Other
Culinary Harvest Turkey Herring Kibble,2026-10-08,21:06:10,smas,1-6 Years,Medium (31lbs to 69lbs),Other
Culinary Harvest Turkey Herring Kibble,2026-09-06,20:34:24,meta,7+ Years,Small (up to 30lbs),Other
Culinary Harvest Turkey Herring Kibble,2026-09-15,10:29:56,audience_1,7+ Years,Small (up to 30lbs),Other
Culinary Harvest Turkey Herring Kibble,2026-10-10,12:14:33,smas,7+ Years,Small (up to 30lbs),Taste of the Wild
Culinary Harvest Turkey Herring Kibble,2026-10-06,05:02:48,meta,1-6 Years,Large (70lbs and over),Purina
Culinary Harvest Turkey Herring Kibble,2026-09-16,00:18:51,meta,1-6 Years,Medium (31lbs to 69lbs),Purina
Culinary Harvest Turkey Herring Kibble,2026-09-23,23:25:15,smas,7+ Years,Small (up to 30lbs),Purina
Culinary Harvest Turkey Herring Kibble,2026-10-08,20:22:09,meta,1-6 Years,Medium (31lbs to 69lbs),Blue Buffalo
Culinary Harvest Turkey Herring Kibble,2026-10-08,06:49:45,meta,7+ Years,Medium (31lbs to 69lbs),Purina
Culinary Harvest Turkey Herring Kibble,2026-09-04,18:13:48,meta,1-6 Years,Large (70lbs and over),Blue Buffalo
Culinary Harvest Turkey Herring Kibble,2026-10-07,22:11:14,smas,7+ Years,Medium (31lbs to 69lbs),Hill's Science Diet
Culinary Harvest Turkey Herring Kibble,2026-09-24,00:20:16,smas,1-6 Years,Large (70lbs and over),Purina
Culinary Harvest Turkey Herring Kibble,2026-09-02,18:02:18,meta,1-6 Years,Large (70lbs and over),Other
Culinary Harvest Turkey Herring Kibble,2026-09-04,23:03:55,meta,1-6 Years,Small (up to 30lbs),Purina
Culinary Harvest Turkey Herring Kibble,2026-10-05,15:43:22,meta,7+ Years,Large (70lbs and over),Hill's Science Diet
Culinary Harvest Turkey Herring Kibble,2026-09-16,05:52:43,meta,7+ Years,Small (up to 30lbs),Other
Culinary Harvest Turkey Herring Kibble,2026-09-02,08:45:17,meta,1-6 Years,Medium (31lbs to 69lbs),Other
Culinary Harvest Turkey Herring Kibble,2026-09-27,01:02:45,smas,1-6 Years,Large (70lbs and over),Blue Buffalo
Culinary Harvest Turkey Herring Kibble,2026-09-22,02:59:03,meta,7+ Years,Medium (31lbs to 69lbs),Other
Culinary Harvest Turkey Herring Kibble,2026-09-15,12:52:11,audience_1,1-6 Years,Small (up to 30lbs),Purina
Culinary Harvest Turkey Herring Kibble,2026-09-23,23:27:48,smas,1-6 Years,Large (70lbs and over),Purina
Culinary Harvest Turkey Herring Kibble,2026-10-08,21:57:58,smas,1-6 Years,Medium (31lbs to 69lbs),Other
Culinary Harvest Turkey Herring Kibble,2026-10-06,03:57:19,meta,7+ Years,Large (70lbs and over),Other
Culinary Harvest Turkey Herring Kibble,2026-10-10,02:25:56,smas,1-6 Years,Small (up to 30lbs),Other
Culinary Harvest Turkey Herring Kibble,2026-09-10,00:29:33,smas,Under One Year,Small (up to 30lbs),Other
Culinary Harvest Turkey Herring Kibble,2026-09-06,20:04:16,meta,1-6 Years,Large (70lbs and over),Purina
Culinary Harvest Turkey Herring Kibble,2026-10-08,21:20:41,smas,7+ Years,Large (70lbs and over),Hill's Science Diet
Culinary Harvest Turkey Herring Kibble,2026-09-07,20:37:32,smas,7+ Years,Medium (31lbs to 69lbs),Purina
Culinary Harvest Turkey Herring Kibble,2026-09-23,22:09:39,smas,7+ Years,Large (70lbs and over),Taste of the Wild
Culinary Harvest Turkey Herring Kibble,2026-09-07,17:13:09,smas,1-6 Years,Large (70lbs and over),Purina
Culinary Harvest Turkey Herring Kibble,2026-09-02,18:54:31,meta,7+ Years,Small (up to 30lbs),Other
Culinary Harvest Turkey Herring Kibble,2026-09-22,17:07:10,meta,7+ Years,Small (up to 30lbs),Other
Culinary Harvest Turkey Herring Kibble,2026-09-23,21:14:42,smas,7+ Years,Small (up to 30lbs),Blue Buffalo
Culinary Harvest Turkey Herring Kibble,2026-09-23,21:15:19,smas,1-6 Years,Large (70lbs and over),Purina
Culinary Harvest Turkey Herring Kibble,2026-09-11,22:35:12,meta,7+ Years,Small (up to 30lbs),Purina
Culinary Harvest Turkey Herring Kibble,2026-09-25,13:28:08,meta,7+ Years,Large (70lbs and over),Purina
Culinary Harvest Turkey Herring Kibble,2026-09-13,16:05:56,meta,Under One Year,Small (up to 30lbs),Other
Culinary Harvest Turkey Herring Kibble,2026-10-07,19:56:29,smas,1-6 Years,Large (70lbs and over),Blue Buffalo
Culinary Harvest Turkey Herring Kibble,2026-09-15,13:15:36,meta,7+ Years,Medium (31lbs to 69lbs),Nutri Source
Culinary Harvest Turkey Herring Kibble,2026-09-09,22:06:37,smas,1-6 Years,Medium (31lbs to 69lbs),Other
Culinary Harvest Turkey Herring Kibble,2026-10-08,20:50:53,smas,1-6 Years,Small (up to 30lbs),Open Farm
Culinary Harvest Turkey Herring Kibble,2026-10-09,06:48:10,smas,7+ Years,Medium (31lbs to 69lbs),Other
Culinary Harvest Turkey Herring Kibble,2026-10-05,15:12:09,meta,1-6 Years,Medium (31lbs to 69lbs),Purina
Culinary Harvest Turkey Herring Kibble,2026-09-25,09:27:05,meta,1-6 Years,Medium (31lbs to 69lbs),Other
Culinary Harvest Turkey Herring Kibble,2026-09-07,17:23:27,smas,1-6 Years,Medium (31lbs to 69lbs),Blue Buffalo
Culinary Harvest Turkey Herring Kibble,2026-10-05,18:35:06,meta,7+ Years,Small (up to 30lbs),Hill's Science Diet
Culinary Harvest Turkey Herring Kibble,2026-10-07,17:24:53,meta,1-6 Years,Medium (31lbs to 69lbs),Purina
Culinary Harvest Turkey Herring Kibble,2026-09-05,14:52:45,meta,1-6 Years,Medium (31lbs to 69lbs),Purina
Culinary Harvest Turkey Herring Kibble,2026-09-01,19:53:35,meta,7+ Years,Small (up to 30lbs),Other
Culinary Harvest Turkey Herring Kibble,2026-09-25,22:58:10,meta,7+ Years,Small (up to 30lbs),Hill's Science Diet
Culinary Harvest Turkey Herring Kibble,2026-10-07,19:50:15,smas,7+ Years,Small (up to 30lbs),Purina
Culinary Harvest Turkey Herring Kibble,2026-09-18,04:50:04,meta,7+ Years,Medium (31lbs to 69lbs),Blue Buffalo
Culinary Harvest Turkey Herring Kibble,2026-09-08,01:06:04,meta,1-6 Years,Small (up to 30lbs),Taste of the Wild
Culinary Harvest Turkey Herring Kibble,2026-09-21,16:40:58,meta,7+ Years,Large (70lbs and over),Other
Culinary Harvest Turkey Herring Kibble,2026-10-07,03:10:10,meta,1-6 Years,Small (up to 30lbs),Purina
Culinary Harvest Turkey Herring Kibble,2026-09-10,00:56:27,smas,Under One Year,Medium (31lbs to 69lbs),Purina
Culinary Harvest Turkey Herring Kibble,2026-09-09,12:38:30,smas,1-6 Years,Medium (31lbs to 69lbs),Purina
Culinary Harvest Turkey Herring Kibble,2026-09-14,02:49:45,meta,7+ Years,Small (up to 30lbs),Other
Culinary Harvest Turkey Herring Kibble,2026-09-13,16:13:21,meta,1-6 Years,Medium (31lbs to 69lbs),Other
Culinary Harvest Turkey Herring Kibble,2026-10-09,02:45:09,smas,7+ Years,Medium (31lbs to 69lbs),Other
Culinary Harvest Turkey Herring Kibble,2026-09-17,22:28:05,meta,1-6 Years,Large (70lbs and over),Other
Culinary Harvest Turkey Herring Kibble,2026-10-06,18:49:32,smas,7+ Years,Small (up to 30lbs),Other
Culinary Harvest Turkey Herring Kibble,2026-09-05,23:34:10,meta,7+ Years,Small (up to 30lbs),Blue Buffalo
Culinary Harvest Turkey Herring Kibble,2026-09-09,12:53:42,meta,1-6 Years,Medium (31lbs to 69lbs),Purina
Culinary Harvest Turkey Herring Kibble,2026-09-17,14:21:37,meta,1-6 Years,Small (up to 30lbs),Purina
Culinary Harvest Turkey Herring Kibble,2026-10-06,13:19:57,meta,1-6 Years,Medium (31lbs to 69lbs),Purina
Culinary Harvest Turkey Herring Kibble,2026-10-05,17:41:03,meta,1-6 Years,Small (up to 30lbs),Hill's Science Diet
Culinary Harvest Turkey Herring Kibble,2026-09-23,16:01:00,meta,1-6 Years,Medium (31lbs to 69lbs),Blue Buffalo
Culinary Harvest Turkey Herring Kibble,2026-09-21,16:46:06,meta,7+ Years,Large (70lbs and over),Other
Culinary Harvest Turkey Herring Kibble,2026-10-08,21:05:12,smas,7+ Years,Medium (31lbs to 69lbs),Other
Culinary Harvest Turkey Herring Kibble,2026-09-22,04:41:53,meta,7+ Years,Small (up to 30lbs),Purina
Culinary Harvest Turkey Herring Kibble,2026-10-05,21:53:24,meta,7+ Years,Medium (31lbs to 69lbs),Blue Buffalo
Culinary Harvest Turkey Herring Kibble,2026-10-06,19:26:59,smas,1-6 Years,Small (up to 30lbs),Blue Buffalo
Culinary Harvest Turkey Herring Kibble,2026-09-23,16:55:23,meta,1-6 Years,Medium (31lbs to 69lbs),Purina
Culinary Harvest Turkey Herring Kibble,2026-10-09,17:23:26,smas,1-6 Years,Medium (31lbs to 69lbs),Other
Culinary Harvest Turkey Herring Kibble,2026-10-06,05:59:19,meta,1-6 Years,Small (up to 30lbs),Open Farm
Culinary Harvest Turkey Herring Kibble,2026-09-08,19:36:07,smas,7+ Years,Medium (31lbs to 69lbs),Other
Culinary Harvest Turkey Herring Kibble,2026-09-22,08:36:16,meta,7+ Years,Small (up to 30lbs),Blue Buffalo
Culinary Harvest Turkey Herring Kibble,2026-10-06,18:06:20,meta,1-6 Years,Small (up to 30lbs),Purina
Culinary Harvest Turkey Herring Kibble,2026-09-12,00:57:14,meta,7+ Years,Small (up to 30lbs),Nulo
Culinary Harvest Turkey Herring Kibble,2026-10-07,21:13:06,smas,7+ Years,Small (up to 30lbs),Hill's Science Diet
Culinary Harvest Turkey Herring Kibble,2026-09-08,04:56:07,meta,7+ Years,Small (up to 30lbs),Purina
Culinary Harvest Turkey Herring Kibble,2026-09-15,17:23:46,audience_1,Under One Year,Small (up to 30lbs),Wellness Pet Food
Culinary Harvest Turkey Herring Kibble,2026-10-07,20:16:25,meta,1-6 Years,Medium (31lbs to 69lbs),Other
Culinary Harvest Turkey Herring Kibble,2026-09-07,18:20:02,smas,1-6 Years,Small (up to 30lbs),Other
Culinary Harvest Turkey Herring Kibble,2026-09-15,13:06:15,audience_1,1-6 Years,Medium (31lbs to 69lbs),Other
Culinary Harvest Turkey Herring Kibble,2026-10-07,20:21:28,smas,7+ Years,Small (up to 30lbs),Merrick
Culinary Harvest Turkey Herring Kibble,2026-09-11,14:09:04,audience_1,1-6 Years,Small (up to 30lbs),Hill's Science Diet
Culinary Harvest Turkey Herring Kibble,2026-10-07,00:43:24,smas,1-6 Years,Small (up to 30lbs),Blue Buffalo
Culinary Harvest Turkey Herring Kibble,2026-09-24,01:13:19,smas,7+ Years,Large (70lbs and over),Purina
Culinary Harvest Turkey Herring Kibble,2026-09-22,15:47:38,meta,1-6 Years,Medium (31lbs to 69lbs),Merrick
Culinary Harvest Turkey Herring Kibble,2026-10-08,22:13:30,smas,7+ Years,Small (up to 30lbs),Other
Culinary Harvest Turkey Herring Kibble,2026-09-01,22:50:09,meta,7+ Years,Small (up to 30lbs),Other
Culinary Harvest Turkey Herring Kibble,2026-09-10,14:20:19,meta,1-6 Years,Medium (31lbs to 69lbs),Other
Culinary Harvest Turkey Herring Kibble,2026-09-03,14:28:06,meta,7+ Years,Medium (31lbs to 69lbs),Blue Buffalo
Culinary Harvest Turkey Herring Kibble,2026-10-09,18:04:23,smas,7+ Years,Small (up to 30lbs),Other
Culinary Harvest Turkey Herring Kibble,2026-09-01,16:53:58,meta,7+ Years,Small (up to 30lbs),Purina
Culinary Harvest Turkey Herring Kibble,2026-09-23,17:27:11,meta,7+ Years,Small (up to 30lbs),Other
Culinary Harvest Turkey Herring Kibble,2026-09-23,21:06:59,smas,7+ Years,Medium (31lbs to 69lbs),Other
Culinary Harvest Turkey Herring Kibble,2026-09-09,15:45:30,meta,7+ Years,Medium (31lbs to 69lbs),Purina
Culinary Harvest Turkey Herring Kibble,2026-10-07,04:13:40,meta,1-6 Years,Small (up to 30lbs),Purina
Culinary Harvest Turkey Herring Kibble,2026-10-07,20:21:55,meta,1-6 Years,Small (up to 30lbs),Other
Culinary Harvest Turkey Herring Kibble,2026-09-19,15:18:20,meta,7+ Years,Medium (31lbs to 69lbs),Purina
Culinary Harvest Turkey Herring Kibble,2026-09-24,17:04:59,smas,1-6 Years,Small (up to 30lbs),Other
Culinary Harvest Turkey Herring Kibble,2026-10-08,21:41:37,smas,7+ Years,Medium (31lbs to 69lbs),Blue Buffalo
Culinary Harvest Turkey Herring Kibble,2026-09-07,17:09:55,smas,1-6 Years,Small (up to 30lbs),Hill's Science Diet
Culinary Harvest Turkey Herring Kibble,2026-10-06,21:43:43,meta,7+ Years,Medium (31lbs to 69lbs),Purina
Culinary Harvest Turkey Herring Kibble,2026-09-02,11:57:32,meta,1-6 Years,Medium (31lbs to 69lbs),Purina
Culinary Harvest Turkey Herring Kibble,2026-09-15,02:13:50,meta,7+ Years,Small (up to 30lbs),Wellness Pet Food
Culinary Harvest Turkey Herring Kibble,2026-09-13,04:48:31,meta,7+ Years,Medium (31lbs to 69lbs),Other
Culinary Harvest Turkey Herring Kibble,2026-09-13,23:58:17,meta,1-6 Years,Medium (31lbs to 69lbs),Purina
Culinary Harvest Turkey Herring Kibble,2026-09-24,18:27:35,smas,7+ Years,Small (up to 30lbs),Hill's Science Diet
Culinary Harvest Turkey Herring Kibble,2026-09-14,19:11:02,meta,1-6 Years,Small (up to 30lbs),Blue Buffalo
Culinary Harvest Turkey Herring Kibble,2026-10-09,17:38:00,meta,1-6 Years,Small (up to 30lbs),Hill's Science Diet
Culinary Harvest Turkey Herring Kibble,2026-10-08,22:52:03,smas,1-6 Years,Medium (31lbs to 69lbs),Blue Buffalo
Culinary Harvest Turkey Herring Kibble,2026-10-07,20:08:38,smas,1-6 Years,Medium (31lbs to 69lbs),Other
Culinary Harvest Turkey Herring Kibble,2026-10-08,04:29:58,meta,Under One Year,Small (up to 30lbs),Merrick
Culinary Harvest Turkey Herring Kibble,2026-10-07,23:57:23,smas,1-6 Years,Small (up to 30lbs),Blue Buffalo
Culinary Harvest Turkey Herring Kibble,2026-09-23,18:52:56,meta,1-6 Years,Small (up to 30lbs),Purina
Culinary Harvest Turkey Herring Kibble,2026-10-06,00:55:06,meta,1-6 Years,Medium (31lbs to 69lbs),Hill's Science Diet
Culinary Harvest Turkey Herring Kibble,2026-10-09,19:22:04,smas,1-6 Years,Small (up to 30lbs),Blue Buffalo
Culinary Harvest Turkey Herring Kibble,2026-09-11,01:21:44,smas,1-6 Years,Small (up to 30lbs),Orijen
Culinary Harvest Turkey Herring Kibble,2026-10-08,18:07:17,smas,1-6 Years,Small (up to 30lbs),Stella & Chewy's
Culinary Harvest Turkey Herring Kibble,2026-09-02,00:05:25,meta,1-6 Years,Large (70lbs and over),Purina
Culinary Harvest Turkey Herring Kibble,2026-10-09,04:11:30,smas,7+ Years,Small (up to 30lbs),Wellness Pet Food
Culinary Harvest Turkey Herring Kibble,2026-09-16,19:22:18,meta,1-6 Years,Small (up to 30lbs),Blue Buffalo
Culinary Harvest Turkey Herring Kibble,2026-09-04,02:22:40,meta,1-6 Years,Large (70lbs and over),Other
Culinary Harvest Turkey Herring Kibble,2026-09-07,17:44:22,smas,7+ Years,Small (up to 30lbs),Purina
Culinary Harvest Turkey Herring Kibble,2026-10-06,03:48:33,meta,1-6 Years,Medium (31lbs to 69lbs),Open Farm
Culinary Harvest Turkey Herring Kibble,2026-10-07,20:05:59,smas,1-6 Years,Medium (31lbs to 69lbs),Blue Buffalo
Culinary Harvest Turkey Herring Kibble,2026-10-09,22:38:56,meta,Under One Year,Small (up to 30lbs),Other
Culinary Harvest Turkey Herring Kibble,2026-10-06,17:49:55,smas,7+ Years,Small (up to 30lbs),Nulo
Culinary Harvest Turkey Herring Kibble,2026-09-24,00:57:59,smas,7+ Years,Medium (31lbs to 69lbs),Other
Culinary Harvest Turkey Herring Kibble,2026-09-06,22:12:37,meta,7+ Years,Small (up to 30lbs),Hill's Science Diet
Culinary Harvest Turkey Herring Kibble,2026-09-24,07:12:35,smas,1-6 Years,Large (70lbs and over),Other
Culinary Harvest Turkey Herring Kibble,2026-09-11,11:50:31,meta,7+ Years,Large (70lbs and over),Blue Buffalo
Culinary Harvest Turkey Herring Kibble,2026-09-23,05:12:02,meta,7+ Years,Large (70lbs and over),Purina
Culinary Harvest Turkey Herring Kibble,2026-10-10,02:03:00,meta,7+ Years,Small (up to 30lbs),Nutri Source
Culinary Harvest Turkey Herring Kibble,2026-10-09,03:25:49,smas,1-6 Years,Medium (31lbs to 69lbs),Purina
Culinary Harvest Turkey Herring Kibble,2026-09-23,18:10:03,meta,1-6 Years,Small (up to 30lbs),Blue Buffalo
Culinary Harvest Turkey Herring Kibble,2026-09-03,22:53:24,meta,1-6 Years,Large (70lbs and over),Purina
Culinary Harvest Turkey Herring Kibble,2026-10-05,22:35:07,meta,7+ Years,Medium (31lbs to 69lbs),Purina
Culinary Harvest Turkey Herring Kibble,2026-09-23,21:05:22,smas,7+ Years,Large (70lbs and over),Other
Culinary Harvest Turkey Herring Kibble,2026-10-05,19:21:45,meta,1-6 Years,Large (70lbs and over),Blue Buffalo
Culinary Harvest Turkey Herring Kibble,2026-10-08,22:14:55,smas,1-6 Years,Small (up to 30lbs),Wellness Pet Food
Culinary Harvest Turkey Herring Kibble,2026-09-07,18:35:25,smas,7+ Years,Small (up to 30lbs),Hill's Science Diet
Culinary Harvest Turkey Herring Kibble,2026-10-06,21:36:32,meta,7+ Years,Small (up to 30lbs),Other
Culinary Harvest Turkey Herring Kibble,2026-09-13,05:53:08,meta,7+ Years,Small (up to 30lbs),Other
Culinary Harvest Turkey Herring Kibble,2026-09-23,21:19:23,smas,1-6 Years,Medium (31lbs to 69lbs),Other
Culinary Harvest Turkey Herring Kibble,2026-09-22,00:38:48,meta,7+ Years,Medium (31lbs to 69lbs),Wellness Pet Food
Culinary Harvest Turkey Herring Kibble,2026-09-21,18:13:42,meta,1-6 Years,Medium (31lbs to 69lbs),Purina
Culinary Harvest Turkey Herring Kibble,2026-09-01,23:07:35,meta,7+ Years,Medium (31lbs to 69lbs),Taste of the Wild
Culinary Harvest Turkey Herring Kibble,2026-09-25,19:40:42,meta,7+ Years,Medium (31lbs to 69lbs),Blue Buffalo
Culinary Harvest Turkey Herring Kibble,2026-10-05,20:40:40,meta,1-6 Years,Small (up to 30lbs),Purina
Culinary Harvest Turkey Herring Kibble,2026-09-07,20:39:16,smas,1-6 Years,Large (70lbs and over),Blue Buffalo
Culinary Harvest Turkey Herring Kibble,2026-10-08,00:01:26,smas,1-6 Years,Small (up to 30lbs),Other
Culinary Harvest Turkey Herring Kibble,2026-09-18,11:15:36,meta,1-6 Years,Small (up to 30lbs),Other
Culinary Harvest Turkey Herring Kibble,2026-10-05,21:51:43,meta,1-6 Years,Small (up to 30lbs),Taste of the Wild
Culinary Harvest Turkey Herring Kibble,2026-10-05,19:44:53,meta,1-6 Years,Small (up to 30lbs),Other
Culinary Harvest Turkey Herring Kibble,2026-09-05,17:57:36,meta,7+ Years,Medium (31lbs to 69lbs),Purina
Culinary Harvest Turkey Herring Kibble,2026-09-07,21:46:11,smas,7+ Years,Small (up to 30lbs),Other
Culinary Harvest Turkey Herring Kibble,2026-09-23,21:29:14,smas,1-6 Years,Small (up to 30lbs),Wellness Pet Food
Culinary Harvest Turkey Herring Kibble,2026-09-07,14:46:23,meta,1-6 Years,Small (up to 30lbs),Other
Culinary Harvest Turkey Herring Kibble,2026-10-06,01:02:45,meta,1-6 Years,Small (up to 30lbs),Taste of the Wild
Culinary Harvest Turkey Herring Kibble,2026-10-05,18:16:07,meta,1-6 Years,Medium (31lbs to 69lbs),Purina
Culinary Harvest Turkey Herring Kibble,2026-09-23,04:03:07,meta,7+ Years,Small (up to 30lbs),Purina
Culinary Harvest Turkey Herring Kibble,2026-09-25,12:23:05,meta,7+ Years,Small (up to 30lbs),Other
Culinary Harvest Turkey Herring Kibble,2026-09-07,21:18:27,smas,7+ Years,Small (up to 30lbs),Other
Culinary Harvest Turkey Herring Kibble,2026-09-07,17:18:47,smas,1-6 Years,Medium (31lbs to 69lbs),Other
Culinary Harvest Turkey Herring Kibble,2026-10-07,04:00:06,meta,7+ Years,Small (up to 30lbs),Open Farm
Culinary Harvest Turkey Herring Kibble,2026-09-04,15:44:39,meta,1-6 Years,Small (up to 30lbs),Hill's Science Diet
Culinary Harvest Turkey Herring Kibble,2026-10-05,17:23:34,meta,1-6 Years,Medium (31lbs to 69lbs),Purina
Culinary Harvest Turkey Herring Kibble,2026-10-08,06:19:31,smas,7+ Years,Small (up to 30lbs),Hill's Science Diet
Culinary Harvest Turkey Herring Kibble,2026-10-07,01:05:34,smas,1-6 Years,Medium (31lbs to 69lbs),Other
Culinary Harvest Turkey Herring Kibble,2026-10-07,22:05:45,smas,7+ Years,Small (up to 30lbs),Nutri Source
Culinary Harvest Turkey Herring Kibble,2026-10-05,23:06:42,meta,1-6 Years,Medium (31lbs to 69lbs),Other
Culinary Harvest Turkey Herring Kibble,2026-09-23,21:06:54,smas,1-6 Years,Small (up to 30lbs),Purina
Culinary Harvest Turkey Herring Kibble,2026-09-23,16:48:00,meta,7+ Years,Medium (31lbs to 69lbs),Other
Culinary Harvest Turkey Herring Kibble,2026-09-23,23:50:19,smas,7+ Years,Large (70lbs and over),Hill's Science Diet
Culinary Harvest Turkey Herring Kibble,2026-09-05,04:44:37,meta,7+ Years,Small (up to 30lbs),Hill's Science Diet
Culinary Harvest Turkey Herring Kibble,2026-09-02,00:39:55,meta,1-6 Years,Medium (31lbs to 69lbs),Purina
Culinary Harvest Turkey Herring Kibble,2026-09-24,00:35:11,smas,1-6 Years,Large (70lbs and over),Blue Buffalo
Culinary Harvest Turkey Herring Kibble,2026-09-22,02:09:54,meta,7+ Years,Small (up to 30lbs),Wellness Pet Food
Culinary Harvest Turkey Herring Kibble,2026-10-06,12:59:09,meta,7+ Years,Large (70lbs and over),Hill's Science Diet
Culinary Harvest Turkey Herring Kibble,2026-10-07,17:32:13,meta,7+ Years,Large (70lbs and over),Blue Buffalo
Culinary Harvest Turkey Herring Kibble,2026-10-06,12:53:33,meta,7+ Years,Small (up to 30lbs),Other
Culinary Harvest Turkey Herring Kibble,2026-09-26,22:56:30,smas,7+ Years,Large (70lbs and over),Other
Culinary Harvest Turkey Herring Kibble,2026-09-10,15:01:49,meta,1-6 Years,Small (up to 30lbs),Other
Culinary Harvest Turkey Herring Kibble,2026-09-11,15:07:45,meta,1-6 Years,Medium (31lbs to 69lbs),Other
Culinary Harvest Turkey Herring Kibble,2026-10-06,20:20:52,meta,1-6 Years,Large (70lbs and over),Blue Buffalo
Culinary Harvest Turkey Herring Kibble,2026-09-11,09:29:10,smas,7+ Years,Medium (31lbs to 69lbs),Other
Culinary Harvest Turkey Herring Kibble,2026-09-07,17:11:28,smas,7+ Years,Large (70lbs and over),Purina
Culinary Harvest Turkey Herring Kibble,2026-10-08,21:08:44,smas,1-6 Years,Medium (31lbs to 69lbs),Merrick
Culinary Harvest Turkey Herring Kibble,2026-10-05,17:02:49,meta,7+ Years,Small (up to 30lbs),Blue Buffalo
Culinary Harvest Turkey Herring Kibble,2026-10-05,17:49:12,meta,1-6 Years,Large (70lbs and over),Open Farm
Culinary Harvest Turkey Herring Kibble,2026-10-08,22:29:57,smas,1-6 Years,Medium (31lbs to 69lbs),Purina
Culinary Harvest Turkey Herring Kibble,2026-09-04,16:41:18,meta,1-6 Years,Small (up to 30lbs),Hill's Science Diet
Culinary Harvest Turkey Herring Kibble,2026-10-06,20:22:24,smas,1-6 Years,Medium (31lbs to 69lbs),Blue Buffalo
Culinary Harvest Turkey Herring Kibble,2026-09-05,03:45:22,meta,7+ Years,Small (up to 30lbs),Hill's Science Diet
Culinary Harvest Turkey Herring Kibble,2026-10-07,08:34:54,meta,1-6 Years,Small (up to 30lbs),Other
Culinary Harvest Turkey Herring Kibble,2026-09-12,18:46:07,meta,1-6 Years,Medium (31lbs to 69lbs),Merrick
Culinary Harvest Turkey Herring Kibble,2026-09-07,17:15:17,smas,7+ Years,Small (up to 30lbs),Hill's Science Diet
Culinary Harvest Turkey Herring Kibble,2026-10-05,22:42:35,meta,1-6 Years,Small (up to 30lbs),Hill's Science Diet
Culinary Harvest Turkey Herring Kibble,2026-09-10,10:57:28,meta,1-6 Years,Medium (31lbs to 69lbs),Purina
Culinary Harvest Turkey Herring Kibble,2026-09-18,22:44:33,meta,1-6 Years,Medium (31lbs to 69lbs),Purina
Culinary Harvest Turkey Herring Kibble,2026-10-07,22:16:06,smas,1-6 Years,Large (70lbs and over),Other
Culinary Harvest Turkey Herring Kibble,2026-09-11,15:26:02,meta,1-6 Years,Large (70lbs and over),Purina
Culinary Harvest Turkey Herring Kibble,2026-09-02,03:59:52,meta,1-6 Years,Small (up to 30lbs),Purina
Culinary Harvest Turkey Herring Kibble,2026-09-13,21:26:07,meta,1-6 Years,Small (up to 30lbs),Other
Culinary Harvest Turkey Herring Kibble,2026-09-15,00:21:30,audience_1,1-6 Years,Medium (31lbs to 69lbs),Hill's Science Diet
Culinary Harvest Turkey Herring Kibble,2026-09-24,18:17:32,smas,1-6 Years,Medium (31lbs to 69lbs),Purina
Culinary Harvest Turkey Herring Kibble,2026-09-04,15:18:16,meta,7+ Years,Medium (31lbs to 69lbs),Other
Culinary Harvest Turkey Herring Kibble,2026-09-23,22:10:12,smas,1-6 Years,Medium (31lbs to 69lbs),Blue Buffalo
Culinary Harvest Turkey Herring Kibble,2026-09-26,21:07:02,smas,7+ Years,Medium (31lbs to 69lbs),Purina
Culinary Harvest Turkey Herring Kibble,2026-09-28,15:12:36,smas,1-6 Years,Medium (31lbs to 69lbs),Nutri Source
Culinary Harvest Turkey Herring Kibble,2026-09-08,04:32:09,meta,7+ Years,Small (up to 30lbs),Purina
Culinary Harvest Turkey Herring Kibble,2026-10-05,18:32:33,meta,1-6 Years,Large (70lbs and over),Other
Culinary Harvest Turkey Herring Kibble,2026-10-08,23:06:50,smas,7+ Years,Small (up to 30lbs),Other
Culinary Harvest Turkey Herring Kibble,2026-10-06,18:10:58,meta,1-6 Years,Small (up to 30lbs),Hill's Science Diet
Culinary Harvest Turkey Herring Kibble,2026-09-10,16:51:42,meta,7+ Years,Large (70lbs and over),Open Farm
Culinary Harvest Turkey Herring Kibble,2026-09-23,21:05:19,smas,1-6 Years,Medium (31lbs to 69lbs),Other
Culinary Harvest Turkey Herring Kibble,2026-09-07,22:53:41,smas,1-6 Years,Small (up to 30lbs),Fromm
Culinary Harvest Turkey Herring Kibble,2026-10-05,18:13:33,meta,7+ Years,Small (up to 30lbs),Purina
Culinary Harvest Turkey Herring Kibble,2026-09-09,18:19:08,meta,1-6 Years,Small (up to 30lbs),Other
Culinary Harvest Turkey Herring Kibble,2026-10-06,17:58:51,smas,1-6 Years,Large (70lbs and over),Wellness Pet Food
Culinary Harvest Turkey Herring Kibble,2026-09-07,17:38:21,smas,1-6 Years,Medium (31lbs to 69lbs),Hill's Science Diet
Culinary Harvest Turkey Herring Kibble,2026-10-09,04:47:16,smas,1-6 Years,Large (70lbs and over),Other
Culinary Harvest Turkey Herring Kibble,2026-10-07,23:29:08,smas,7+ Years,Small (up to 30lbs),Taste of the Wild
Culinary Harvest Turkey Herring Kibble,2026-09-02,15:05:53,meta,7+ Years,Small (up to 30lbs),Hill's Science Diet
Culinary Harvest Turkey Herring Kibble,2026-10-06,04:35:28,meta,1-6 Years,Small (up to 30lbs),Other
Culinary Harvest Turkey Herring Kibble,2026-10-09,17:54:05,smas,1-6 Years,Medium (31lbs to 69lbs),Purina
Culinary Harvest Turkey Herring Kibble,2026-10-05,18:14:42,meta,1-6 Years,Small (up to 30lbs),Other
Culinary Harvest Turkey Herring Kibble,2026-09-18,17:13:00,meta,7+ Years,Small (up to 30lbs),Other
Culinary Harvest Turkey Herring Kibble,2026-09-23,21:19:15,smas,7+ Years,Large (70lbs and over),Purina
Culinary Harvest Turkey Herring Kibble,2026-09-01,20:34:10,meta,1-6 Years,Medium (31lbs to 69lbs),Purina
Culinary Harvest Turkey Herring Kibble,2026-09-08,11:11:02,smas,7+ Years,Small (up to 30lbs),Nutri Source
Culinary Harvest Turkey Herring Kibble,2026-09-08,15:31:35,smas,7+ Years,Medium (31lbs to 69lbs),Other
Culinary Harvest Turkey Herring Kibble,2026-09-02,00:17:45,meta,7+ Years,Small (up to 30lbs),Blue Buffalo
Culinary Harvest Turkey Herring Kibble,2026-09-04,21:12:01,meta,1-6 Years,Medium (31lbs to 69lbs),Other
Culinary Harvest Turkey Herring Kibble,2026-09-10,00:35:25,smas,7+ Years,Large (70lbs and over),Purina
Culinary Harvest Turkey Herring Kibble,2026-09-17,12:58:59,smas,1-6 Years,Medium (31lbs to 69lbs),Purina
Culinary Harvest Turkey Herring Kibble,2026-10-07,21:02:30,smas,1-6 Years,Small (up to 30lbs),Other
Culinary Harvest Turkey Herring Kibble,2026-09-13,05:42:14,meta,7+ Years,Medium (31lbs to 69lbs),Purina
Culinary Harvest Turkey Herring Kibble,2026-09-06,17:48:41,meta,7+ Years,Medium (31lbs to 69lbs),Fromm
Culinary Harvest Turkey Herring Kibble,2026-09-06,20:46:50,meta,1-6 Years,Small (up to 30lbs),Other
Culinary Harvest Turkey Herring Kibble,2026-09-09,20:41:46,smas,1-6 Years,Small (up to 30lbs),Purina
Culinary Harvest Turkey Herring Kibble,2026-10-07,20:05:56,smas,1-6 Years,Small (up to 30lbs),Other
Culinary Harvest Turkey Herring Kibble,2026-09-04,00:37:15,meta,7+ Years,Small (up to 30lbs),Other
Culinary Harvest Turkey Herring Kibble,2026-09-03,13:20:57,meta,1-6 Years,Large (70lbs and over),Open Farm
Culinary Harvest Turkey Herring Kibble,2026-09-23,00:13:20,meta,1-6 Years,Small (up to 30lbs),Other
Culinary Harvest Turkey Herring Kibble,2026-09-26,00:05:27,meta,1-6 Years,Medium (31lbs to 69lbs),Taste of the Wild
Culinary Harvest Turkey Herring Kibble,2026-10-06,07:24:53,meta,1-6 Years,Small (up to 30lbs),Purina
Culinary Harvest Turkey Herring Kibble,2026-09-05,04:51:50,meta,1-6 Years,Medium (31lbs to 69lbs),Other
Culinary Harvest Turkey Herring Kibble,2026-09-25,16:41:01,meta,1-6 Years,Large (70lbs and over),Purina
Culinary Harvest Turkey Herring Kibble,2026-09-25,02:20:31,meta,1-6 Years,Small (up to 30lbs),Other
Culinary Harvest Turkey Herring Kibble,2026-09-07,12:20:51,meta,1-6 Years,Small (up to 30lbs),Other
Culinary Harvest Turkey Herring Kibble,2026-10-07,20:40:43,smas,1-6 Years,Medium (31lbs to 69lbs),Other
Culinary Harvest Turkey Herring Kibble,2026-09-24,17:55:08,smas,1-6 Years,Small (up to 30lbs),Other
Culinary Harvest Turkey Herring Kibble,2026-10-05,20:19:09,meta,1-6 Years,Small (up to 30lbs),Other
Culinary Harvest Turkey Herring Kibble,2026-10-07,22:35:21,smas,1-6 Years,Small (up to 30lbs),Hill's Science Diet
Culinary Harvest Turkey Herring Kibble,2026-10-06,17:54:09,smas,7+ Years,Small (up to 30lbs),Blue Buffalo
Culinary Harvest Turkey Herring Kibble,2026-09-24,11:12:07,smas,1-6 Years,Large (70lbs and over),Purina
Culinary Harvest Turkey Herring Kibble,2026-10-06,20:35:15,meta,1-6 Years,Large (70lbs and over),Blue Buffalo
Culinary Harvest Turkey Herring Kibble,2026-10-09,00:01:02,smas,1-6 Years,Small (up to 30lbs),Blue Buffalo
Culinary Harvest Turkey Herring Kibble,2026-09-13,20:59:23,meta,1-6 Years,Medium (31lbs to 69lbs),Other
Culinary Harvest Turkey Herring Kibble,2026-09-07,21:14:28,meta,1-6 Years,Large (70lbs and over),Purina
Culinary Harvest Turkey Herring Kibble,2026-09-23,21:05:31,smas,7+ Years,Medium (31lbs to 69lbs),Purina
Culinary Harvest Turkey Herring Kibble,2026-09-23,21:12:14,smas,7+ Years,Small (up to 30lbs),Other
Culinary Harvest Turkey Herring Kibble,2026-09-14,21:54:27,meta,7+ Years,Large (70lbs and over),Purina
Culinary Harvest Turkey Herring Kibble,2026-10-07,20:09:03,smas,1-6 Years,Medium (31lbs to 69lbs),Purina
Culinary Harvest Turkey Herring Kibble,2026-09-25,14:40:01,meta,7+ Years,Medium (31lbs to 69lbs),Hill's Science Diet
Culinary Harvest Turkey Herring Kibble,2026-10-05,18:39:13,meta,7+ Years,Small (up to 30lbs),Other
Culinary Harvest Turkey Herring Kibble,2026-10-06,18:34:41,smas,7+ Years,Small (up to 30lbs),Hill's Science Diet
Culinary Harvest Turkey Herring Kibble,2026-10-07,19:49:09,meta,7+ Years,Small (up to 30lbs),Purina
Culinary Harvest Turkey Herring Kibble,2026-10-06,18:27:31,meta,7+ Years,Medium (31lbs to 69lbs),Nulo
Culinary Harvest Turkey Herring Kibble,2026-10-08,20:50:54,smas,1-6 Years,Large (70lbs and over),Merrick
Culinary Harvest Turkey Herring Kibble,2026-10-07,23:14:50,meta,7+ Years,Small (up to 30lbs),Blue Buffalo
Culinary Harvest Turkey Herring Kibble,2026-10-05,23:55:18,meta,1-6 Years,Small (up to 30lbs),Other
Culinary Harvest Turkey Herring Kibble,2026-09-09,14:15:07,meta,7+ Years,Medium (31lbs to 69lbs),Other
Culinary Harvest Turkey Herring Kibble,2026-10-09,02:25:32,smas,7+ Years,Large (70lbs and over),Hill's Science Diet
Culinary Harvest Turkey Herring Kibble,2026-10-08,22:40:06,smas,1-6 Years,Medium (31lbs to 69lbs),Purina
Culinary Harvest Turkey Herring Kibble,2026-09-07,18:02:09,smas,1-6 Years,Large (70lbs and over),Other
Culinary Harvest Turkey Herring Kibble,2026-10-05,17:30:22,meta,1-6 Years,Small (up to 30lbs),Purina
Culinary Harvest Turkey Herring Kibble,2026-09-14,17:00:38,meta,7+ Years,Small (up to 30lbs),Hill's Science Diet
Culinary Harvest Turkey Herring Kibble,2026-10-06,19:48:25,meta,7+ Years,Medium (31lbs to 69lbs),Purina
Culinary Harvest Turkey Herring Kibble,2026-10-05,14:39:33,meta,1-6 Years,Small (up to 30lbs),Other
Culinary Harvest Turkey Herring Kibble,2026-10-06,20:30:15,smas,1-6 Years,Large (70lbs and over),Taste of the Wild
Culinary Harvest Turkey Herring Kibble,2026-09-13,16:59:31,meta,1-6 Years,Small (up to 30lbs),Other
Culinary Harvest Turkey Herring Kibble,2026-09-21,15:43:13,meta,1-6 Years,Large (70lbs and over),Hill's Science Diet
Culinary Harvest Turkey Herring Kibble,2026-10-09,18:01:31,meta,1-6 Years,Large (70lbs and over),Other
Culinary Harvest Turkey Herring Kibble,2026-10-08,21:10:01,smas,1-6 Years,Large (70lbs and over),Other
Culinary Harvest Turkey Herring Kibble,2026-10-06,18:20:30,smas,Under One Year,Small (up to 30lbs),Other
Culinary Harvest Turkey Herring Kibble,2026-09-24,00:42:29,smas,7+ Years,Large (70lbs and over),Other
Culinary Harvest Turkey Herring Kibble,2026-09-13,23:02:43,meta,1-6 Years,Small (up to 30lbs),Purina
Culinary Harvest Turkey Herring Kibble,2026-09-25,14:13:34,smas,1-6 Years,Small (up to 30lbs),Other
Culinary Harvest Turkey Herring Kibble,2026-09-15,10:53:02,audience_1,1-6 Years,Large (70lbs and over),Purina
Culinary Harvest Turkey Herring Kibble,2026-09-14,17:44:09,audience_1,1-6 Years,Medium (31lbs to 69lbs),Hill's Science Diet
Culinary Harvest Turkey Herring Kibble,2026-09-15,10:16:31,meta,1-6 Years,Medium (31lbs to 69lbs),Hill's Science Diet
Culinary Harvest Turkey Herring Kibble,2026-10-06,06:36:55,meta,1-6 Years,Small (up to 30lbs),Purina
Culinary Harvest Turkey Herring Kibble,2026-09-23,17:13:42,meta,7+ Years,Small (up to 30lbs),Purina
Culinary Harvest Turkey Herring Kibble,2026-09-15,19:02:00,meta,1-6 Years,Large (70lbs and over),Other
Culinary Harvest Turkey Herring Kibble,2026-09-12,13:26:40,smas,1-6 Years,Medium (31lbs to 69lbs),Other
Culinary Harvest Turkey Herring Kibble,2026-09-04,19:46:34,meta,7+ Years,Large (70lbs and over),Purina
Culinary Harvest Turkey Herring Kibble,2026-10-07,20:02:49,smas,1-6 Years,Small (up to 30lbs),Other
Culinary Harvest Turkey Herring Kibble,2026-09-23,21:52:36,smas,7+ Years,Medium (31lbs to 69lbs),Other
Culinary Harvest Turkey Herring Kibble,2026-09-14,18:11:18,meta,7+ Years,Medium (31lbs to 69lbs),Purina
Culinary Harvest Turkey Herring Kibble,2026-09-27,14:44:06,smas,1-6 Years,Small (up to 30lbs),Other
Culinary Harvest Turkey Herring Kibble,2026-10-08,22:12:53,smas,1-6 Years,Medium (31lbs to 69lbs),Purina
Culinary Harvest Turkey Herring Kibble,2026-09-23,21:22:40,smas,7+ Years,Large (70lbs and over),Other
Culinary Harvest Turkey Herring Kibble,2026-10-07,04:43:05,meta,1-6 Years,Large (70lbs and over),Other
Culinary Harvest Turkey Herring Kibble,2026-09-27,14:46:07,smas,1-6 Years,Medium (31lbs to 69lbs),Purina
Culinary Harvest Turkey Herring Kibble,2026-10-06,00:51:40,meta,1-6 Years,Large (70lbs and over),Hill's Science Diet
Culinary Harvest Turkey Herring Kibble,2026-09-17,00:54:54,meta,Under One Year,Small (up to 30lbs),Hill's Science Diet
Culinary Harvest Turkey Herring Kibble,2026-10-06,22:01:01,smas,7+ Years,Large (70lbs and over),Other
Culinary Harvest Turkey Herring Kibble,2026-10-05,17:34:18,meta,7+ Years,Large (70lbs and over),Purina
Culinary Harvest Turkey Herring Kibble,2026-09-24,21:35:35,meta,1-6 Years,Small (up to 30lbs),Hill's Science Diet
Culinary Harvest Turkey Herring Kibble,2026-10-07,20:04:47,smas,1-6 Years,Small (up to 30lbs),Hill's Science Diet
Culinary Harvest Turkey Herring Kibble,2026-09-13,02:19:14,meta,7+ Years,Small (up to 30lbs),Wellness Pet Food
Culinary Harvest Turkey Herring Kibble,2026-09-15,23:28:03,audience_1,1-6 Years,Medium (31lbs to 69lbs),Other
Culinary Harvest Turkey Herring Kibble,2026-09-14,18:09:15,audience_1,7+ Years,Small (up to 30lbs),Other
Culinary Harvest Turkey Herring Kibble,2026-10-05,17:53:50,meta,7+ Years,Small (up to 30lbs),Purina
Culinary Harvest Turkey Herring Kibble,2026-09-08,03:08:54,meta,1-6 Years,Medium (31lbs to 69lbs),Other
Culinary Harvest Turkey Herring Kibble,2026-09-24,14:58:09,meta,7+ Years,Small (up to 30lbs),Other
Culinary Harvest Turkey Herring Kibble,2026-10-05,22:13:46,meta,1-6 Years,Small (up to 30lbs),Blue Buffalo
Culinary Harvest Turkey Herring Kibble,2026-09-11,20:25:20,meta,7+ Years,Medium (31lbs to 69lbs),Purina
Culinary Harvest Turkey Herring Kibble,2026-10-09,17:33:52,smas,1-6 Years,Small (up to 30lbs),Purina
Culinary Harvest Turkey Herring Kibble,2026-09-15,12:40:20,audience_1,1-6 Years,Large (70lbs and over),Purina
Culinary Harvest Turkey Herring Kibble,2026-09-25,04:58:55,meta,1-6 Years,Medium (31lbs to 69lbs),Blue Buffalo
Culinary Harvest Turkey Herring Kibble,2026-09-25,14:43:52,meta,1-6 Years,Medium (31lbs to 69lbs),Purina
Culinary Harvest Turkey Herring Kibble,2026-09-23,23:27:14,smas,1-6 Years,Medium (31lbs to 69lbs),Hill's Science Diet
Culinary Harvest Turkey Herring Kibble,2026-09-09,22:37:09,smas,7+ Years,Medium (31lbs to 69lbs),Other
Culinary Harvest Turkey Herring Kibble,2026-09-24,13:14:27,smas,1-6 Years,Small (up to 30lbs),Blue Buffalo
Culinary Harvest Turkey Herring Kibble,2026-10-06,17:52:06,smas,1-6 Years,Small (up to 30lbs),Blue Buffalo
Culinary Harvest Turkey Herring Kibble,2026-10-08,03:31:20,smas,7+ Years,Small (up to 30lbs),Purina
Culinary Harvest Turkey Herring Kibble,2026-09-02,21:35:43,meta,7+ Years,Medium (31lbs to 69lbs),Other
Culinary Harvest Turkey Herring Kibble,2026-09-03,04:26:34,meta,1-6 Years,Medium (31lbs to 69lbs),Other
Culinary Harvest Turkey Herring Kibble,2026-09-25,06:57:26,meta,1-6 Years,Small (up to 30lbs),Purina
Culinary Harvest Turkey Herring Kibble,2026-09-08,06:59:17,smas,7+ Years,Medium (31lbs to 69lbs),Open Farm
Culinary Harvest Turkey Herring Kibble,2026-09-07,20:06:35,meta,7+ Years,Small (up to 30lbs),Other
Culinary Harvest Turkey Herring Kibble,2026-10-07,19:50:51,smas,7+ Years,Small (up to 30lbs),Other
Culinary Harvest Turkey Herring Kibble,2026-10-07,16:39:06,meta,1-6 Years,Small (up to 30lbs),Purina
Culinary Harvest Turkey Herring Kibble,2026-09-07,17:06:59,smas,1-6 Years,Medium (31lbs to 69lbs),Purina
Culinary Harvest Turkey Herring Kibble,2026-10-05,20:31:21,meta,1-6 Years,Large (70lbs and over),Blue Buffalo
Culinary Harvest Turkey Herring Kibble,2026-10-06,17:52:12,smas,1-6 Years,Medium (31lbs to 69lbs),Purina
Culinary Harvest Turkey Herring Kibble,2026-09-29,05:25:02,audience_1,7+ Years,Medium (31lbs to 69lbs),Hill's Science Diet
Culinary Harvest Turkey Herring Kibble,2026-09-21,22:36:24,meta,1-6 Years,Small (up to 30lbs),Purina
Culinary Harvest Turkey Herring Kibble,2026-09-07,17:12:51,smas,1-6 Years,Medium (31lbs to 69lbs),Other
Culinary Harvest Turkey Herring Kibble,2026-10-06,04:08:10,meta,7+ Years,Medium (31lbs to 69lbs),Other
Culinary Harvest Turkey Herring Kibble,2026-09-15,17:15:58,audience_1,1-6 Years,Small (up to 30lbs),Purina
Culinary Harvest Turkey Herring Kibble,2026-10-05,17:53:22,meta,1-6 Years,Small (up to 30lbs),Purina
Culinary Harvest Turkey Herring Kibble,2026-09-07,22:43:21,smas,1-6 Years,Medium (31lbs to 69lbs),Blue Buffalo
Culinary Harvest Turkey Herring Kibble,2026-09-16,19:52:45,meta,1-6 Years,Small (up to 30lbs),Purina
Culinary Harvest Turkey Herring Kibble,2026-10-08,02:37:19,meta,7+ Years,Small (up to 30lbs),Other
Culinary Harvest Turkey Herring Kibble,2026-09-02,02:12:11,meta,1-6 Years,Medium (31lbs to 69lbs),Purina
Culinary Harvest Turkey Herring Kibble,2026-09-02,20:01:12,meta,7+ Years,Small (up to 30lbs),Other
Culinary Harvest Turkey Herring Kibble,2026-10-06,18:32:35,smas,1-6 Years,Small (up to 30lbs),Other
Culinary Harvest Turkey Herring Kibble,2026-10-06,02:24:53,meta,1-6 Years,Small (up to 30lbs),Hill's Science Diet
Culinary Harvest Turkey Herring Kibble,2026-09-15,17:27:59,audience_1,7+ Years,Large (70lbs and over),Purina
Culinary Harvest Turkey Herring Kibble,2026-10-05,21:44:40,meta,1-6 Years,Large (70lbs and over),Taste of the Wild
Culinary Harvest Turkey Herring Kibble,2026-10-08,20:48:47,smas,7+ Years,Medium (31lbs to 69lbs),Purina
Culinary Harvest Turkey Herring Kibble,2026-09-23,16:43:36,meta,1-6 Years,Medium (31lbs to 69lbs),Other
Culinary Harvest Turkey Herring Kibble,2026-09-03,13:47:41,meta,7+ Years,Small (up to 30lbs),Blue Buffalo
Culinary Harvest Turkey Herring Kibble,2026-09-24,17:15:51,smas,7+ Years,Medium (31lbs to 69lbs),Nutri Source
Culinary Harvest Turkey Herring Kibble,2026-10-06,22:23:32,meta,1-6 Years,Medium (31lbs to 69lbs),Other
Culinary Harvest Turkey Herring Kibble,2026-10-09,15:58:32,meta,1-6 Years,Medium (31lbs to 69lbs),Purina
Culinary Harvest Turkey Herring Kibble,2026-09-08,03:10:34,meta,1-6 Years,Small (up to 30lbs),Other
Culinary Harvest Turkey Herring Kibble,2026-09-25,11:54:44,meta,1-6 Years,Small (up to 30lbs),Other
Culinary Harvest Turkey Herring Kibble,2026-09-26,22:10:34,smas,7+ Years,Small (up to 30lbs),Purina
Culinary Harvest Turkey Herring Kibble,2026-09-12,12:37:46,meta,1-6 Years,Large (70lbs and over),Hill's Science Diet
Culinary Harvest Turkey Herring Kibble,2026-10-09,00:25:47,smas,7+ Years,Small (up to 30lbs),Hill's Science Diet
Culinary Harvest Turkey Herring Kibble,2026-09-23,22:46:15,smas,1-6 Years,Medium (31lbs to 69lbs),Purina
Culinary Harvest Turkey Herring Kibble,2026-09-23,22:16:14,meta,1-6 Years,Small (up to 30lbs),Purina
Culinary Harvest Turkey Herring Kibble,2026-09-04,15:07:16,meta,1-6 Years,Small (up to 30lbs),Blue Buffalo
Culinary Harvest Turkey Herring Kibble,2026-09-14,04:52:19,meta,1-6 Years,Large (70lbs and over),Other
Culinary Harvest Turkey Herring Kibble,2026-10-05,18:25:58,meta,1-6 Years,Medium (31lbs to 69lbs),Nutri Source
Culinary Harvest Turkey Herring Kibble,2026-09-07,10:57:30,meta,7+ Years,Medium (31lbs to 69lbs),Taste of the Wild
Culinary Harvest Turkey Herring Kibble,2026-10-08,21:47:09,smas,7+ Years,Medium (31lbs to 69lbs),Other
Culinary Harvest Turkey Herring Kibble,2026-09-15,17:29:55,meta,1-6 Years,Medium (31lbs to 69lbs),Blue Buffalo
Culinary Harvest Turkey Herring Kibble,2026-09-21,16:19:38,meta,1-6 Years,Large (70lbs and over),Other
Culinary Harvest Turkey Herring Kibble,2026-09-23,23:44:49,smas,1-6 Years,Medium (31lbs to 69lbs),Purina
Culinary Harvest Turkey Herring Kibble,2026-10-07,23:49:37,smas,7+ Years,Medium (31lbs to 69lbs),Purina
Culinary Harvest Turkey Herring Kibble,2026-09-07,18:40:22,smas,1-6 Years,Large (70lbs and over),Other
Culinary Harvest Turkey Herring Kibble,2026-09-08,15:25:05,smas,1-6 Years,Small (up to 30lbs),Other
Culinary Harvest Turkey Herring Kibble,2026-09-05,00:27:17,meta,7+ Years,Small (up to 30lbs),Blue Buffalo
Culinary Harvest Turkey Herring Kibble,2026-10-08,21:16:01,smas,Under One Year,Small (up to 30lbs),Blue Buffalo
Culinary Harvest Turkey Herring Kibble,2026-09-09,00:22:30,meta,7+ Years,Medium (31lbs to 69lbs),Purina
Culinary Harvest Turkey Herring Kibble,2026-09-21,16:19:44,meta,1-6 Years,Small (up to 30lbs),Other
Culinary Harvest Turkey Herring Kibble,2026-09-21,22:33:27,meta,1-6 Years,Small (up to 30lbs),Hill's Science Diet
Culinary Harvest Turkey Herring Kibble,2026-09-06,18:50:25,meta,1-6 Years,Small (up to 30lbs),Blue Buffalo
Culinary Harvest Turkey Herring Kibble,2026-09-25,06:29:35,meta,7+ Years,Small (up to 30lbs),Other
Culinary Harvest Turkey Herring Kibble,2026-09-07,17:06:40,smas,1-6 Years,Medium (31lbs to 69lbs),Other
Culinary Harvest Turkey Herring Kibble,2026-10-09,01:26:01,meta,1-6 Years,Medium (31lbs to 69lbs),Other
Culinary Harvest Turkey Herring Kibble,2026-09-21,21:59:44,meta,1-6 Years,Small (up to 30lbs),Purina
Culinary Harvest Turkey Herring Kibble,2026-09-05,04:30:15,meta,1-6 Years,Medium (31lbs to 69lbs),Other
Culinary Harvest Turkey Herring Kibble,2026-09-02,15:17:54,meta,1-6 Years,Medium (31lbs to 69lbs),Purina
Culinary Harvest Turkey Herring Kibble,2026-09-16,13:59:23,meta,1-6 Years,Medium (31lbs to 69lbs),Purina
Culinary Harvest Turkey Herring Kibble,2026-09-10,14:23:10,meta,7+ Years,Large (70lbs and over),Nulo
Culinary Harvest Turkey Herring Kibble,2026-10-07,22:29:35,smas,1-6 Years,Small (up to 30lbs),Hill's Science Diet
Culinary Harvest Turkey Herring Kibble,2026-09-14,02:15:46,meta,1-6 Years,Medium (31lbs to 69lbs),Hill's Science Diet
Culinary Harvest Turkey Herring Kibble,2026-10-06,17:50:54,smas,7+ Years,Large (70lbs and over),Nutri Source
Culinary Harvest Turkey Herring Kibble,2026-10-05,20:24:50,meta,1-6 Years,Small (up to 30lbs),Purina
Culinary Harvest Turkey Herring Kibble,2026-09-23,21:37:09,meta,7+ Years,Small (up to 30lbs),Blue Buffalo
Culinary Harvest Turkey Herring Kibble,2026-09-06,07:06:36,meta,7+ Years,Large (70lbs and over),Other
Culinary Harvest Turkey Herring Kibble,2026-09-05,14:38:35,meta,7+ Years,Small (up to 30lbs),Other
Culinary Harvest Turkey Herring Kibble,2026-09-02,11:39:25,meta,7+ Years,Medium (31lbs to 69lbs),Other
Culinary Harvest Turkey Herring Kibble,2026-10-08,20:53:04,smas,1-6 Years,Small (up to 30lbs),Wellness Pet Food
Culinary Harvest Turkey Herring Kibble,2026-09-23,23:19:07,smas,1-6 Years,Large (70lbs and over),Other
Culinary Harvest Turkey Herring Kibble,2026-10-07,20:13:07,smas,1-6 Years,Small (up to 30lbs),Hill's Science Diet
Culinary Harvest Turkey Herring Kibble,2026-10-06,19:51:16,meta,1-6 Years,Small (up to 30lbs),Other
Culinary Harvest Turkey Herring Kibble,2026-09-05,22:47:14,meta,7+ Years,Medium (31lbs to 69lbs),Purina
Culinary Harvest Turkey Herring Kibble,2026-10-06,06:23:55,meta,1-6 Years,Large (70lbs and over),Nutri Source
Culinary Harvest Turkey Herring Kibble,2026-09-15,14:57:03,meta,1-6 Years,Large (70lbs and over),Other
Culinary Harvest Turkey Herring Kibble,2026-09-04,00:21:27,meta,1-6 Years,Large (70lbs and over),Purina
Culinary Harvest Turkey Herring Kibble,2026-09-02,15:05:12,meta,Under One Year,Small (up to 30lbs),Blue Buffalo
Culinary Harvest Turkey Herring Kibble,2026-10-07,01:23:05,smas,7+ Years,Small (up to 30lbs),Stella & Chewy's
Culinary Harvest Turkey Herring Kibble,2026-09-23,00:09:51,meta,7+ Years,Medium (31lbs to 69lbs),Other
Culinary Harvest Turkey Herring Kibble,2026-10-06,21:04:33,meta,7+ Years,Large (70lbs and over),Hill's Science Diet
Culinary Harvest Turkey Herring Kibble,2026-09-03,01:04:09,meta,1-6 Years,Medium (31lbs to 69lbs),Purina
Culinary Harvest Turkey Herring Kibble,2026-09-18,00:36:59,meta,1-6 Years,Small (up to 30lbs),Blue Buffalo
Culinary Harvest Turkey Herring Kibble,2026-10-06,01:00:31,meta,7+ Years,Medium (31lbs to 69lbs),Blue Buffalo
Culinary Harvest Turkey Herring Kibble,2026-09-23,21:20:52,smas,7+ Years,Large (70lbs and over),Nulo
Culinary Harvest Turkey Herring Kibble,2026-10-09,22:34:53,meta,7+ Years,Medium (31lbs to 69lbs),Blue Buffalo
Culinary Harvest Turkey Herring Kibble,2026-09-25,11:50:29,audience_1,1-6 Years,Large (70lbs and over),Nulo
Culinary Harvest Turkey Herring Kibble,2026-09-04,22:47:03,meta,1-6 Years,Medium (31lbs to 69lbs),Other
Culinary Harvest Turkey Herring Kibble,2026-10-06,11:47:54,meta,7+ Years,Medium (31lbs to 69lbs),Purina
Culinary Harvest Turkey Herring Kibble,2026-09-07,17:21:43,smas,1-6 Years,Medium (31lbs to 69lbs),Taste of the Wild
Culinary Harvest Turkey Herring Kibble,2026-10-08,22:02:34,smas,1-6 Years,Medium (31lbs to 69lbs),Blue Buffalo
Culinary Harvest Turkey Herring Kibble,2026-10-05,19:21:59,meta,1-6 Years,Small (up to 30lbs),Purina
Culinary Harvest Turkey Herring Kibble,2026-09-27,00:31:44,smas,1-6 Years,Large (70lbs and over),Purina
Culinary Harvest Turkey Herring Kibble,2026-10-09,18:55:47,smas,1-6 Years,Medium (31lbs to 69lbs),Purina
Culinary Harvest Turkey Herring Kibble,2026-09-23,21:07:26,smas,1-6 Years,Large (70lbs and over),Purina
Culinary Harvest Turkey Herring Kibble,2026-09-14,21:24:57,meta,7+ Years,Small (up to 30lbs),Wellness Pet Food
Culinary Harvest Turkey Herring Kibble,2026-10-09,01:45:32,meta,7+ Years,Small (up to 30lbs),Purina
Culinary Harvest Turkey Herring Kibble,2026-09-11,07:38:18,meta,1-6 Years,Small (up to 30lbs),Other
Culinary Harvest Turkey Herring Kibble,2026-10-06,19:42:00,meta,1-6 Years,Large (70lbs and over),Purina
Culinary Harvest Turkey Herring Kibble,2026-09-24,00:45:11,smas,1-6 Years,Large (70lbs and over),Hill's Science Diet
Culinary Harvest Turkey Herring Kibble,2026-10-06,18:38:53,meta,7+ Years,Small (up to 30lbs),Other
Culinary Harvest Turkey Herring Kibble,2026-09-23,21:12:44,smas,7+ Years,Large (70lbs and over),Taste of the Wild
Culinary Harvest Turkey Herring Kibble,2026-09-07,20:38:47,smas,1-6 Years,Small (up to 30lbs),Purina
Culinary Harvest Turkey Herring Kibble,2026-10-08,20:51:33,smas,7+ Years,Large (70lbs and over),Purina
Culinary Harvest Turkey Herring Kibble,2026-10-07,19:57:50,smas,1-6 Years,Small (up to 30lbs),Other
Culinary Harvest Turkey Herring Kibble,2026-09-24,12:07:54,smas,7+ Years,Small (up to 30lbs),Other
Culinary Harvest Turkey Herring Kibble,2026-10-09,06:51:18,meta,1-6 Years,Small (up to 30lbs),Purina
Culinary Harvest Turkey Herring Kibble,2026-09-18,03:05:27,meta,1-6 Years,Medium (31lbs to 69lbs),Other
Culinary Harvest Turkey Herring Kibble,2026-09-18,01:07:05,meta,1-6 Years,Large (70lbs and over),Other
Culinary Harvest Turkey Herring Kibble,2026-09-07,23:18:54,smas,7+ Years,Small (up to 30lbs),Wellness Pet Food
Culinary Harvest Turkey Herring Kibble,2026-10-07,21:45:44,smas,1-6 Years,Small (up to 30lbs),Hill's Science Diet
Culinary Harvest Turkey Herring Kibble,2026-10-07,20:37:33,smas,1-6 Years,Large (70lbs and over),Other
Culinary Harvest Turkey Herring Kibble,2026-09-11,17:27:01,meta,7+ Years,Large (70lbs and over),Purina
Culinary Harvest Turkey Herring Kibble,2026-10-07,19:59:50,smas,1-6 Years,Medium (31lbs to 69lbs),Purina
Culinary Harvest Turkey Herring Kibble,2026-10-08,21:12:39,smas,1-6 Years,Small (up to 30lbs),Other
Culinary Harvest Turkey Herring Kibble,2026-09-23,22:50:07,meta,7+ Years,Small (up to 30lbs),Purina
Culinary Harvest Turkey Herring Kibble,2026-10-08,22:42:31,smas,7+ Years,Small (up to 30lbs),Hill's Science Diet
Culinary Harvest Turkey Herring Kibble,2026-09-17,01:23:52,meta,7+ Years,Large (70lbs and over),Purina
Culinary Harvest Turkey Herring Kibble,2026-10-05,16:09:19,meta,1-6 Years,Small (up to 30lbs),Other
Culinary Harvest Turkey Herring Kibble,2026-10-07,22:12:22,audience_1,1-6 Years,Large (70lbs and over),Orijen
Culinary Harvest Turkey Herring Kibble,2026-10-06,01:52:56,meta,1-6 Years,Medium (31lbs to 69lbs),Other
Culinary Harvest Turkey Herring Kibble,2026-09-17,16:13:15,meta,7+ Years,Small (up to 30lbs),Other
Culinary Harvest Turkey Herring Kibble,2026-10-08,14:44:19,meta,1-6 Years,Small (up to 30lbs),Other
Culinary Harvest Turkey Herring Kibble,2026-10-07,19:59:53,smas,1-6 Years,Small (up to 30lbs),Purina
Culinary Harvest Turkey Herring Kibble,2026-10-06,21:47:21,audience_1,1-6 Years,Small (up to 30lbs),Hill's Science Diet
Culinary Harvest Turkey Herring Kibble,2026-09-13,02:59:19,meta,1-6 Years,Medium (31lbs to 69lbs),Other
Culinary Harvest Turkey Herring Kibble,2026-10-05,19:05:13,meta,1-6 Years,Medium (31lbs to 69lbs),Blue Buffalo
Culinary Harvest Turkey Herring Kibble,2026-09-05,22:40:19,meta,7+ Years,Medium (31lbs to 69lbs),Other
Culinary Harvest Turkey Herring Kibble,2026-09-10,12:48:19,smas,7+ Years,Large (70lbs and over),Other
Culinary Harvest Turkey Herring Kibble,2026-09-03,19:14:18,meta,7+ Years,Small (up to 30lbs),Other
Culinary Harvest Turkey Herring Kibble,2026-10-07,19:49:35,smas,1-6 Years,Small (up to 30lbs),Hill's Science Diet
Culinary Harvest Turkey Herring Kibble,2026-09-23,21:06:58,smas,1-6 Years,Small (up to 30lbs),Purina
Culinary Harvest Turkey Herring Kibble,2026-09-23,19:46:42,meta,1-6 Years,Small (up to 30lbs),Other
Culinary Harvest Turkey Herring Kibble,2026-10-07,21:07:57,smas,1-6 Years,Small (up to 30lbs),Open Farm
Culinary Harvest Turkey Herring Kibble,2026-09-08,00:19:55,meta,1-6 Years,Large (70lbs and over),Stella & Chewy's
Culinary Harvest Turkey Herring Kibble,2026-10-05,18:34:03,meta,1-6 Years,Small (up to 30lbs),Other
Culinary Harvest Turkey Herring Kibble,2026-09-07,19:00:16,smas,7+ Years,Large (70lbs and over),Purina
Culinary Harvest Turkey Herring Kibble,2026-09-15,18:51:31,meta,1-6 Years,Small (up to 30lbs),Purina
Culinary Harvest Turkey Herring Kibble,2026-10-07,21:09:01,smas,1-6 Years,Small (up to 30lbs),Other
Culinary Harvest Turkey Herring Kibble,2026-09-01,21:22:50,meta,1-6 Years,Small (up to 30lbs),Other
Culinary Harvest Turkey Herring Kibble,2026-09-15,08:25:07,meta,1-6 Years,Small (up to 30lbs),Purina
Culinary Harvest Turkey Herring Kibble,2026-09-07,18:12:36,smas,1-6 Years,Medium (31lbs to 69lbs),Purina
Culinary Harvest Turkey Herring Kibble,2026-09-03,16:19:29,meta,1-6 Years,Medium (31lbs to 69lbs),Other
Culinary Harvest Turkey Herring Kibble,2026-10-07,20:49:39,smas,1-6 Years,Small (up to 30lbs),Blue Buffalo
Culinary Harvest Turkey Herring Kibble,2026-09-14,18:08:41,meta,7+ Years,Medium (31lbs to 69lbs),Nutri Source
Culinary Harvest Turkey Herring Kibble,2026-09-01,17:18:26,meta,1-6 Years,Large (70lbs and over),Blue Buffalo
Culinary Harvest Turkey Herring Kibble,2026-09-13,18:29:10,meta,1-6 Years,Large (70lbs and over),Blue Buffalo
Culinary Harvest Turkey Herring Kibble,2026-09-23,20:25:37,meta,7+ Years,Large (70lbs and over),Other
Culinary Harvest Turkey Herring Kibble,2026-09-07,01:39:01,meta,7+ Years,Small (up to 30lbs),Blue Buffalo
Culinary Harvest Turkey Herring Kibble,2026-09-22,13:03:26,meta,7+ Years,Large (70lbs and over),Other
Culinary Harvest Turkey Herring Kibble,2026-10-05,17:00:43,meta,1-6 Years,Large (70lbs and over),Blue Buffalo
Culinary Harvest Turkey Herring Kibble,2026-09-23,21:04:39,smas,7+ Years,Large (70lbs and over),Purina
Culinary Harvest Turkey Herring Kibble,2026-10-06,18:03:32,smas,7+ Years,Small (up to 30lbs),Purina
Culinary Harvest Turkey Herring Kibble,2026-09-11,00:05:42,smas,1-6 Years,Medium (31lbs to 69lbs),Purina
Culinary Harvest Turkey Herring Kibble,2026-09-22,23:02:21,meta,1-6 Years,Small (up to 30lbs),Nutri Source
Culinary Harvest Turkey Herring Kibble,2026-10-06,20:30:16,smas,1-6 Years,Medium (31lbs to 69lbs),Hill's Science Diet
Culinary Harvest Turkey Herring Kibble,2026-10-10,02:44:30,meta,1-6 Years,Small (up to 30lbs),Other
Culinary Harvest Turkey Herring Kibble,2026-09-01,20:37:29,meta,1-6 Years,Medium (31lbs to 69lbs),Other
Culinary Harvest Turkey Herring Kibble,2026-10-07,15:06:22,meta,7+ Years,Medium (31lbs to 69lbs),Other
Culinary Harvest Turkey Herring Kibble,2026-10-05,23:53:40,meta,1-6 Years,Large (70lbs and over),Purina
Culinary Harvest Turkey Herring Kibble,2026-09-10,06:55:16,meta,1-6 Years,Small (up to 30lbs),Other
Culinary Harvest Turkey Herring Kibble,2026-10-06,03:31:16,meta,7+ Years,Small (up to 30lbs),Purina
Culinary Harvest Turkey Herring Kibble,2026-10-07,21:06:18,smas,1-6 Years,Small (up to 30lbs),Blue Buffalo
Culinary Harvest Turkey Herring Kibble,2026-10-06,18:14:19,smas,1-6 Years,Medium (31lbs to 69lbs),Purina
Culinary Harvest Turkey Herring Kibble,2026-10-09,01:21:24,smas,7+ Years,Medium (31lbs to 69lbs),Blue Buffalo
Culinary Harvest Turkey Herring Kibble,2026-09-06,20:01:11,meta,1-6 Years,Large (70lbs and over),Purina
Culinary Harvest Turkey Herring Kibble,2026-10-06,22:16:32,smas,1-6 Years,Large (70lbs and over),Blue Buffalo
Culinary Harvest Turkey Herring Kibble,2026-09-06,21:00:06,meta,1-6 Years,Small (up to 30lbs),Other
Culinary Harvest Turkey Herring Kibble,2026-09-26,23:04:25,smas,1-6 Years,Small (up to 30lbs),Merrick
Culinary Harvest Turkey Herring Kibble,2026-09-16,03:46:28,audience_1,1-6 Years,Large (70lbs and over),Other
Culinary Harvest Turkey Herring Kibble,2026-10-06,19:33:54,smas,7+ Years,Small (up to 30lbs),Other
Culinary Harvest Turkey Herring Kibble,2026-09-18,13:59:34,audience_1,7+ Years,Small (up to 30lbs),Other
Culinary Harvest Turkey Herring Kibble,2026-09-15,16:00:20,meta,1-6 Years,Medium (31lbs to 69lbs),Purina
Culinary Harvest Turkey Herring Kibble,2026-10-05,16:21:42,meta,Under One Year,Small (up to 30lbs),Stella & Chewy's
Culinary Harvest Turkey Herring Kibble,2026-09-26,21:11:35,smas,1-6 Years,Small (up to 30lbs),Purina
Culinary Harvest Turkey Herring Kibble,2026-09-09,23:43:07,smas,7+ Years,Medium (31lbs to 69lbs),Blue Buffalo
Culinary Harvest Turkey Herring Kibble,2026-09-13,21:53:15,meta,7+ Years,Small (up to 30lbs),Blue Buffalo
Culinary Harvest Turkey Herring Kibble,2026-10-08,21:17:38,smas,1-6 Years,Small (up to 30lbs),Purina
Culinary Harvest Turkey Herring Kibble,2026-09-23,21:07:43,smas,1-6 Years,Medium (31lbs to 69lbs),Other
Culinary Harvest Turkey Herring Kibble,2026-10-08,17:58:37,smas,1-6 Years,Large (70lbs and over),Other
Culinary Harvest Turkey Herring Kibble,2026-09-21,20:07:48,meta,1-6 Years,Large (70lbs and over),Other
Culinary Harvest Turkey Herring Kibble,2026-10-07,18:06:07,audience_1,1-6 Years,Small (up to 30lbs),Orijen
Culinary Harvest Turkey Herring Kibble,2026-09-05,19:34:19,meta,7+ Years,Small (up to 30lbs),Other
Culinary Harvest Turkey Herring Kibble,2026-09-13,07:35:57,meta,7+ Years,Large (70lbs and over),Other
Culinary Harvest Turkey Herring Kibble,2026-09-27,12:01:26,smas,1-6 Years,Large (70lbs and over),Taste of the Wild
Culinary Harvest Turkey Herring Kibble,2026-09-05,18:13:57,meta,1-6 Years,Medium (31lbs to 69lbs),Other
Culinary Harvest Turkey Herring Kibble,2026-09-04,16:27:47,meta,1-6 Years,Medium (31lbs to 69lbs),Other
Culinary Harvest Turkey Herring Kibble,2026-10-07,19:59:41,smas,1-6 Years,Small (up to 30lbs),Blue Buffalo
Culinary Harvest Turkey Herring Kibble,2026-10-09,02:09:55,meta,1-6 Years,Medium (31lbs to 69lbs),Wellness Pet Food
Culinary Harvest Turkey Herring Kibble,2026-09-23,23:36:49,smas,7+ Years,Medium (31lbs to 69lbs),Other
Culinary Harvest Turkey Herring Kibble,2026-10-08,23:20:04,smas,Under One Year,Large (70lbs and over),Blue Buffalo
Culinary Harvest Turkey Herring Kibble,2026-09-24,00:12:57,meta,1-6 Years,Large (70lbs and over),Blue Buffalo
Culinary Harvest Turkey Herring Kibble,2026-09-23,22:54:12,smas,7+ Years,Medium (31lbs to 69lbs),Purina
Culinary Harvest Turkey Herring Kibble,2026-10-06,21:34:28,smas,7+ Years,Small (up to 30lbs),Hill's Science Diet
Culinary Harvest Turkey Herring Kibble,2026-10-07,20:52:03,smas,7+ Years,Large (70lbs and over),Other
Culinary Harvest Turkey Herring Kibble,2026-09-05,00:10:41,meta,1-6 Years,Small (up to 30lbs),Other
Culinary Harvest Turkey Herring Kibble,2026-10-05,16:17:41,meta,1-6 Years,Small (up to 30lbs),Purina
Culinary Harvest Turkey Herring Kibble,2026-09-21,21:09:42,meta,1-6 Years,Large (70lbs and over),Blue Buffalo
Culinary Harvest Turkey Herring Kibble,2026-09-02,19:59:27,meta,1-6 Years,Large (70lbs and over),Blue Buffalo
Culinary Harvest Turkey Herring Kibble,2026-09-21,22:47:53,meta,7+ Years,Medium (31lbs to 69lbs),Purina
Culinary Harvest Turkey Herring Kibble,2026-09-12,13:46:25,meta,1-6 Years,Large (70lbs and over),Other
Culinary Harvest Turkey Herring Kibble,2026-10-07,20:04:46,smas,7+ Years,Large (70lbs and over),Other
Culinary Harvest Turkey Herring Kibble,2026-09-17,17:48:44,meta,Under One Year,Small (up to 30lbs),Blue Buffalo
Culinary Harvest Turkey Herring Kibble,2026-10-09,15:21:17,meta,7+ Years,Small (up to 30lbs),Nutri Source
Culinary Harvest Turkey Herring Kibble,2026-10-05,19:58:24,meta,1-6 Years,Medium (31lbs to 69lbs),Purina
Culinary Harvest Turkey Herring Kibble,2026-10-08,03:12:48,meta,1-6 Years,Small (up to 30lbs),Nulo
Culinary Harvest Turkey Herring Kibble,2026-09-02,00:28:50,meta,7+ Years,Small (up to 30lbs),Wellness Pet Food
Culinary Harvest Turkey Herring Kibble,2026-10-06,01:01:42,meta,1-6 Years,Small (up to 30lbs),Other
Culinary Harvest Turkey Herring Kibble,2026-10-07,03:11:11,smas,1-6 Years,Small (up to 30lbs),Blue Buffalo
Culinary Harvest Turkey Herring Kibble,2026-09-07,21:20:08,smas,1-6 Years,Medium (31lbs to 69lbs),Other
Culinary Harvest Turkey Herring Kibble,2026-09-07,11:28:54,meta,1-6 Years,Small (up to 30lbs),Blue Buffalo
Culinary Harvest Turkey Herring Kibble,2026-10-07,20:00:46,smas,7+ Years,Small (up to 30lbs),Wellness Pet Food
Culinary Harvest Turkey Herring Kibble,2026-10-05,14:18:29,meta,1-6 Years,Small (up to 30lbs),Other
Culinary Harvest Turkey Herring Kibble,2026-10-07,20:52:37,smas,1-6 Years,Small (up to 30lbs),Hill's Science Diet
Culinary Harvest Turkey Herring Kibble,2026-09-09,20:06:36,meta,7+ Years,Large (70lbs and over),Hill's Science Diet
Culinary Harvest Turkey Herring Kibble,2026-10-05,19:06:18,meta,1-6 Years,Large (70lbs and over),Orijen
Culinary Harvest Turkey Herring Kibble,2026-10-05,19:58:51,meta,1-6 Years,Large (70lbs and over),Purina
Culinary Harvest Turkey Herring Kibble,2026-09-01,18:25:55,meta,7+ Years,Large (70lbs and over),Wellness Pet Food
Culinary Harvest Turkey Herring Kibble,2026-09-09,10:42:23,smas,7+ Years,Large (70lbs and over),Other
Culinary Harvest Turkey Herring Kibble,2026-10-07,19:54:41,smas,1-6 Years,Small (up to 30lbs),Blue Buffalo
Culinary Harvest Turkey Herring Kibble,2026-09-14,23:15:49,meta,7+ Years,Small (up to 30lbs),Other
Culinary Harvest Turkey Herring Kibble,2026-09-02,01:25:44,meta,1-6 Years,Large (70lbs and over),Purina
Culinary Harvest Turkey Herring Kibble,2026-10-09,18:26:49,smas,7+ Years,Medium (31lbs to 69lbs),Other
Culinary Harvest Turkey Herring Kibble,2026-09-24,00:07:36,smas,1-6 Years,Large (70lbs and over),Other
Culinary Harvest Turkey Herring Kibble,2026-09-23,21:56:06,smas,1-6 Years,Small (up to 30lbs),Wellness Pet Food
Culinary Harvest Turkey Herring Kibble,2026-09-14,11:39:47,meta,1-6 Years,Medium (31lbs to 69lbs),Other
Culinary Harvest Turkey Herring Kibble,2026-10-08,00:31:20,smas,7+ Years,Small (up to 30lbs),Blue Buffalo
Culinary Harvest Turkey Herring Kibble,2026-09-22,17:19:45,meta,1-6 Years,Medium (31lbs to 69lbs),Taste of the Wild
Culinary Harvest Turkey Herring Kibble,2026-10-08,14:40:02,meta,1-6 Years,Medium (31lbs to 69lbs),Purina
Culinary Harvest Turkey Herring Kibble,2026-10-10,02:37:08,smas,7+ Years,Small (up to 30lbs),Other
Culinary Harvest Turkey Herring Kibble,2026-09-28,21:11:27,smas,1-6 Years,Large (70lbs and over),Purina
Culinary Harvest Turkey Herring Kibble,2026-09-07,17:22:04,smas,1-6 Years,Small (up to 30lbs),Other
Culinary Harvest Turkey Herring Kibble,2026-09-24,01:01:43,smas,7+ Years,Medium (31lbs to 69lbs),Other
Culinary Harvest Turkey Herring Kibble,2026-09-02,17:58:00,meta,1-6 Years,Small (up to 30lbs),Taste of the Wild
Culinary Harvest Turkey Herring Kibble,2026-10-07,03:31:11,meta,Under One Year,Small (up to 30lbs),Open Farm
Culinary Harvest Turkey Herring Kibble,2026-09-08,01:29:25,smas,7+ Years,Medium (31lbs to 69lbs),Purina
Culinary Harvest Turkey Herring Kibble,2026-09-24,12:21:45,smas,7+ Years,Small (up to 30lbs),Blue Buffalo
Culinary Harvest Turkey Herring Kibble,2026-09-07,19:58:27,meta,Under One Year,Small (up to 30lbs),Other
Culinary Harvest Turkey Herring Kibble,2026-09-22,01:57:56,meta,1-6 Years,Large (70lbs and over),Other
Culinary Harvest Turkey Herring Kibble,2026-10-06,03:44:21,meta,1-6 Years,Medium (31lbs to 69lbs),Purina
Culinary Harvest Turkey Herring Kibble,2026-10-09,18:30:08,meta,1-6 Years,Medium (31lbs to 69lbs),Other
Culinary Harvest Turkey Herring Kibble,2026-10-08,21:22:31,smas,7+ Years,Small (up to 30lbs),Other
Culinary Harvest Turkey Herring Kibble,2026-09-11,23:40:53,meta,7+ Years,Small (up to 30lbs),Purina
Culinary Harvest Turkey Herring Kibble,2026-09-05,09:27:22,meta,1-6 Years,Medium (31lbs to 69lbs),Other
Culinary Harvest Turkey Herring Kibble,2026-09-09,14:33:53,meta,1-6 Years,Medium (31lbs to 69lbs),Blue Buffalo
Culinary Harvest Turkey Herring Kibble,2026-09-06,12:15:02,meta,7+ Years,Small (up to 30lbs),Other
Culinary Harvest Turkey Herring Kibble,2026-10-08,00:23:41,smas,1-6 Years,Medium (31lbs to 69lbs),Purina
Culinary Harvest Turkey Herring Kibble,2026-09-07,21:54:25,meta,1-6 Years,Medium (31lbs to 69lbs),Blue Buffalo
Culinary Harvest Turkey Herring Kibble,2026-09-03,21:29:26,meta,1-6 Years,Medium (31lbs to 69lbs),Blue Buffalo
Culinary Harvest Turkey Herring Kibble,2026-09-07,20:28:04,smas,1-6 Years,Medium (31lbs to 69lbs),Hill's Science Diet
Culinary Harvest Turkey Herring Kibble,2026-10-06,04:33:03,meta,1-6 Years,Medium (31lbs to 69lbs),Hill's Science Diet
Culinary Harvest Turkey Herring Kibble,2026-10-06,18:23:49,smas,7+ Years,Medium (31lbs to 69lbs),Other
Culinary Harvest Turkey Herring Kibble,2026-10-08,13:23:36,meta,7+ Years,Small (up to 30lbs),Hill's Science Diet
Culinary Harvest Turkey Herring Kibble,2026-09-13,23:08:42,meta,7+ Years,Small (up to 30lbs),Wellness Pet Food
Culinary Harvest Turkey Herring Kibble,2026-09-07,18:37:59,smas,1-6 Years,Medium (31lbs to 69lbs),Other
Culinary Harvest Turkey Herring Kibble,2026-10-06,23:22:15,smas,1-6 Years,Large (70lbs and over),Orijen
Culinary Harvest Turkey Herring Kibble,2026-09-07,19:01:46,smas,1-6 Years,Large (70lbs and over),Other
Culinary Harvest Turkey Herring Kibble,2026-10-07,04:28:47,meta,7+ Years,Small (up to 30lbs),Purina
Culinary Harvest Turkey Herring Kibble,2026-10-10,17:29:52,meta,1-6 Years,Small (up to 30lbs),Purina
Culinary Harvest Turkey Herring Kibble,2026-10-09,02:36:49,smas,7+ Years,Small (up to 30lbs),Nutri Source
Culinary Harvest Turkey Herring Kibble,2026-09-23,21:08:40,smas,1-6 Years,Medium (31lbs to 69lbs),Blue Buffalo
Culinary Harvest Turkey Herring Kibble,2026-10-08,22:11:36,smas,Under One Year,Small (up to 30lbs),Purina
Culinary Harvest Turkey Herring Kibble,2026-10-08,04:40:09,smas,1-6 Years,Large (70lbs and over),Wellness Pet Food
Culinary Harvest Turkey Herring Kibble,2026-10-06,18:37:12,smas,7+ Years,Medium (31lbs to 69lbs),Orijen
Culinary Harvest Turkey Herring Kibble,2026-10-05,19:35:07,meta,Under One Year,Small (up to 30lbs),Purina
Culinary Harvest Turkey Herring Kibble,2026-09-12,21:05:57,meta,7+ Years,Small (up to 30lbs),Blue Buffalo
Culinary Harvest Turkey Herring Kibble,2026-10-06,18:07:50,smas,1-6 Years,Medium (31lbs to 69lbs),Taste of the Wild
Culinary Harvest Turkey Herring Kibble,2026-10-05,15:35:24,meta,7+ Years,Medium (31lbs to 69lbs),Hill's Science Diet
Culinary Harvest Turkey Herring Kibble,2026-10-07,20:08:06,smas,1-6 Years,Medium (31lbs to 69lbs),Nutri Source
Culinary Harvest Turkey Herring Kibble,2026-10-07,20:31:52,smas,1-6 Years,Medium (31lbs to 69lbs),Hill's Science Diet
Culinary Harvest Turkey Herring Kibble,2026-10-06,18:21:12,smas,7+ Years,Large (70lbs and over),Purina
Culinary Harvest Turkey Herring Kibble,2026-10-09,01:38:18,smas,7+ Years,Small (up to 30lbs),Other
Culinary Harvest Turkey Herring Kibble,2026-09-06,00:26:52,meta,1-6 Years,Small (up to 30lbs),Other
Culinary Harvest Turkey Herring Kibble,2026-09-25,17:38:08,smas,1-6 Years,Large (70lbs and over),Other
Culinary Harvest Turkey Herring Kibble,2026-09-22,14:28:18,meta,1-6 Years,Large (70lbs and over),Other
Culinary Harvest Turkey Herring Kibble,2026-09-24,09:46:31,smas,1-6 Years,Large (70lbs and over),Purina
Culinary Harvest Turkey Herring Kibble,2026-09-23,21:13:32,smas,1-6 Years,Small (up to 30lbs),Other
Culinary Harvest Turkey Herring Kibble,2026-10-07,20:08:10,smas,7+ Years,Medium (31lbs to 69lbs),Merrick
Culinary Harvest Turkey Herring Kibble,2026-09-01,22:46:21,meta,1-6 Years,Medium (31lbs to 69lbs),Blue Buffalo
Culinary Harvest Turkey Herring Kibble,2026-09-24,22:33:29,meta,1-6 Years,Large (70lbs and over),Other
Culinary Harvest Turkey Herring Kibble,2026-09-25,05:12:52,meta,7+ Years,Large (70lbs and over),Other
Culinary Harvest Turkey Herring Kibble,2026-10-09,02:57:29,meta,7+ Years,Small (up to 30lbs),Other
Culinary Harvest Turkey Herring Kibble,2026-09-24,01:20:00,smas,7+ Years,Small (up to 30lbs),Hill's Science Diet
Culinary Harvest Turkey Herring Kibble,2026-09-26,21:13:15,smas,1-6 Years,Large (70lbs and over),Blue Buffalo
Culinary Harvest Turkey Herring Kibble,2026-09-22,22:41:06,meta,1-6 Years,Medium (31lbs to 69lbs),Wellness Pet Food
Culinary Harvest Turkey Herring Kibble,2026-10-06,21:28:02,smas,1-6 Years,Medium (31lbs to 69lbs),Hill's Science Diet
Culinary Harvest Turkey Herring Kibble,2026-09-24,03:00:58,smas,7+ Years,Small (up to 30lbs),Other
Culinary Harvest Turkey Herring Kibble,2026-09-14,03:58:34,meta,7+ Years,Small (up to 30lbs),Other
Culinary Harvest Turkey Herring Kibble,2026-10-08,22:26:20,smas,1-6 Years,Large (70lbs and over),Purina
Culinary Harvest Turkey Herring Kibble,2026-10-05,14:28:06,meta,Under One Year,Small (up to 30lbs),Other
Culinary Harvest Turkey Herring Kibble,2026-10-06,18:11:38,smas,1-6 Years,Large (70lbs and over),Other
Culinary Harvest Turkey Herring Kibble,2026-10-08,20:47:43,smas,1-6 Years,Medium (31lbs to 69lbs),Purina
Culinary Harvest Turkey Herring Kibble,2026-10-05,21:56:04,meta,7+ Years,Small (up to 30lbs),Hill's Science Diet
Culinary Harvest Turkey Herring Kibble,2026-10-08,03:32:12,smas,1-6 Years,Small (up to 30lbs),Blue Buffalo
Culinary Harvest Turkey Herring Kibble,2026-10-07,21:12:38,smas,1-6 Years,Medium (31lbs to 69lbs),Purina
Culinary Harvest Turkey Herring Kibble,2026-09-22,23:04:56,meta,1-6 Years,Small (up to 30lbs),Other
Culinary Harvest Turkey Herring Kibble,2026-10-08,20:58:00,smas,1-6 Years,Medium (31lbs to 69lbs),Blue Buffalo
Culinary Harvest Turkey Herring Kibble,2026-09-17,05:59:45,meta,Under One Year,Large (70lbs and over),Taste of the Wild
Culinary Harvest Turkey Herring Kibble,2026-09-01,15:13:19,meta,1-6 Years,Small (up to 30lbs),Purina
Culinary Harvest Turkey Herring Kibble,2026-10-07,05:59:25,smas,7+ Years,Small (up to 30lbs),Purina
Culinary Harvest Turkey Herring Kibble,2026-09-23,21:29:52,smas,1-6 Years,Small (up to 30lbs),Taste of the Wild
Culinary Harvest Turkey Herring Kibble,2026-10-06,17:54:28,smas,1-6 Years,Medium (31lbs to 69lbs),Other
Culinary Harvest Turkey Herring Kibble,2026-10-09,23:32:13,meta,1-6 Years,Small (up to 30lbs),Purina
Culinary Harvest Turkey Herring Kibble,2026-10-06,17:49:17,smas,1-6 Years,Medium (31lbs to 69lbs),Purina
Culinary Harvest Turkey Herring Kibble,2026-09-13,02:25:08,meta,7+ Years,Medium (31lbs to 69lbs),Purina
Culinary Harvest Turkey Herring Kibble,2026-10-09,21:08:13,meta,1-6 Years,Small (up to 30lbs),Nulo
Culinary Harvest Turkey Herring Kibble,2026-09-21,22:24:56,meta,7+ Years,Large (70lbs and over),Purina
Culinary Harvest Turkey Herring Kibble,2026-10-07,05:07:50,meta,1-6 Years,Small (up to 30lbs),Other
Culinary Harvest Turkey Herring Kibble,2026-09-23,22:37:01,smas,1-6 Years,Large (70lbs and over),Other
Culinary Harvest Turkey Herring Kibble,2026-09-12,16:27:45,meta,7+ Years,Small (up to 30lbs),Blue Buffalo
Culinary Harvest Turkey Herring Kibble,2026-10-06,00:36:54,meta,1-6 Years,Medium (31lbs to 69lbs),Blue Buffalo
Culinary Harvest Turkey Herring Kibble,2026-09-22,15:18:27,meta,7+ Years,Medium (31lbs to 69lbs),Purina
Culinary Harvest Turkey Herring Kibble,2026-09-09,22:57:17,smas,1-6 Years,Medium (31lbs to 69lbs),Hill's Science Diet
Culinary Harvest Turkey Herring Kibble,2026-09-09,20:52:47,smas,1-6 Years,Medium (31lbs to 69lbs),Purina
Culinary Harvest Turkey Herring Kibble,2026-09-01,14:36:00,meta,1-6 Years,Small (up to 30lbs),Purina
Culinary Harvest Turkey Herring Kibble,2026-09-23,21:06:26,smas,1-6 Years,Small (up to 30lbs),Other
Culinary Harvest Turkey Herring Kibble,2026-10-05,19:02:02,meta,1-6 Years,Small (up to 30lbs),Blue Buffalo
Culinary Harvest Turkey Herring Kibble,2026-09-02,11:08:38,meta,1-6 Years,Small (up to 30lbs),Hill's Science Diet
Culinary Harvest Turkey Herring Kibble,2026-09-25,05:37:40,meta,1-6 Years,Medium (31lbs to 69lbs),Purina
Culinary Harvest Turkey Herring Kibble,2026-09-10,18:42:46,meta,7+ Years,Small (up to 30lbs),Other
Culinary Harvest Turkey Herring Kibble,2026-10-08,21:42:10,smas,1-6 Years,Medium (31lbs to 69lbs),Blue Buffalo
Culinary Harvest Turkey Herring Kibble,2026-10-08,20:46:02,meta,1-6 Years,Small (up to 30lbs),Blue Buffalo
Culinary Harvest Turkey Herring Kibble,2026-10-05,19:57:09,meta,7+ Years,Small (up to 30lbs),Blue Buffalo
Culinary Harvest Turkey Herring Kibble,2026-09-22,18:14:36,meta,1-6 Years,Medium (31lbs to 69lbs),Blue Buffalo
Culinary Harvest Turkey Herring Kibble,2026-09-07,18:46:36,smas,1-6 Years,Medium (31lbs to 69lbs),Orijen
Culinary Harvest Turkey Herring Kibble,2026-10-06,19:12:11,meta,1-6 Years,Small (up to 30lbs),Nulo
Culinary Harvest Turkey Herring Kibble,2026-09-15,16:48:46,meta,1-6 Years,Small (up to 30lbs),Blue Buffalo
Culinary Harvest Turkey Herring Kibble,2026-09-03,22:21:21,meta,7+ Years,Medium (31lbs to 69lbs),Purina
Culinary Harvest Turkey Herring Kibble,2026-10-09,19:15:41,smas,1-6 Years,Small (up to 30lbs),Other
Culinary Harvest Turkey Herring Kibble,2026-10-06,17:37:30,meta,1-6 Years,Medium (31lbs to 69lbs),Blue Buffalo
Culinary Harvest Turkey Herring Kibble,2026-10-05,21:54:03,meta,1-6 Years,Medium (31lbs to 69lbs),Purina
Culinary Harvest Turkey Herring Kibble,2026-09-23,21:18:22,smas,1-6 Years,Medium (31lbs to 69lbs),Other
Culinary Harvest Turkey Herring Kibble,2026-10-05,17:14:26,meta,1-6 Years,Medium (31lbs to 69lbs),Purina
Culinary Harvest Turkey Herring Kibble,2026-10-06,19:16:26,smas,7+ Years,Medium (31lbs to 69lbs),Open Farm
Culinary Harvest Turkey Herring Kibble,2026-10-07,00:55:10,meta,1-6 Years,Medium (31lbs to 69lbs),Blue Buffalo
Culinary Harvest Turkey Herring Kibble,2026-10-06,19:13:27,smas,7+ Years,Medium (31lbs to 69lbs),Nutri Source
Culinary Harvest Turkey Herring Kibble,2026-10-07,13:27:20,meta,1-6 Years,Large (70lbs and over),Other
Culinary Harvest Turkey Herring Kibble,2026-09-25,21:04:25,meta,7+ Years,Small (up to 30lbs),Orijen
Culinary Harvest Turkey Herring Kibble,2026-09-08,00:22:07,smas,7+ Years,Medium (31lbs to 69lbs),Taste of the Wild
Culinary Harvest Turkey Herring Kibble,2026-09-22,12:37:25,meta,1-6 Years,Small (up to 30lbs),Other
Culinary Harvest Turkey Herring Kibble,2026-09-15,22:21:42,audience_1,1-6 Years,Small (up to 30lbs),Hill's Science Diet
Culinary Harvest Turkey Herring Kibble,2026-09-05,03:50:57,meta,7+ Years,Small (up to 30lbs),Stella & Chewy's
Culinary Harvest Turkey Herring Kibble,2026-09-24,01:26:12,smas,1-6 Years,Medium (31lbs to 69lbs),Other
Culinary Harvest Turkey Herring Kibble,2026-09-23,21:05:12,smas,1-6 Years,Medium (31lbs to 69lbs),Other
Culinary Harvest Turkey Herring Kibble,2026-09-05,00:19:26,meta,7+ Years,Small (up to 30lbs),Nulo
Culinary Harvest Turkey Herring Kibble,2026-10-06,18:03:49,smas,1-6 Years,Small (up to 30lbs),Other
Culinary Harvest Turkey Herring Kibble,2026-09-08,17:36:26,meta,7+ Years,Small (up to 30lbs),Other
Culinary Harvest Turkey Herring Kibble,2026-09-02,14:56:51,meta,7+ Years,Small (up to 30lbs),Hill's Science Diet
Culinary Harvest Turkey Herring Kibble,2026-09-02,17:41:50,meta,7+ Years,Medium (31lbs to 69lbs),Purina
Culinary Harvest Turkey Herring Kibble,2026-09-26,21:06:14,smas,1-6 Years,Small (up to 30lbs),Other
Culinary Harvest Turkey Herring Kibble,2026-10-05,15:10:20,meta,7+ Years,Small (up to 30lbs),Other
Culinary Harvest Turkey Herring Kibble,2026-09-07,17:04:05,smas,1-6 Years,Medium (31lbs to 69lbs),Other
Culinary Harvest Turkey Herring Kibble,2026-09-07,17:17:43,smas,Under One Year,Medium (31lbs to 69lbs),Purina
Culinary Harvest Turkey Herring Kibble,2026-09-13,15:04:28,meta,1-6 Years,Medium (31lbs to 69lbs),Purina
Culinary Harvest Turkey Herring Kibble,2026-10-06,01:33:52,meta,7+ Years,Small (up to 30lbs),Other
Culinary Harvest Turkey Herring Kibble,2026-10-07,02:43:34,meta,7+ Years,Small (up to 30lbs),Other
Culinary Harvest Turkey Herring Kibble,2026-09-08,04:42:21,meta,1-6 Years,Small (up to 30lbs),Other
Culinary Harvest Turkey Herring Kibble,2026-10-08,21:14:32,meta,1-6 Years,Medium (31lbs to 69lbs),Purina
Culinary Harvest Turkey Herring Kibble,2026-10-07,19:50:04,smas,1-6 Years,Medium (31lbs to 69lbs),Purina
Culinary Harvest Turkey Herring Kibble,2026-09-06,19:32:12,meta,7+ Years,Medium (31lbs to 69lbs),Merrick
Culinary Harvest Turkey Herring Kibble,2026-09-15,23:45:55,meta,Under One Year,Medium (31lbs to 69lbs),Purina
Culinary Harvest Turkey Herring Kibble,2026-10-06,17:54:13,smas,1-6 Years,Large (70lbs and over),Purina
Culinary Harvest Turkey Herring Kibble,2026-09-05,07:43:20,meta,1-6 Years,Medium (31lbs to 69lbs),Purina
Culinary Harvest Turkey Herring Kibble,2026-10-05,15:15:51,meta,1-6 Years,Small (up to 30lbs),Purina
Culinary Harvest Turkey Herring Kibble,2026-09-14,03:08:25,meta,1-6 Years,Medium (31lbs to 69lbs),Other
Culinary Harvest Turkey Herring Kibble,2026-10-05,16:54:39,audience_1,7+ Years,Small (up to 30lbs),Other
Culinary Harvest Turkey Herring Kibble,2026-10-08,23:17:03,smas,1-6 Years,Medium (31lbs to 69lbs),Other
Culinary Harvest Turkey Herring Kibble,2026-10-08,21:56:11,smas,1-6 Years,Medium (31lbs to 69lbs),Blue Buffalo
Culinary Harvest Turkey Herring Kibble,2026-10-09,02:05:21,meta,7+ Years,Medium (31lbs to 69lbs),Blue Buffalo
Culinary Harvest Turkey Herring Kibble,2026-09-24,20:50:49,smas,1-6 Years,Medium (31lbs to 69lbs),Blue Buffalo
Culinary Harvest Turkey Herring Kibble,2026-10-07,21:41:50,smas,7+ Years,Small (up to 30lbs),Purina
Culinary Harvest Turkey Herring Kibble,2026-09-05,02:30:23,meta,1-6 Years,Small (up to 30lbs),Other
Culinary Harvest Turkey Herring Kibble,2026-09-08,11:13:08,smas,7+ Years,Small (up to 30lbs),Purina
Culinary Harvest Turkey Herring Kibble,2026-09-21,22:17:58,meta,1-6 Years,Small (up to 30lbs),Other
Culinary Harvest Turkey Herring Kibble,2026-09-21,18:54:53,meta,7+ Years,Small (up to 30lbs),Other
Culinary Harvest Turkey Herring Kibble,2026-09-14,01:11:37,meta,1-6 Years,Medium (31lbs to 69lbs),Hill's Science Diet
Culinary Harvest Turkey Herring Kibble,2026-09-11,17:05:41,meta,7+ Years,Small (up to 30lbs),Other
Culinary Harvest Turkey Herring Kibble,2026-09-30,05:26:25,smas,1-6 Years,Small (up to 30lbs),Blue Buffalo
Culinary Harvest Turkey Herring Kibble,2026-10-06,03:12:27,meta,1-6 Years,Medium (31lbs to 69lbs),Stella & Chewy's
Culinary Harvest Turkey Herring Kibble,2026-10-09,15:36:12,smas,7+ Years,Medium (31lbs to 69lbs),Taste of the Wild
Culinary Harvest Turkey Herring Kibble,2026-09-04,15:39:42,meta,1-6 Years,Small (up to 30lbs),Other
Culinary Harvest Turkey Herring Kibble,2026-09-12,19:48:30,meta,7+ Years,Large (70lbs and over),Purina
Culinary Harvest Turkey Herring Kibble,2026-09-14,11:07:10,meta,7+ Years,Large (70lbs and over),Other
Culinary Harvest Turkey Herring Kibble,2026-09-22,21:17:14,meta,7+ Years,Medium (31lbs to 69lbs),Hill's Science Diet
Culinary Harvest Turkey Herring Kibble,2026-09-23,22:30:38,meta,1-6 Years,Large (70lbs and over),Taste of the Wild
Culinary Harvest Turkey Herring Kibble,2026-09-16,19:26:46,meta,1-6 Years,Large (70lbs and over),Hill's Science Diet
Culinary Harvest Turkey Herring Kibble,2026-09-09,16:15:33,meta,7+ Years,Small (up to 30lbs),Hill's Science Diet
Culinary Harvest Turkey Herring Kibble,2026-09-05,02:42:07,meta,1-6 Years,Large (70lbs and over),Hill's Science Diet
Culinary Harvest Turkey Herring Kibble,2026-09-22,12:42:56,meta,7+ Years,Medium (31lbs to 69lbs),Fromm
Culinary Harvest Turkey Herring Kibble,2026-09-18,02:50:55,meta,7+ Years,Medium (31lbs to 69lbs),Purina
Culinary Harvest Turkey Herring Kibble,2026-10-07,04:49:58,meta,1-6 Years,Small (up to 30lbs),Taste of the Wild
Culinary Harvest Turkey Herring Kibble,2026-10-06,18:58:22,smas,7+ Years,Medium (31lbs to 69lbs),Stella & Chewy's
Culinary Harvest Turkey Herring Kibble,2026-09-08,17:11:38,smas,1-6 Years,Large (70lbs and over),Purina
Culinary Harvest Turkey Herring Kibble,2026-09-24,21:38:31,smas,1-6 Years,Medium (31lbs to 69lbs),Other
Culinary Harvest Turkey Herring Kibble,2026-09-14,20:43:49,meta,Under One Year,Small (up to 30lbs),Other
Culinary Harvest Turkey Herring Kibble,2026-10-05,17:21:17,meta,7+ Years,Large (70lbs and over),Wellness Pet Food
Culinary Harvest Turkey Herring Kibble,2026-09-24,01:57:27,smas,7+ Years,Medium (31lbs to 69lbs),Purina
Culinary Harvest Turkey Herring Kibble,2026-10-06,02:51:54,meta,1-6 Years,Small (up to 30lbs),Other
Culinary Harvest Turkey Herring Kibble,2026-09-04,15:18:17,meta,7+ Years,Small (up to 30lbs),Blue Buffalo
Culinary Harvest Turkey Herring Kibble,2026-09-16,09:09:19,meta,1-6 Years,Small (up to 30lbs),Purina
Culinary Harvest Turkey Herring Kibble,2026-10-09,20:46:47,smas,1-6 Years,Medium (31lbs to 69lbs),Other
Culinary Harvest Turkey Herring Kibble,2026-10-08,18:42:29,meta,7+ Years,Small (up to 30lbs),Nulo
Culinary Harvest Turkey Herring Kibble,2026-10-09,00:56:50,smas,1-6 Years,Large (70lbs and over),Other
Culinary Harvest Turkey Herring Kibble,2026-10-07,19:51:59,smas,1-6 Years,Medium (31lbs to 69lbs),Purina
Culinary Harvest Turkey Herring Kibble,2026-09-08,03:09:18,meta,1-6 Years,Medium (31lbs to 69lbs),Purina
Culinary Harvest Turkey Herring Kibble,2026-10-06,18:49:56,smas,1-6 Years,Small (up to 30lbs),Other
Culinary Harvest Turkey Herring Kibble,2026-09-27,03:25:09,smas,7+ Years,Small (up to 30lbs),Other
Culinary Harvest Turkey Herring Kibble,2026-10-06,06:51:37,meta,7+ Years,Small (up to 30lbs),Purina
Culinary Harvest Turkey Herring Kibble,2026-10-07,15:20:12,meta,7+ Years,Small (up to 30lbs),Hill's Science Diet
Culinary Harvest Turkey Herring Kibble,2026-09-16,03:04:35,meta,1-6 Years,Small (up to 30lbs),Purina
Culinary Harvest Turkey Herring Kibble,2026-09-22,18:26:24,meta,Under One Year,Small (up to 30lbs),Other
Culinary Harvest Turkey Herring Kibble,2026-10-07,20:52:38,smas,1-6 Years,Small (up to 30lbs),Hill's Science Diet
Culinary Harvest Turkey Herring Kibble,2026-09-15,12:45:24,audience_1,Under One Year,Medium (31lbs to 69lbs),Purina
Culinary Harvest Turkey Herring Kibble,2026-10-05,22:12:44,meta,1-6 Years,Medium (31lbs to 69lbs),Orijen
Culinary Harvest Turkey Herring Kibble,2026-09-07,17:16:14,meta,1-6 Years,Medium (31lbs to 69lbs),Other
Culinary Harvest Turkey Herring Kibble,2026-09-07,19:08:14,smas,7+ Years,Medium (31lbs to 69lbs),Purina
Culinary Harvest Turkey Herring Kibble,2026-10-06,01:09:12,meta,7+ Years,Medium (31lbs to 69lbs),Purina
Culinary Harvest Turkey Herring Kibble,2026-09-04,23:17:21,meta,1-6 Years,Large (70lbs and over),Blue Buffalo
Culinary Harvest Turkey Herring Kibble,2026-09-12,22:30:49,meta,1-6 Years,Small (up to 30lbs),Orijen
Culinary Harvest Turkey Herring Kibble,2026-09-02,14:56:29,meta,7+ Years,Medium (31lbs to 69lbs),Purina
Culinary Harvest Turkey Herring Kibble,2026-09-23,06:29:24,meta,1-6 Years,Small (up to 30lbs),Other
Culinary Harvest Turkey Herring Kibble,2026-09-12,19:12:30,meta,7+ Years,Medium (31lbs to 69lbs),Other
Culinary Harvest Turkey Herring Kibble,2026-10-07,20:07:20,smas,1-6 Years,Small (up to 30lbs),Other
Culinary Harvest Turkey Herring Kibble,2026-10-07,15:24:12,smas,1-6 Years,Small (up to 30lbs),Purina
Culinary Harvest Turkey Herring Kibble,2026-10-06,03:14:45,meta,7+ Years,Small (up to 30lbs),Other
Culinary Harvest Turkey Herring Kibble,2026-09-13,18:41:17,meta,1-6 Years,Small (up to 30lbs),Other
Culinary Harvest Turkey Herring Kibble,2026-09-15,13:06:00,audience_1,1-6 Years,Medium (31lbs to 69lbs),Purina
Culinary Harvest Turkey Herring Kibble,2026-09-05,19:33:43,meta,1-6 Years,Large (70lbs and over),Blue Buffalo
Culinary Harvest Turkey Herring Kibble,2026-09-15,13:10:34,audience_1,1-6 Years,Large (70lbs and over),Purina
Culinary Harvest Turkey Herring Kibble,2026-10-06,18:39:38,smas,1-6 Years,Small (up to 30lbs),Other
Culinary Harvest Turkey Herring Kibble,2026-10-06,18:20:06,meta,1-6 Years,Small (up to 30lbs),Blue Buffalo
Culinary Harvest Turkey Herring Kibble,2026-09-04,23:08:14,meta,1-6 Years,Medium (31lbs to 69lbs),Stella & Chewy's
Culinary Harvest Turkey Herring Kibble,2026-10-07,18:16:59,meta,1-6 Years,Large (70lbs and over),Blue Buffalo
Culinary Harvest Turkey Herring Kibble,2026-09-01,18:13:50,meta,1-6 Years,Small (up to 30lbs),Purina
Culinary Harvest Turkey Herring Kibble,2026-09-25,01:23:36,meta,1-6 Years,Small (up to 30lbs),Blue Buffalo
Culinary Harvest Turkey Herring Kibble,2026-09-18,19:15:32,meta,7+ Years,Large (70lbs and over),Taste of the Wild
Culinary Harvest Turkey Herring Kibble,2026-10-08,21:36:17,smas,1-6 Years,Medium (31lbs to 69lbs),Hill's Science Diet
Culinary Harvest Turkey Herring Kibble,2026-10-05,20:40:04,meta,7+ Years,Small (up to 30lbs),Purina
Culinary Harvest Turkey Herring Kibble,2026-09-15,21:40:28,meta,7+ Years,Medium (31lbs to 69lbs),Purina
Culinary Harvest Turkey Herring Kibble,2026-09-25,01:45:34,meta,7+ Years,Small (up to 30lbs),Blue Buffalo
Culinary Harvest Turkey Herring Kibble,2026-10-05,18:17:58,meta,1-6 Years,Small (up to 30lbs),Other
Culinary Harvest Turkey Herring Kibble,2026-10-10,09:23:40,meta,1-6 Years,Small (up to 30lbs),Other
Culinary Harvest Turkey Herring Kibble,2026-10-08,21:34:12,smas,1-6 Years,Medium (31lbs to 69lbs),Other
Culinary Harvest Turkey Herring Kibble,2026-10-08,03:13:21,meta,1-6 Years,Medium (31lbs to 69lbs),Hill's Science Diet
Culinary Harvest Turkey Herring Kibble,2026-10-07,22:19:20,smas,1-6 Years,Medium (31lbs to 69lbs),Purina
Culinary Harvest Turkey Herring Kibble,2026-09-08,16:27:07,smas,1-6 Years,Large (70lbs and over),Blue Buffalo
Culinary Harvest Turkey Herring Kibble,2026-09-02,02:29:02,meta,1-6 Years,Large (70lbs and over),Purina
Culinary Harvest Turkey Herring Kibble,2026-10-06,02:25:55,meta,1-6 Years,Small (up to 30lbs),Purina
Culinary Harvest Turkey Herring Kibble,2026-09-15,13:32:51,audience_1,7+ Years,Medium (31lbs to 69lbs),Nutri Source
Culinary Harvest Turkey Herring Kibble,2026-10-06,17:59:05,smas,1-6 Years,Large (70lbs and over),Other
Culinary Harvest Turkey Herring Kibble,2026-09-15,03:12:12,meta,1-6 Years,Medium (31lbs to 69lbs),Purina
Culinary Harvest Turkey Herring Kibble,2026-09-22,19:49:18,meta,7+ Years,Large (70lbs and over),Other
Culinary Harvest Turkey Herring Kibble,2026-10-06,22:31:46,smas,1-6 Years,Small (up to 30lbs),Other
Culinary Harvest Turkey Herring Kibble,2026-09-26,21:56:56,smas,1-6 Years,Medium (31lbs to 69lbs),Other
Culinary Harvest Turkey Herring Kibble,2026-09-23,21:23:22,smas,1-6 Years,Small (up to 30lbs),Other
Culinary Harvest Turkey Herring Kibble,2026-10-07,21:05:11,smas,7+ Years,Large (70lbs and over),Blue Buffalo
Culinary Harvest Turkey Herring Kibble,2026-10-06,03:10:48,meta,1-6 Years,Medium (31lbs to 69lbs),Blue Buffalo
Culinary Harvest Turkey Herring Kibble,2026-09-27,14:31:21,smas,7+ Years,Large (70lbs and over),Other
Culinary Harvest Turkey Herring Kibble,2026-09-25,13:50:02,meta,7+ Years,Large (70lbs and over),Purina
Culinary Harvest Turkey Herring Kibble,2026-10-05,16:12:22,meta,1-6 Years,Medium (31lbs to 69lbs),Blue Buffalo
Culinary Harvest Turkey Herring Kibble,2026-10-09,04:58:45,meta,1-6 Years,Medium (31lbs to 69lbs),Taste of the Wild
Culinary Harvest Turkey Herring Kibble,2026-10-10,06:30:10,meta,1-6 Years,Small (up to 30lbs),Other
Culinary Harvest Turkey Herring Kibble,2026-09-24,03:25:24,smas,1-6 Years,Small (up to 30lbs),Other
Culinary Harvest Turkey Herring Kibble,2026-10-06,15:30:46,meta,7+ Years,Medium (31lbs to 69lbs),Nutri Source
Culinary Harvest Turkey Herring Kibble,2026-09-23,21:38:12,meta,1-6 Years,Medium (31lbs to 69lbs),Purina
Culinary Harvest Turkey Herring Kibble,2026-09-23,16:27:55,meta,1-6 Years,Small (up to 30lbs),Hill's Science Diet
Culinary Harvest Turkey Herring Kibble,2026-09-02,07:27:54,meta,1-6 Years,Medium (31lbs to 69lbs),Purina
Culinary Harvest Turkey Herring Kibble,2026-09-23,21:13:17,smas,7+ Years,Medium (31lbs to 69lbs),Fromm
Culinary Harvest Turkey Herring Kibble,2026-09-23,21:10:37,smas,1-6 Years,Medium (31lbs to 69lbs),Hill's Science Diet
Culinary Harvest Turkey Herring Kibble,2026-09-14,20:51:49,meta,1-6 Years,Medium (31lbs to 69lbs),Purina
Culinary Harvest Turkey Herring Kibble,2026-09-24,06:46:36,smas,7+ Years,Medium (31lbs to 69lbs),Other
Culinary Harvest Turkey Herring Kibble,2026-09-07,18:31:47,smas,1-6 Years,Medium (31lbs to 69lbs),Purina
Culinary Harvest Turkey Herring Kibble,2026-10-08,17:27:34,meta,Under One Year,Small (up to 30lbs),Other
Culinary Harvest Turkey Herring Kibble,2026-10-06,20:04:59,smas,1-6 Years,Small (up to 30lbs),Hill's Science Diet
Culinary Harvest Turkey Herring Kibble,2026-09-25,00:44:27,meta,1-6 Years,Medium (31lbs to 69lbs),Purina
Culinary Harvest Turkey Herring Kibble,2026-09-23,23:12:17,smas,7+ Years,Medium (31lbs to 69lbs),Orijen
Culinary Harvest Turkey Herring Kibble,2026-09-17,04:35:36,audience_1,7+ Years,Medium (31lbs to 69lbs),Other
Culinary Harvest Turkey Herring Kibble,2026-09-13,01:19:20,meta,1-6 Years,Medium (31lbs to 69lbs),Purina
Culinary Harvest Turkey Herring Kibble,2026-09-11,23:18:57,meta,Under One Year,Small (up to 30lbs),Other
Culinary Harvest Turkey Herring Kibble,2026-09-04,23:48:31,meta,1-6 Years,Small (up to 30lbs),Hill's Science Diet
Culinary Harvest Turkey Herring Kibble,2026-10-06,07:30:31,meta,7+ Years,Small (up to 30lbs),Blue Buffalo
Culinary Harvest Turkey Herring Kibble,2026-09-03,18:07:59,meta,7+ Years,Small (up to 30lbs),Wellness Pet Food
Culinary Harvest Turkey Herring Kibble,2026-10-08,21:15:07,smas,7+ Years,Small (up to 30lbs),Fromm
Culinary Harvest Turkey Herring Kibble,2026-09-10,14:40:32,meta,Under One Year,Small (up to 30lbs),Other
Culinary Harvest Turkey Herring Kibble,2026-09-11,14:56:53,meta,1-6 Years,Large (70lbs and over),Other
Culinary Harvest Turkey Herring Kibble,2026-09-07,23:42:00,smas,1-6 Years,Medium (31lbs to 69lbs),Purina
Culinary Harvest Turkey Herring Kibble,2026-09-24,00:29:50,smas,1-6 Years,Small (up to 30lbs),Purina
Culinary Harvest Turkey Herring Kibble,2026-10-07,21:57:00,meta,1-6 Years,Medium (31lbs to 69lbs),Hill's Science Diet
Culinary Harvest Turkey Herring Kibble,2026-10-08,21:00:17,smas,Under One Year,Small (up to 30lbs),Other
Culinary Harvest Turkey Herring Kibble,2026-10-06,19:54:48,smas,7+ Years,Large (70lbs and over),Merrick
Culinary Harvest Turkey Herring Kibble,2026-09-09,16:53:11,smas,1-6 Years,Small (up to 30lbs),Hill's Science Diet
Culinary Harvest Turkey Herring Kibble,2026-10-06,20:14:01,smas,7+ Years,Large (70lbs and over),Other
Culinary Harvest Turkey Herring Kibble,2026-09-12,16:58:55,meta,7+ Years,Medium (31lbs to 69lbs),Taste of the Wild
Culinary Harvest Turkey Herring Kibble,2026-09-22,19:27:49,meta,7+ Years,Medium (31lbs to 69lbs),Purina
Culinary Harvest Turkey Herring Kibble,2026-10-08,23:44:51,smas,1-6 Years,Medium (31lbs to 69lbs),Blue Buffalo
Culinary Harvest Turkey Herring Kibble,2026-09-04,00:43:36,meta,1-6 Years,Medium (31lbs to 69lbs),Hill's Science Diet
Culinary Harvest Turkey Herring Kibble,2026-10-07,23:08:17,smas,7+ Years,Small (up to 30lbs),Other
Culinary Harvest Turkey Herring Kibble,2026-10-07,06:21:16,meta,1-6 Years,Small (up to 30lbs),Stella & Chewy's
Culinary Harvest Turkey Herring Kibble,2026-09-14,21:23:05,audience_1,7+ Years,Large (70lbs and over),Purina
Culinary Harvest Turkey Herring Kibble,2026-10-07,08:11:50,meta,1-6 Years,Medium (31lbs to 69lbs),Purina
Culinary Harvest Turkey Herring Kibble,2026-09-07,17:07:22,smas,1-6 Years,Medium (31lbs to 69lbs),Purina
Culinary Harvest Turkey Herring Kibble,2026-09-23,22:59:17,smas,1-6 Years,Medium (31lbs to 69lbs),Other
Culinary Harvest Turkey Herring Kibble,2026-09-22,11:25:50,meta,1-6 Years,Small (up to 30lbs),Purina
Culinary Harvest Turkey Herring Kibble,2026-10-05,15:53:19,meta,7+ Years,Large (70lbs and over),Purina
Culinary Harvest Turkey Herring Kibble,2026-10-06,17:51:57,smas,7+ Years,Small (up to 30lbs),Purina
Culinary Harvest Turkey Herring Kibble,2026-09-25,15:10:40,smas,Under One Year,Medium (31lbs to 69lbs),Other
Culinary Harvest Turkey Herring Kibble,2026-10-08,04:51:41,meta,7+ Years,Medium (31lbs to 69lbs),Blue Buffalo
Culinary Harvest Turkey Herring Kibble,2026-09-24,06:31:32,smas,7+ Years,Small (up to 30lbs),Purina
Culinary Harvest Turkey Herring Kibble,2026-09-18,05:19:34,meta,1-6 Years,Small (up to 30lbs),Purina
Culinary Harvest Turkey Herring Kibble,2026-09-07,18:40:47,meta,7+ Years,Small (up to 30lbs),Other
Culinary Harvest Turkey Herring Kibble,2026-10-07,20:04:09,smas,1-6 Years,Small (up to 30lbs),Other
Culinary Harvest Turkey Herring Kibble,2026-10-06,21:07:33,smas,7+ Years,Medium (31lbs to 69lbs),Taste of the Wild
Culinary Harvest Turkey Herring Kibble,2026-10-08,21:07:33,smas,7+ Years,Large (70lbs and over),Nulo
Culinary Harvest Turkey Herring Kibble,2026-10-06,18:29:02,smas,1-6 Years,Small (up to 30lbs),Other
Culinary Harvest Turkey Herring Kibble,2026-09-14,20:08:55,meta,1-6 Years,Medium (31lbs to 69lbs),Blue Buffalo
Culinary Harvest Turkey Herring Kibble,2026-10-06,20:18:07,meta,7+ Years,Small (up to 30lbs),Blue Buffalo
Culinary Harvest Turkey Herring Kibble,2026-09-18,04:12:02,meta,7+ Years,Medium (31lbs to 69lbs),Other
Culinary Harvest Turkey Herring Kibble,2026-09-23,03:27:37,audience_1,1-6 Years,Small (up to 30lbs),Blue Buffalo
Culinary Harvest Turkey Herring Kibble,2026-10-10,02:30:54,meta,1-6 Years,Small (up to 30lbs),Other
Culinary Harvest Turkey Herring Kibble,2026-09-10,15:14:54,meta,7+ Years,Small (up to 30lbs),Hill's Science Diet
Culinary Harvest Turkey Herring Kibble,2026-09-09,18:58:18,smas,7+ Years,Small (up to 30lbs),Other
Culinary Harvest Turkey Herring Kibble,2026-10-06,20:03:40,smas,7+ Years,Medium (31lbs to 69lbs),Other
Culinary Harvest Turkey Herring Kibble,2026-10-08,22:11:55,smas,1-6 Years,Medium (31lbs to 69lbs),Hill's Science Diet
Culinary Harvest Turkey Herring Kibble,2026-09-17,00:04:00,meta,1-6 Years,Small (up to 30lbs),Blue Buffalo
Culinary Harvest Turkey Herring Kibble,2026-09-11,14:14:25,meta,1-6 Years,Small (up to 30lbs),Nutri Source
Culinary Harvest Turkey Herring Kibble,2026-10-07,19:50:28,meta,7+ Years,Small (up to 30lbs),Blue Buffalo
Culinary Harvest Turkey Herring Kibble,2026-10-09,23:26:21,smas,7+ Years,Medium (31lbs to 69lbs),Other
Culinary Harvest Turkey Herring Kibble,2026-09-21,22:54:07,meta,7+ Years,Medium (31lbs to 69lbs),Purina
Culinary Harvest Turkey Herring Kibble,2026-09-05,00:30:28,meta,Under One Year,Medium (31lbs to 69lbs),Purina
Culinary Harvest Turkey Herring Kibble,2026-09-02,02:08:07,meta,7+ Years,Large (70lbs and over),Other
Culinary Harvest Turkey Herring Kibble,2026-09-14,09:11:12,meta,7+ Years,Medium (31lbs to 69lbs),Purina
Culinary Harvest Turkey Herring Kibble,2026-10-08,21:25:03,smas,1-6 Years,Large (70lbs and over),Purina
Culinary Harvest Turkey Herring Kibble,2026-10-06,15:56:30,meta,1-6 Years,Medium (31lbs to 69lbs),Hill's Science Diet
Culinary Harvest Turkey Herring Kibble,2026-09-18,15:40:42,meta,1-6 Years,Small (up to 30lbs),Other
Culinary Harvest Turkey Herring Kibble,2026-10-08,21:01:01,smas,1-6 Years,Medium (31lbs to 69lbs),Other
Culinary Harvest Turkey Herring Kibble,2026-09-07,18:00:31,meta,7+ Years,Small (up to 30lbs),Purina
Culinary Harvest Turkey Herring Kibble,2026-09-15,15:07:31,audience_1,1-6 Years,Medium (31lbs to 69lbs),Wellness Pet Food
Culinary Harvest Turkey Herring Kibble,2026-10-08,18:56:15,smas,1-6 Years,Small (up to 30lbs),Purina
Culinary Harvest Turkey Herring Kibble,2026-10-08,02:57:48,smas,7+ Years,Small (up to 30lbs),Orijen
Culinary Harvest Turkey Herring Kibble,2026-09-15,18:53:38,audience_1,7+ Years,Medium (31lbs to 69lbs),Blue Buffalo
Culinary Harvest Turkey Herring Kibble,2026-10-08,22:08:30,meta,7+ Years,Small (up to 30lbs),Other
Culinary Harvest Turkey Herring Kibble,2026-10-06,12:41:35,meta,7+ Years,Small (up to 30lbs),Purina
Culinary Harvest Turkey Herring Kibble,2026-09-12,01:00:06,audience_1,7+ Years,Medium (31lbs to 69lbs),Purina
Culinary Harvest Turkey Herring Kibble,2026-10-05,15:39:54,meta,1-6 Years,Large (70lbs and over),Purina
Culinary Harvest Turkey Herring Kibble,2026-10-08,21:12:19,smas,1-6 Years,Large (70lbs and over),Stella & Chewy's
Culinary Harvest Turkey Herring Kibble,2026-10-05,20:23:29,meta,1-6 Years,Small (up to 30lbs),Purina
Culinary Harvest Turkey Herring Kibble,2026-10-07,22:26:04,smas,1-6 Years,Small (up to 30lbs),Merrick
Culinary Harvest Turkey Herring Kibble,2026-09-23,10:16:26,meta,Under One Year,Medium (31lbs to 69lbs),Nutri Source
Culinary Harvest Turkey Herring Kibble,2026-09-02,04:21:53,audience_1,7+ Years,Medium (31lbs to 69lbs),Wellness Pet Food
Culinary Harvest Turkey Herring Kibble,2026-09-07,17:27:02,smas,1-6 Years,Small (up to 30lbs),Purina
Culinary Harvest Turkey Herring Kibble,2026-09-05,02:13:19,meta,7+ Years,Small (up to 30lbs),Other
Culinary Harvest Turkey Herring Kibble,2026-10-06,18:29:40,smas,7+ Years,Medium (31lbs to 69lbs),Nutri Source
Culinary Harvest Turkey Herring Kibble,2026-09-13,00:27:53,meta,1-6 Years,Small (up to 30lbs),Blue Buffalo
Culinary Harvest Turkey Herring Kibble,2026-09-07,20:06:30,smas,1-6 Years,Small (up to 30lbs),Other
Culinary Harvest Turkey Herring Kibble,2026-10-08,21:59:11,smas,7+ Years,Small (up to 30lbs),Other
Culinary Harvest Turkey Herring Kibble,2026-09-07,23:48:51,smas,1-6 Years,Small (up to 30lbs),Purina
Culinary Harvest Turkey Herring Kibble,2026-09-12,17:14:17,meta,1-6 Years,Small (up to 30lbs),Other
Culinary Harvest Turkey Herring Kibble,2026-10-09,03:41:47,smas,1-6 Years,Small (up to 30lbs),Nulo
Culinary Harvest Turkey Herring Kibble,2026-09-23,21:05:57,smas,1-6 Years,Medium (31lbs to 69lbs),Other
Culinary Harvest Turkey Herring Kibble,2026-10-08,21:32:12,smas,7+ Years,Small (up to 30lbs),Blue Buffalo
Culinary Harvest Turkey Herring Kibble,2026-10-07,03:18:48,meta,1-6 Years,Small (up to 30lbs),Purina
Culinary Harvest Turkey Herring Kibble,2026-10-07,17:25:09,audience_1,1-6 Years,Medium (31lbs to 69lbs),Purina
Culinary Harvest Turkey Herring Kibble,2026-10-05,14:04:20,meta,7+ Years,Small (up to 30lbs),Other
Culinary Harvest Turkey Herring Kibble,2026-10-09,17:55:14,smas,1-6 Years,Small (up to 30lbs),Other
Culinary Harvest Turkey Herring Kibble,2026-10-05,21:19:22,meta,7+ Years,Small (up to 30lbs),Other
Culinary Harvest Turkey Herring Kibble,2026-09-26,22:28:52,smas,1-6 Years,Medium (31lbs to 69lbs),Purina
Culinary Harvest Turkey Herring Kibble,2026-10-07,20:24:37,smas,1-6 Years,Small (up to 30lbs),Blue Buffalo
Culinary Harvest Turkey Herring Kibble,2026-10-07,20:19:53,smas,7+ Years,Small (up to 30lbs),Wellness Pet Food
Culinary Harvest Turkey Herring Kibble,2026-10-09,18:13:51,smas,1-6 Years,Small (up to 30lbs),Blue Buffalo
Culinary Harvest Turkey Herring Kibble,2026-09-25,09:51:55,smas,1-6 Years,Medium (31lbs to 69lbs),Blue Buffalo
Culinary Harvest Turkey Herring Kibble,2026-10-06,14:37:18,meta,7+ Years,Small (up to 30lbs),Other
Culinary Harvest Turkey Herring Kibble,2026-10-10,01:08:07,meta,Under One Year,Medium (31lbs to 69lbs),Blue Buffalo
Culinary Harvest Turkey Herring Kibble,2026-09-07,17:06:35,smas,1-6 Years,Large (70lbs and over),Hill's Science Diet
Culinary Harvest Turkey Herring Kibble,2026-09-21,16:35:41,meta,1-6 Years,Medium (31lbs to 69lbs),Purina
Culinary Harvest Turkey Herring Kibble,2026-09-26,21:26:48,smas,1-6 Years,Large (70lbs and over),Other
Culinary Harvest Turkey Herring Kibble,2026-09-09,11:25:08,meta,1-6 Years,Medium (31lbs to 69lbs),Other
Culinary Harvest Turkey Herring Kibble,2026-09-23,21:32:56,smas,7+ Years,Large (70lbs and over),Other
Culinary Harvest Turkey Herring Kibble,2026-09-07,17:29:27,smas,7+ Years,Large (70lbs and over),Other
Culinary Harvest Turkey Herring Kibble,2026-09-15,02:55:25,meta,1-6 Years,Medium (31lbs to 69lbs),Other
Culinary Harvest Turkey Herring Kibble,2026-09-26,21:32:19,smas,7+ Years,Large (70lbs and over),Other
Culinary Harvest Turkey Herring Kibble,2026-10-06,21:49:53,meta,7+ Years,Large (70lbs and over),Taste of the Wild
Culinary Harvest Turkey Herring Kibble,2026-09-04,22:23:19,meta,1-6 Years,Large (70lbs and over),Purina
Culinary Harvest Turkey Herring Kibble,2026-10-09,18:20:57,smas,1-6 Years,Large (70lbs and over),Other
Culinary Harvest Turkey Herring Kibble,2026-09-26,21:57:39,smas,1-6 Years,Large (70lbs and over),Purina
Culinary Harvest Turkey Herring Kibble,2026-09-14,22:25:21,meta,1-6 Years,Medium (31lbs to 69lbs),Purina
Culinary Harvest Turkey Herring Kibble,2026-09-15,12:24:39,audience_1,Under One Year,Medium (31lbs to 69lbs),Purina
Culinary Harvest Turkey Herring Kibble,2026-09-03,04:13:16,meta,1-6 Years,Medium (31lbs to 69lbs),Purina
Culinary Harvest Turkey Herring Kibble,2026-09-04,21:49:56,meta,1-6 Years,Medium (31lbs to 69lbs),Purina
Culinary Harvest Turkey Herring Kibble,2026-09-02,01:54:55,meta,7+ Years,Medium (31lbs to 69lbs),Blue Buffalo
Culinary Harvest Turkey Herring Kibble,2026-09-05,14:51:12,meta,1-6 Years,Large (70lbs and over),Purina
Culinary Harvest Turkey Herring Kibble,2026-09-02,23:22:54,meta,1-6 Years,Medium (31lbs to 69lbs),Blue Buffalo
Culinary Harvest Turkey Herring Kibble,2026-10-08,13:49:38,smas,1-6 Years,Small (up to 30lbs),Purina
Culinary Harvest Turkey Herring Kibble,2026-09-16,13:06:22,meta,1-6 Years,Small (up to 30lbs),Purina
Culinary Harvest Turkey Herring Kibble,2026-09-13,13:20:19,meta,7+ Years,Small (up to 30lbs),Hill's Science Diet
Culinary Harvest Turkey Herring Kibble,2026-09-24,02:20:07,smas,1-6 Years,Large (70lbs and over),Other
Culinary Harvest Turkey Herring Kibble,2026-09-21,18:52:34,meta,7+ Years,Small (up to 30lbs),Other
Culinary Harvest Turkey Herring Kibble,2026-10-07,01:56:46,meta,Under One Year,Large (70lbs and over),Purina
Culinary Harvest Turkey Herring Kibble,2026-09-04,22:12:56,meta,7+ Years,Medium (31lbs to 69lbs),Other
Culinary Harvest Turkey Herring Kibble,2026-09-09,21:05:44,smas,1-6 Years,Medium (31lbs to 69lbs),Wellness Pet Food
Culinary Harvest Turkey Herring Kibble,2026-09-05,17:42:50,meta,1-6 Years,Large (70lbs and over),Purina
Culinary Harvest Turkey Herring Kibble,2026-10-07,21:58:33,meta,7+ Years,Small (up to 30lbs),Other
Culinary Harvest Turkey Herring Kibble,2026-09-21,22:43:57,meta,1-6 Years,Medium (31lbs to 69lbs),Hill's Science Diet
Culinary Harvest Turkey Herring Kibble,2026-10-06,20:01:14,smas,7+ Years,Small (up to 30lbs),Hill's Science Diet
Culinary Harvest Turkey Herring Kibble,2026-10-07,17:34:29,meta,7+ Years,Small (up to 30lbs),Blue Buffalo
Culinary Harvest Turkey Herring Kibble,2026-09-22,18:34:25,audience_1,7+ Years,Small (up to 30lbs),Other
Culinary Harvest Turkey Herring Kibble,2026-10-06,17:51:04,smas,7+ Years,Small (up to 30lbs),Hill's Science Diet
Culinary Harvest Turkey Herring Kibble,2026-09-23,21:49:07,smas,1-6 Years,Medium (31lbs to 69lbs),Other
Culinary Harvest Turkey Herring Kibble,2026-09-22,06:12:52,audience_1,1-6 Years,Small (up to 30lbs),Blue Buffalo
Culinary Harvest Turkey Herring Kibble,2026-10-07,18:34:10,meta,7+ Years,Small (up to 30lbs),Purina
Culinary Harvest Turkey Herring Kibble,2026-09-14,18:01:14,meta,7+ Years,Small (up to 30lbs),Other
Culinary Harvest Turkey Herring Kibble,2026-10-09,12:10:45,meta,1-6 Years,Medium (31lbs to 69lbs),Other
Culinary Harvest Turkey Herring Kibble,2026-09-24,18:14:54,meta,1-6 Years,Medium (31lbs to 69lbs),Purina
Culinary Harvest Turkey Herring Kibble,2026-09-22,23:17:02,meta,1-6 Years,Large (70lbs and over),Purina
Culinary Harvest Turkey Herring Kibble,2026-09-10,14:43:01,smas,1-6 Years,Medium (31lbs to 69lbs),Other
Culinary Harvest Turkey Herring Kibble,2026-10-05,17:38:21,meta,1-6 Years,Small (up to 30lbs),Orijen
Culinary Harvest Turkey Herring Kibble,2026-09-26,21:35:27,smas,1-6 Years,Medium (31lbs to 69lbs),Purina
Culinary Harvest Turkey Herring Kibble,2026-09-24,12:45:50,meta,1-6 Years,Large (70lbs and over),Other
Culinary Harvest Turkey Herring Kibble,2026-10-08,20:51:47,smas,1-6 Years,Medium (31lbs to 69lbs),Purina
Culinary Harvest Turkey Herring Kibble,2026-10-05,15:43:41,meta,7+ Years,Small (up to 30lbs),Purina
Culinary Harvest Turkey Herring Kibble,2026-09-15,23:28:50,meta,1-6 Years,Medium (31lbs to 69lbs),Purina
Culinary Harvest Turkey Herring Kibble,2026-09-07,20:37:35,smas,7+ Years,Large (70lbs and over),Other
Culinary Harvest Turkey Herring Kibble,2026-10-07,23:57:51,meta,1-6 Years,Medium (31lbs to 69lbs),Purina
Culinary Harvest Turkey Herring Kibble,2026-09-15,11:35:36,audience_1,1-6 Years,Small (up to 30lbs),Purina
Culinary Harvest Turkey Herring Kibble,2026-09-17,09:09:52,meta,1-6 Years,Small (up to 30lbs),Purina
Culinary Harvest Turkey Herring Kibble,2026-10-06,04:15:37,meta,1-6 Years,Small (up to 30lbs),Purina
Culinary Harvest Turkey Herring Kibble,2026-10-07,19:47:31,smas,1-6 Years,Large (70lbs and over),Open Farm
Culinary Harvest Turkey Herring Kibble,2026-10-07,23:59:12,smas,1-6 Years,Medium (31lbs to 69lbs),Blue Buffalo
Culinary Harvest Turkey Herring Kibble,2026-09-26,22:43:27,smas,1-6 Years,Small (up to 30lbs),Nutri Source
Culinary Harvest Turkey Herring Kibble,2026-10-06,23:29:21,smas,1-6 Years,Small (up to 30lbs),Purina
Culinary Harvest Turkey Herring Kibble,2026-09-24,09:44:31,smas,7+ Years,Large (70lbs and over),Purina
Culinary Harvest Turkey Herring Kibble,2026-10-07,21:38:09,smas,7+ Years,Large (70lbs and over),Other
Culinary Harvest Turkey Herring Kibble,2026-09-10,10:59:04,smas,1-6 Years,Small (up to 30lbs),Purina
Culinary Harvest Turkey Herring Kibble,2026-09-23,21:39:07,smas,7+ Years,Large (70lbs and over),Purina
Culinary Harvest Turkey Herring Kibble,2026-09-09,01:14:39,meta,1-6 Years,Small (up to 30lbs),Nulo
Culinary Harvest Turkey Herring Kibble,2026-10-08,22:37:16,smas,1-6 Years,Small (up to 30lbs),Other
Culinary Harvest Turkey Herring Kibble,2026-09-13,18:41:00,audience_1,7+ Years,Small (up to 30lbs),Other
Culinary Harvest Turkey Herring Kibble,2026-10-08,03:19:30,smas,7+ Years,Small (up to 30lbs),Other
Culinary Harvest Turkey Herring Kibble,2026-09-23,23:58:01,smas,1-6 Years,Small (up to 30lbs),Blue Buffalo
Culinary Harvest Turkey Herring Kibble,2026-10-05,19:13:00,meta,1-6 Years,Small (up to 30lbs),Stella & Chewy's
Culinary Harvest Turkey Herring Kibble,2026-09-17,14:49:52,meta,1-6 Years,Medium (31lbs to 69lbs),Fromm
Culinary Harvest Turkey Herring Kibble,2026-09-02,18:28:45,meta,1-6 Years,Medium (31lbs to 69lbs),Purina
Culinary Harvest Turkey Herring Kibble,2026-09-03,01:58:50,meta,1-6 Years,Small (up to 30lbs),Hill's Science Diet
Culinary Harvest Turkey Herring Kibble,2026-09-17,20:20:48,meta,Under One Year,Large (70lbs and over),Purina
Culinary Harvest Turkey Herring Kibble,2026-09-01,16:57:47,meta,7+ Years,Small (up to 30lbs),Open Farm
Culinary Harvest Turkey Herring Kibble,2026-10-05,16:39:52,meta,1-6 Years,Small (up to 30lbs),Purina
Culinary Harvest Turkey Herring Kibble,2026-09-22,21:53:04,meta,1-6 Years,Medium (31lbs to 69lbs),Purina
Culinary Harvest Turkey Herring Kibble,2026-09-23,21:04:16,smas,1-6 Years,Medium (31lbs to 69lbs),Blue Buffalo
Culinary Harvest Turkey Herring Kibble,2026-09-17,07:48:18,meta,1-6 Years,Medium (31lbs to 69lbs),Other
Culinary Harvest Turkey Herring Kibble,2026-10-06,00:02:17,meta,1-6 Years,Small (up to 30lbs),Blue Buffalo
Culinary Harvest Turkey Herring Kibble,2026-10-08,22:14:10,smas,7+ Years,Small (up to 30lbs),Merrick
Culinary Harvest Turkey Herring Kibble,2026-10-07,04:51:10,meta,7+ Years,Large (70lbs and over),Other
Culinary Harvest Turkey Herring Kibble,2026-10-08,20:48:15,smas,1-6 Years,Medium (31lbs to 69lbs),Other
Culinary Harvest Turkey Herring Kibble,2026-09-15,22:29:29,meta,1-6 Years,Small (up to 30lbs),Purina
Culinary Harvest Turkey Herring Kibble,2026-09-10,13:28:15,smas,7+ Years,Medium (31lbs to 69lbs),Blue Buffalo
Culinary Harvest Turkey Herring Kibble,2026-09-21,20:45:42,meta,7+ Years,Small (up to 30lbs),Merrick
Culinary Harvest Turkey Herring Kibble,2026-10-08,05:30:40,smas,1-6 Years,Medium (31lbs to 69lbs),Blue Buffalo
Culinary Harvest Turkey Herring Kibble,2026-10-06,04:46:56,meta,1-6 Years,Medium (31lbs to 69lbs),Blue Buffalo
Culinary Harvest Turkey Herring Kibble,2026-09-21,20:22:11,meta,7+ Years,Medium (31lbs to 69lbs),Other
Culinary Harvest Turkey Herring Kibble,2026-09-07,17:08:45,smas,7+ Years,Large (70lbs and over),Purina
Culinary Harvest Turkey Herring Kibble,2026-09-15,16:28:20,meta,1-6 Years,Small (up to 30lbs),Nulo
Culinary Harvest Turkey Herring Kibble,2026-09-26,22:46:14,smas,1-6 Years,Medium (31lbs to 69lbs),Blue Buffalo
Culinary Harvest Turkey Herring Kibble,2026-09-03,12:55:48,meta,7+ Years,Medium (31lbs to 69lbs),Purina
Culinary Harvest Turkey Herring Kibble,2026-10-05,19:07:55,meta,1-6 Years,Small (up to 30lbs),Wellness Pet Food
Culinary Harvest Turkey Herring Kibble,2026-10-08,02:05:04,smas,7+ Years,Small (up to 30lbs),Blue Buffalo
Culinary Harvest Turkey Herring Kibble,2026-09-02,16:49:43,meta,7+ Years,Medium (31lbs to 69lbs),Blue Buffalo
Culinary Harvest Turkey Herring Kibble,2026-10-08,04:09:16,meta,1-6 Years,Small (up to 30lbs),Blue Buffalo
Culinary Harvest Turkey Herring Kibble,2026-09-07,17:53:14,smas,1-6 Years,Small (up to 30lbs),Merrick
Culinary Harvest Turkey Herring Kibble,2026-09-23,23:30:44,smas,1-6 Years,Medium (31lbs to 69lbs),Other
Culinary Harvest Turkey Herring Kibble,2026-09-16,06:20:14,meta,1-6 Years,Small (up to 30lbs),Other
Culinary Harvest Turkey Herring Kibble,2026-09-10,06:04:56,meta,7+ Years,Small (up to 30lbs),Purina
Culinary Harvest Turkey Herring Kibble,2026-09-01,18:41:34,meta,7+ Years,Small (up to 30lbs),Taste of the Wild
Culinary Harvest Turkey Herring Kibble,2026-10-06,20:37:31,smas,1-6 Years,Small (up to 30lbs),Hill's Science Diet
Culinary Harvest Turkey Herring Kibble,2026-09-03,04:19:56,meta,7+ Years,Large (70lbs and over),Other
Culinary Harvest Turkey Herring Kibble,2026-10-08,04:29:08,smas,1-6 Years,Small (up to 30lbs),Open Farm
Culinary Harvest Turkey Herring Kibble,2026-10-08,19:48:06,meta,1-6 Years,Small (up to 30lbs),Blue Buffalo
Culinary Harvest Turkey Herring Kibble,2026-09-13,22:43:46,meta,7+ Years,Large (70lbs and over),Hill's Science Diet
Culinary Harvest Turkey Herring Kibble,2026-09-25,02:57:59,meta,1-6 Years,Large (70lbs and over),Blue Buffalo
Culinary Harvest Turkey Herring Kibble,2026-10-05,21:34:52,meta,1-6 Years,Medium (31lbs to 69lbs),Blue Buffalo
Culinary Harvest Turkey Herring Kibble,2026-10-06,18:48:44,smas,1-6 Years,Large (70lbs and over),Other
Culinary Harvest Turkey Herring Kibble,2026-09-26,22:56:15,smas,Under One Year,Large (70lbs and over),Other
Culinary Harvest Turkey Herring Kibble,2026-10-07,20:01:33,smas,7+ Years,Medium (31lbs to 69lbs),Other
Culinary Harvest Turkey Herring Kibble,2026-09-23,21:13:11,smas,7+ Years,Small (up to 30lbs),Other
Culinary Harvest Turkey Herring Kibble,2026-09-11,15:43:31,meta,1-6 Years,Small (up to 30lbs),Wellness Pet Food
Culinary Harvest Turkey Herring Kibble,2026-09-07,19:36:39,meta,Under One Year,Medium (31lbs to 69lbs),Hill's Science Diet
Culinary Harvest Turkey Herring Kibble,2026-10-10,15:46:46,meta,7+ Years,Small (up to 30lbs),Taste of the Wild
Culinary Harvest Turkey Herring Kibble,2026-09-25,21:27:29,meta,1-6 Years,Large (70lbs and over),Blue Buffalo
Culinary Harvest Turkey Herring Kibble,2026-09-23,21:05:06,smas,Under One Year,Small (up to 30lbs),Other
Culinary Harvest Turkey Herring Kibble,2026-10-08,20:52:48,smas,7+ Years,Small (up to 30lbs),Open Farm
Culinary Harvest Turkey Herring Kibble,2026-09-07,17:49:05,smas,7+ Years,Large (70lbs and over),Hill's Science Diet
Culinary Harvest Turkey Herring Kibble,2026-10-08,05:52:27,meta,1-6 Years,Small (up to 30lbs),Other
Culinary Harvest Turkey Herring Kibble,2026-09-05,14:39:11,meta,1-6 Years,Small (up to 30lbs),Purina
Culinary Harvest Turkey Herring Kibble,2026-10-08,01:20:09,smas,1-6 Years,Large (70lbs and over),Taste of the Wild
Culinary Harvest Turkey Herring Kibble,2026-09-07,20:41:53,meta,1-6 Years,Small (up to 30lbs),Other
Culinary Harvest Turkey Herring Kibble,2026-09-16,00:31:04,audience_1,1-6 Years,Small (up to 30lbs),Other
Culinary Harvest Turkey Herring Kibble,2026-09-07,18:32:10,smas,1-6 Years,Large (70lbs and over),Purina
Culinary Harvest Turkey Herring Kibble,2026-09-05,22:43:11,meta,7+ Years,Small (up to 30lbs),Other
Culinary Harvest Turkey Herring Kibble,2026-10-06,18:08:23,meta,1-6 Years,Large (70lbs and over),Purina
Culinary Harvest Turkey Herring Kibble,2026-10-06,19:01:54,smas,1-6 Years,Medium (31lbs to 69lbs),Other
Culinary Harvest Turkey Herring Kibble,2026-10-05,23:27:07,meta,Under One Year,Medium (31lbs to 69lbs),Other
Culinary Harvest Turkey Herring Kibble,2026-10-07,14:41:07,meta,7+ Years,Small (up to 30lbs),Merrick
Culinary Harvest Turkey Herring Kibble,2026-09-23,21:51:46,smas,1-6 Years,Small (up to 30lbs),Purina
Culinary Harvest Turkey Herring Kibble,2026-09-05,23:03:54,meta,Under One Year,Large (70lbs and over),Nutri Source
Culinary Harvest Turkey Herring Kibble,2026-09-08,19:48:05,meta,1-6 Years,Medium (31lbs to 69lbs),Other
Culinary Harvest Turkey Herring Kibble,2026-10-08,15:09:08,meta,1-6 Years,Large (70lbs and over),Fromm
Culinary Harvest Turkey Herring Kibble,2026-09-07,17:07:26,smas,7+ Years,Medium (31lbs to 69lbs),Other
Culinary Harvest Turkey Herring Kibble,2026-09-09,16:56:02,meta,1-6 Years,Small (up to 30lbs),Purina
Culinary Harvest Turkey Herring Kibble,2026-09-24,00:57:15,meta,7+ Years,Medium (31lbs to 69lbs),Other
Culinary Harvest Turkey Herring Kibble,2026-09-15,12:18:33,audience_1,Under One Year,Small (up to 30lbs),Blue Buffalo
Culinary Harvest Turkey Herring Kibble,2026-09-05,09:22:51,meta,1-6 Years,Large (70lbs and over),Purina
Culinary Harvest Turkey Herring Kibble,2026-10-05,22:51:07,meta,7+ Years,Medium (31lbs to 69lbs),Hill's Science Diet
Culinary Harvest Turkey Herring Kibble,2026-10-06,18:01:13,smas,1-6 Years,Large (70lbs and over),Purina
Culinary Harvest Turkey Herring Kibble,2026-09-24,10:46:42,smas,Under One Year,Medium (31lbs to 69lbs),Purina
Culinary Harvest Turkey Herring Kibble,2026-09-13,23:17:28,meta,1-6 Years,Small (up to 30lbs),Other
Culinary Harvest Turkey Herring Kibble,2026-09-23,23:34:04,smas,1-6 Years,Small (up to 30lbs),Purina
Culinary Harvest Turkey Herring Kibble,2026-09-24,03:47:11,smas,1-6 Years,Small (up to 30lbs),Purina
Culinary Harvest Turkey Herring Kibble,2026-09-18,01:58:51,meta,1-6 Years,Medium (31lbs to 69lbs),Other
Culinary Harvest Turkey Herring Kibble,2026-09-07,20:04:27,smas,1-6 Years,Medium (31lbs to 69lbs),Purina
Culinary Harvest Turkey Herring Kibble,2026-09-02,06:37:00,meta,1-6 Years,Medium (31lbs to 69lbs),Purina
Culinary Harvest Turkey Herring Kibble,2026-10-08,13:51:46,smas,1-6 Years,Large (70lbs and over),Blue Buffalo
Culinary Harvest Turkey Herring Kibble,2026-10-08,21:09:56,smas,1-6 Years,Small (up to 30lbs),Purina
Culinary Harvest Turkey Herring Kibble,2026-09-10,16:21:44,meta,1-6 Years,Medium (31lbs to 69lbs),Purina
Culinary Harvest Turkey Herring Kibble,2026-09-25,20:57:23,meta,1-6 Years,Small (up to 30lbs),Other
Culinary Harvest Turkey Herring Kibble,2026-10-06,17:59:05,smas,1-6 Years,Large (70lbs and over),Other
Culinary Harvest Turkey Herring Kibble,2026-10-09,01:12:11,smas,1-6 Years,Medium (31lbs to 69lbs),Hill's Science Diet
Culinary Harvest Turkey Herring Kibble,2026-10-08,21:15:41,smas,1-6 Years,Small (up to 30lbs),Hill's Science Diet
Culinary Harvest Turkey Herring Kibble,2026-09-26,21:17:57,smas,7+ Years,Medium (31lbs to 69lbs),Taste of the Wild
Culinary Harvest Turkey Herring Kibble,2026-10-05,19:07:20,meta,7+ Years,Medium (31lbs to 69lbs),Blue Buffalo
Culinary Harvest Turkey Herring Kibble,2026-09-01,16:05:15,meta,7+ Years,Large (70lbs and over),Purina
Culinary Harvest Turkey Herring Kibble,2026-09-12,02:33:48,meta,1-6 Years,Medium (31lbs to 69lbs),Other
Culinary Harvest Turkey Herring Kibble,2026-10-05,23:05:14,meta,Under One Year,Small (up to 30lbs),Hill's Science Diet
Culinary Harvest Turkey Herring Kibble,2026-09-18,01:41:01,meta,7+ Years,Large (70lbs and over),Other
Culinary Harvest Turkey Herring Kibble,2026-10-05,17:13:24,meta,1-6 Years,Small (up to 30lbs),Other
Culinary Harvest Turkey Herring Kibble,2026-10-08,20:50:09,smas,Under One Year,Small (up to 30lbs),Other
Culinary Harvest Turkey Herring Kibble,2026-09-25,04:36:42,meta,7+ Years,Medium (31lbs to 69lbs),Other
Culinary Harvest Turkey Herring Kibble,2026-09-23,21:36:57,smas,7+ Years,Small (up to 30lbs),Other
Culinary Harvest Turkey Herring Kibble,2026-09-08,17:10:59,smas,1-6 Years,Medium (31lbs to 69lbs),Taste of the Wild
Culinary Harvest Turkey Herring Kibble,2026-09-25,17:21:15,smas,1-6 Years,Large (70lbs and over),Other
Culinary Harvest Turkey Herring Kibble,2026-09-25,19:46:05,meta,7+ Years,Medium (31lbs to 69lbs),Other
Culinary Harvest Turkey Herring Kibble,2026-10-09,05:58:58,meta,1-6 Years,Small (up to 30lbs),Blue Buffalo
Culinary Harvest Turkey Herring Kibble,2026-10-05,16:42:37,meta,7+ Years,Large (70lbs and over),Purina
Culinary Harvest Turkey Herring Kibble,2026-10-08,13:32:24,smas,7+ Years,Small (up to 30lbs),Other
Culinary Harvest Turkey Herring Kibble,2026-09-23,21:53:21,smas,1-6 Years,Small (up to 30lbs),Taste of the Wild
Culinary Harvest Turkey Herring Kibble,2026-09-24,13:58:06,smas,1-6 Years,Medium (31lbs to 69lbs),Taste of the Wild
Culinary Harvest Turkey Herring Kibble,2026-09-23,13:08:16,meta,7+ Years,Large (70lbs and over),Nutri Source
Culinary Harvest Turkey Herring Kibble,2026-10-10,00:57:15,meta,1-6 Years,Small (up to 30lbs),Hill's Science Diet
Culinary Harvest Turkey Herring Kibble,2026-10-08,22:29:40,meta,1-6 Years,Small (up to 30lbs),Purina
Culinary Harvest Turkey Herring Kibble,2026-09-09,18:32:06,meta,1-6 Years,Medium (31lbs to 69lbs),Other
Culinary Harvest Turkey Herring Kibble,2026-09-21,15:44:38,meta,1-6 Years,Medium (31lbs to 69lbs),Purina
Culinary Harvest Turkey Herring Kibble,2026-10-05,19:04:34,meta,7+ Years,Medium (31lbs to 69lbs),Other
Culinary Harvest Turkey Herring Kibble,2026-09-06,01:58:51,meta,7+ Years,Small (up to 30lbs),Purina
Culinary Harvest Turkey Herring Kibble,2026-09-10,00:22:51,smas,7+ Years,Small (up to 30lbs),Hill's Science Diet
Culinary Harvest Turkey Herring Kibble,2026-10-05,17:04:20,meta,7+ Years,Small (up to 30lbs),Blue Buffalo
Culinary Harvest Turkey Herring Kibble,2026-10-06,01:08:10,meta,1-6 Years,Small (up to 30lbs),Nulo
Culinary Harvest Turkey Herring Kibble,2026-09-05,17:31:12,meta,7+ Years,Medium (31lbs to 69lbs),Hill's Science Diet
Culinary Harvest Turkey Herring Kibble,2026-10-07,05:55:17,meta,7+ Years,Large (70lbs and over),Hill's Science Diet
Culinary Harvest Turkey Herring Kibble,2026-10-06,17:53:27,smas,1-6 Years,Small (up to 30lbs),Other
Culinary Harvest Turkey Herring Kibble,2026-10-05,20:01:17,meta,1-6 Years,Small (up to 30lbs),Stella & Chewy's
Culinary Harvest Turkey Herring Kibble,2026-10-06,17:57:25,smas,1-6 Years,Small (up to 30lbs),Purina
Culinary Harvest Turkey Herring Kibble,2026-10-05,17:02:23,meta,1-6 Years,Large (70lbs and over),Other
Culinary Harvest Turkey Herring Kibble,2026-09-24,01:42:38,meta,Under One Year,Small (up to 30lbs),Other
Culinary Harvest Turkey Herring Kibble,2026-10-08,22:45:10,smas,1-6 Years,Small (up to 30lbs),Open Farm
Culinary Harvest Turkey Herring Kibble,2026-09-15,01:54:38,audience_1,7+ Years,Small (up to 30lbs),Merrick
Culinary Harvest Turkey Herring Kibble,2026-09-02,00:04:17,meta,7+ Years,Large (70lbs and over),Purina
Culinary Harvest Turkey Herring Kibble,2026-09-22,08:16:48,meta,1-6 Years,Small (up to 30lbs),Purina
Culinary Harvest Turkey Herring Kibble,2026-10-09,03:53:49,meta,1-6 Years,Small (up to 30lbs),Other
Culinary Harvest Turkey Herring Kibble,2026-09-16,23:04:20,meta,1-6 Years,Medium (31lbs to 69lbs),Blue Buffalo
Culinary Harvest Turkey Herring Kibble,2026-10-08,23:20:01,meta,1-6 Years,Medium (31lbs to 69lbs),Other
Culinary Harvest Turkey Herring Kibble,2026-09-22,17:12:40,meta,1-6 Years,Large (70lbs and over),Taste of the Wild
Culinary Harvest Turkey Herring Kibble,2026-09-22,17:03:19,meta,1-6 Years,Medium (31lbs to 69lbs),Purina
Culinary Harvest Turkey Herring Kibble,2026-09-27,04:02:19,smas,1-6 Years,Medium (31lbs to 69lbs),Blue Buffalo
Culinary Harvest Turkey Herring Kibble,2026-10-09,17:12:17,meta,7+ Years,Small (up to 30lbs),Hill's Science Diet
Culinary Harvest Turkey Herring Kibble,2026-09-02,09:43:42,meta,1-6 Years,Medium (31lbs to 69lbs),Merrick
Culinary Harvest Turkey Herring Kibble,2026-10-07,22:24:43,smas,1-6 Years,Small (up to 30lbs),Other
Culinary Harvest Turkey Herring Kibble,2026-10-05,15:49:45,audience_1,1-6 Years,Medium (31lbs to 69lbs),Purina
Culinary Harvest Turkey Herring Kibble,2026-10-05,15:21:05,meta,1-6 Years,Medium (31lbs to 69lbs),Other
Culinary Harvest Turkey Herring Kibble,2026-09-18,04:20:05,meta,1-6 Years,Medium (31lbs to 69lbs),Purina
Culinary Harvest Turkey Herring Kibble,2026-10-05,21:56:24,meta,7+ Years,Medium (31lbs to 69lbs),Purina
Culinary Harvest Turkey Herring Kibble,2026-10-07,16:38:50,smas,7+ Years,Small (up to 30lbs),Open Farm
Culinary Harvest Turkey Herring Kibble,2026-09-23,22:36:47,smas,1-6 Years,Small (up to 30lbs),Purina
Culinary Harvest Turkey Herring Kibble,2026-09-04,14:13:20,audience_1,1-6 Years,Large (70lbs and over),Nutri Source
Culinary Harvest Turkey Herring Kibble,2026-09-21,18:22:07,meta,1-6 Years,Medium (31lbs to 69lbs),Other
Culinary Harvest Turkey Herring Kibble,2026-10-09,13:18:55,smas,7+ Years,Large (70lbs and over),Orijen
Culinary Harvest Turkey Herring Kibble,2026-10-08,03:52:37,smas,7+ Years,Small (up to 30lbs),Blue Buffalo
Culinary Harvest Turkey Herring Kibble,2026-10-08,21:27:58,smas,7+ Years,Small (up to 30lbs),Other
Culinary Harvest Turkey Herring Kibble,2026-10-08,00:02:16,smas,7+ Years,Small (up to 30lbs),Blue Buffalo
Culinary Harvest Turkey Herring Kibble,2026-09-26,21:09:56,smas,1-6 Years,Small (up to 30lbs),Other
Culinary Harvest Turkey Herring Kibble,2026-09-05,17:22:58,meta,1-6 Years,Medium (31lbs to 69lbs),Other
Culinary Harvest Turkey Herring Kibble,2026-10-06,02:07:44,meta,7+ Years,Small (up to 30lbs),Other
Culinary Harvest Turkey Herring Kibble,2026-10-09,00:37:36,meta,1-6 Years,Small (up to 30lbs),Blue Buffalo
Culinary Harvest Turkey Herring Kibble,2026-10-07,20:05:54,smas,7+ Years,Small (up to 30lbs),Other
Culinary Harvest Turkey Herring Kibble,2026-09-04,22:58:57,meta,1-6 Years,Medium (31lbs to 69lbs),Purina
Culinary Harvest Turkey Herring Kibble,2026-09-15,02:24:07,meta,7+ Years,Large (70lbs and over),Purina
Culinary Harvest Turkey Herring Kibble,2026-09-11,05:34:26,meta,7+ Years,Large (70lbs and over),Purina
Culinary Harvest Turkey Herring Kibble,2026-10-06,19:03:48,smas,1-6 Years,Medium (31lbs to 69lbs),Orijen
Culinary Harvest Turkey Herring Kibble,2026-09-05,04:23:09,meta,Under One Year,Medium (31lbs to 69lbs),Other
Culinary Harvest Turkey Herring Kibble,2026-10-08,21:59:53,smas,1-6 Years,Medium (31lbs to 69lbs),Other
Culinary Harvest Turkey Herring Kibble,2026-09-24,22:31:13,smas,1-6 Years,Medium (31lbs to 69lbs),Purina
Culinary Harvest Turkey Herring Kibble,2026-09-23,21:58:07,smas,7+ Years,Small (up to 30lbs),Purina
Culinary Harvest Turkey Herring Kibble,2026-09-08,02:23:27,smas,1-6 Years,Small (up to 30lbs),Wellness Pet Food
Culinary Harvest Turkey Herring Kibble,2026-09-17,15:33:44,meta,7+ Years,Large (70lbs and over),Purina
Culinary Harvest Turkey Herring Kibble,2026-09-03,18:28:21,meta,1-6 Years,Small (up to 30lbs),Purina
Culinary Harvest Turkey Herring Kibble,2026-10-08,19:50:34,meta,Under One Year,Small (up to 30lbs),Nutri Source
Culinary Harvest Turkey Herring Kibble,2026-09-09,22:24:56,smas,1-6 Years,Large (70lbs and over),Purina
Culinary Harvest Turkey Herring Kibble,2026-09-07,17:14:45,smas,1-6 Years,Large (70lbs and over),Hill's Science Diet
Culinary Harvest Turkey Herring Kibble,2026-10-08,21:11:33,smas,1-6 Years,Small (up to 30lbs),Orijen
Culinary Harvest Turkey Herring Kibble,2026-10-09,00:08:41,smas,7+ Years,Small (up to 30lbs),Other
Culinary Harvest Turkey Herring Kibble,2026-10-06,21:19:04,meta,7+ Years,Small (up to 30lbs),Other
Culinary Harvest Turkey Herring Kibble,2026-10-07,19:50:04,smas,1-6 Years,Small (up to 30lbs),Hill's Science Diet
Culinary Harvest Turkey Herring Kibble,2026-09-25,00:02:21,smas,1-6 Years,Small (up to 30lbs),Blue Buffalo
Culinary Harvest Turkey Herring Kibble,2026-09-27,20:38:54,smas,7+ Years,Small (up to 30lbs),Purina
Culinary Harvest Turkey Herring Kibble,2026-09-23,21:05:20,smas,1-6 Years,Medium (31lbs to 69lbs),Other
Culinary Harvest Turkey Herring Kibble,2026-10-05,15:14:36,meta,7+ Years,Small (up to 30lbs),Other
Culinary Harvest Turkey Herring Kibble,2026-09-25,13:21:43,audience_1,1-6 Years,Small (up to 30lbs),Other
Culinary Harvest Turkey Herring Kibble,2026-09-25,17:47:55,meta,1-6 Years,Medium (31lbs to 69lbs),Purina
Culinary Harvest Turkey Herring Kibble,2026-10-07,06:29:15,meta,7+ Years,Small (up to 30lbs),Purina
Culinary Harvest Turkey Herring Kibble,2026-09-25,12:06:16,smas,7+ Years,Small (up to 30lbs),Purina
Culinary Harvest Turkey Herring Kibble,2026-10-08,20:49:37,smas,1-6 Years,Large (70lbs and over),Purina
Culinary Harvest Turkey Herring Kibble,2026-10-07,04:15:49,meta,1-6 Years,Small (up to 30lbs),Purina
Culinary Harvest Turkey Herring Kibble,2026-10-09,21:48:38,meta,1-6 Years,Medium (31lbs to 69lbs),Other
Culinary Harvest Turkey Herring Kibble,2026-10-08,21:51:10,smas,1-6 Years,Small (up to 30lbs),Hill's Science Diet
Culinary Harvest Turkey Herring Kibble,2026-09-18,16:20:39,meta,1-6 Years,Small (up to 30lbs),Other
Culinary Harvest Turkey Herring Kibble,2026-09-23,21:31:21,smas,7+ Years,Small (up to 30lbs),Other
Culinary Harvest Turkey Herring Kibble,2026-10-07,20:56:47,smas,1-6 Years,Medium (31lbs to 69lbs),Hill's Science Diet
Culinary Harvest Turkey Herring Kibble,2026-09-09,05:27:44,meta,1-6 Years,Medium (31lbs to 69lbs),Other
Culinary Harvest Turkey Herring Kibble,2026-09-18,01:57:32,meta,7+ Years,Medium (31lbs to 69lbs),Purina
Culinary Harvest Turkey Herring Kibble,2026-10-08,20:50:48,smas,7+ Years,Large (70lbs and over),Wellness Pet Food
Culinary Harvest Turkey Herring Kibble,2026-10-08,14:46:34,meta,7+ Years,Small (up to 30lbs),Taste of the Wild
Culinary Harvest Turkey Herring Kibble,2026-10-06,17:57:12,smas,1-6 Years,Small (up to 30lbs),Purina
Culinary Harvest Turkey Herring Kibble,2026-10-07,08:08:09,smas,7+ Years,Small (up to 30lbs),Purina
Culinary Harvest Turkey Herring Kibble,2026-10-09,00:18:00,smas,1-6 Years,Small (up to 30lbs),Purina
Culinary Harvest Turkey Herring Kibble,2026-10-07,01:49:33,smas,1-6 Years,Small (up to 30lbs),Blue Buffalo
Culinary Harvest Turkey Herring Kibble,2026-09-05,22:43:02,meta,1-6 Years,Small (up to 30lbs),Blue Buffalo
Culinary Harvest Turkey Herring Kibble,2026-10-08,05:02:33,meta,1-6 Years,Small (up to 30lbs),Purina
Culinary Harvest Turkey Herring Kibble,2026-09-12,19:37:31,meta,7+ Years,Small (up to 30lbs),Purina
Culinary Harvest Turkey Herring Kibble,2026-10-07,15:35:38,smas,Under One Year,Large (70lbs and over),Wellness Pet Food
Culinary Harvest Turkey Herring Kibble,2026-09-16,15:18:58,meta,1-6 Years,Medium (31lbs to 69lbs),Purina
Culinary Harvest Turkey Herring Kibble,2026-10-08,21:18:23,smas,7+ Years,Large (70lbs and over),Blue Buffalo
Culinary Harvest Turkey Herring Kibble,2026-09-16,11:58:18,meta,7+ Years,Large (70lbs and over),Other
Culinary Harvest Turkey Herring Kibble,2026-09-11,18:21:46,meta,7+ Years,Small (up to 30lbs),Purina
Culinary Harvest Turkey Herring Kibble,2026-10-07,01:02:28,smas,7+ Years,Small (up to 30lbs),Purina
Culinary Harvest Turkey Herring Kibble,2026-10-09,22:53:03,smas,1-6 Years,Small (up to 30lbs),Purina
Culinary Harvest Turkey Herring Kibble,2026-09-09,21:15:38,smas,7+ Years,Small (up to 30lbs),Purina
Culinary Harvest Turkey Herring Kibble,2026-09-23,21:44:43,smas,1-6 Years,Large (70lbs and over),Other
Culinary Harvest Turkey Herring Kibble,2026-10-06,08:10:28,meta,7+ Years,Small (up to 30lbs),Other
Culinary Harvest Turkey Herring Kibble,2026-10-06,18:25:11,smas,7+ Years,Small (up to 30lbs),Merrick
Culinary Harvest Turkey Herring Kibble,2026-09-07,17:27:10,smas,1-6 Years,Small (up to 30lbs),Purina
Culinary Harvest Turkey Herring Kibble,2026-09-15,22:05:45,meta,1-6 Years,Medium (31lbs to 69lbs),Other
Culinary Harvest Turkey Herring Kibble,2026-09-07,17:11:36,smas,1-6 Years,Large (70lbs and over),Other
Culinary Harvest Turkey Herring Kibble,2026-09-15,22:55:25,meta,1-6 Years,Medium (31lbs to 69lbs),Purina
Culinary Harvest Turkey Herring Kibble,2026-09-14,18:02:59,meta,7+ Years,Small (up to 30lbs),Other
Culinary Harvest Turkey Herring Kibble,2026-09-14,15:41:08,smas,1-6 Years,Large (70lbs and over),Taste of the Wild
Culinary Harvest Turkey Herring Kibble,2026-10-06,02:38:23,meta,Under One Year,Small (up to 30lbs),Wellness Pet Food
Culinary Harvest Turkey Herring Kibble,2026-09-13,15:26:08,meta,7+ Years,Large (70lbs and over),Purina
Culinary Harvest Turkey Herring Kibble,2026-10-06,20:00:48,meta,1-6 Years,Small (up to 30lbs),Other
Culinary Harvest Turkey Herring Kibble,2026-10-09,00:10:32,meta,1-6 Years,Small (up to 30lbs),Other
Culinary Harvest Turkey Herring Kibble,2026-10-07,23:11:01,smas,1-6 Years,Large (70lbs and over),Other
Culinary Harvest Turkey Herring Kibble,2026-09-09,15:37:12,meta,7+ Years,Large (70lbs and over),Purina
Culinary Harvest Turkey Herring Kibble,2026-10-06,18:16:42,smas,1-6 Years,Large (70lbs and over),Blue Buffalo
Culinary Harvest Turkey Herring Kibble,2026-10-07,19:49:12,smas,1-6 Years,Large (70lbs and over),Other
Culinary Harvest Turkey Herring Kibble,2026-09-15,14:46:52,audience_1,1-6 Years,Large (70lbs and over),Purina
Culinary Harvest Turkey Herring Kibble,2026-10-06,17:59:41,smas,1-6 Years,Large (70lbs and over),Other
Culinary Harvest Turkey Herring Kibble,2026-09-07,17:31:39,smas,7+ Years,Large (70lbs and over),Other
Culinary Harvest Turkey Herring Kibble,2026-09-07,17:25:45,smas,7+ Years,Large (70lbs and over),Other
Culinary Harvest Turkey Herring Kibble,2026-09-17,23:59:11,meta,1-6 Years,Small (up to 30lbs),Other
Culinary Harvest Turkey Herring Kibble,2026-10-09,14:22:06,meta,7+ Years,Small (up to 30lbs),Nulo
Culinary Harvest Turkey Herring Kibble,2026-10-07,21:19:27,smas,7+ Years,Small (up to 30lbs),Other
Culinary Harvest Turkey Herring Kibble,2026-09-28,00:11:47,smas,1-6 Years,Medium (31lbs to 69lbs),Blue Buffalo
Culinary Harvest Turkey Herring Kibble,2026-10-10,00:19:55,smas,7+ Years,Medium (31lbs to 69lbs),Purina
Culinary Harvest Turkey Herring Kibble,2026-10-08,22:41:06,smas,1-6 Years,Medium (31lbs to 69lbs),Purina
Culinary Harvest Turkey Herring Kibble,2026-09-23,23:25:20,smas,7+ Years,Small (up to 30lbs),Purina
Culinary Harvest Turkey Herring Kibble,2026-10-09,02:16:40,smas,1-6 Years,Small (up to 30lbs),Orijen
Culinary Harvest Turkey Herring Kibble,2026-10-10,16:09:30,meta,1-6 Years,Small (up to 30lbs),Purina
Culinary Harvest Turkey Herring Kibble,2026-10-06,00:57:05,meta,1-6 Years,Medium (31lbs to 69lbs),Other
Culinary Harvest Turkey Herring Kibble,2026-09-03,16:51:29,meta,1-6 Years,Small (up to 30lbs),Nulo
Culinary Harvest Turkey Herring Kibble,2026-10-09,14:07:44,smas,1-6 Years,Small (up to 30lbs),Blue Buffalo
Culinary Harvest Turkey Herring Kibble,2026-09-23,21:45:30,smas,7+ Years,Medium (31lbs to 69lbs),Blue Buffalo
Culinary Harvest Turkey Herring Kibble,2026-09-08,22:16:45,meta,7+ Years,Medium (31lbs to 69lbs),Purina
Culinary Harvest Turkey Herring Kibble,2026-09-07,17:48:45,smas,1-6 Years,Small (up to 30lbs),Blue Buffalo
Culinary Harvest Turkey Herring Kibble,2026-09-17,22:30:38,meta,1-6 Years,Large (70lbs and over),Purina
Culinary Harvest Turkey Herring Kibble,2026-10-08,20:51:45,smas,1-6 Years,Medium (31lbs to 69lbs),Purina
Culinary Harvest Turkey Herring Kibble,2026-09-09,22:17:11,smas,1-6 Years,Large (70lbs and over),Taste of the Wild
Culinary Harvest Turkey Herring Kibble,2026-10-09,11:08:51,meta,1-6 Years,Medium (31lbs to 69lbs),Nutri Source
Culinary Harvest Turkey Herring Kibble,2026-09-08,01:01:43,meta,7+ Years,Large (70lbs and over),Purina
Culinary Harvest Turkey Herring Kibble,2026-09-17,20:59:02,meta,7+ Years,Small (up to 30lbs),Other
Culinary Harvest Turkey Herring Kibble,2026-09-09,20:40:21,smas,1-6 Years,Large (70lbs and over),Other
Culinary Harvest Turkey Herring Kibble,2026-09-11,19:34:35,meta,1-6 Years,Small (up to 30lbs),Blue Buffalo
Culinary Harvest Turkey Herring Kibble,2026-09-02,18:00:09,meta,7+ Years,Medium (31lbs to 69lbs),Taste of the Wild
Culinary Harvest Turkey Herring Kibble,2026-10-08,07:25:27,meta,7+ Years,Small (up to 30lbs),Purina
Culinary Harvest Turkey Herring Kibble,2026-10-09,22:42:39,smas,7+ Years,Small (up to 30lbs),Wellness Pet Food
Culinary Harvest Turkey Herring Kibble,2026-09-01,19:14:03,meta,7+ Years,Large (70lbs and over),Hill's Science Diet
Culinary Harvest Turkey Herring Kibble,2026-10-10,11:43:12,meta,1-6 Years,Medium (31lbs to 69lbs),Purina
Culinary Harvest Turkey Herring Kibble,2026-09-05,23:16:58,meta,1-6 Years,Medium (31lbs to 69lbs),Hill's Science Diet
Culinary Harvest Turkey Herring Kibble,2026-10-05,20:04:44,meta,1-6 Years,Medium (31lbs to 69lbs),Purina
Culinary Harvest Turkey Herring Kibble,2026-10-06,20:47:17,meta,7+ Years,Small (up to 30lbs),Hill's Science Diet
Culinary Harvest Turkey Herring Kibble,2026-10-08,01:55:20,smas,7+ Years,Medium (31lbs to 69lbs),Other
Culinary Harvest Turkey Herring Kibble,2026-09-07,17:12:20,smas,7+ Years,Large (70lbs and over),Other
Culinary Harvest Turkey Herring Kibble,2026-09-13,18:33:17,meta,1-6 Years,Medium (31lbs to 69lbs),Other
Culinary Harvest Turkey Herring Kibble,2026-10-09,00:01:41,smas,7+ Years,Medium (31lbs to 69lbs),Blue Buffalo
Culinary Harvest Turkey Herring Kibble,2026-10-06,06:08:06,meta,1-6 Years,Large (70lbs and over),Other
Culinary Harvest Turkey Herring Kibble,2026-09-09,00:17:16,smas,1-6 Years,Medium (31lbs to 69lbs),Blue Buffalo
Culinary Harvest Turkey Herring Kibble,2026-09-16,23:21:59,meta,1-6 Years,Large (70lbs and over),Other
Culinary Harvest Turkey Herring Kibble,2026-09-15,21:25:10,meta,1-6 Years,Small (up to 30lbs),Purina
Culinary Harvest Turkey Herring Kibble,2026-10-06,18:26:23,smas,Under One Year,Small (up to 30lbs),Purina
Culinary Harvest Turkey Herring Kibble,2026-09-15,02:31:28,meta,1-6 Years,Medium (31lbs to 69lbs),Hill's Science Diet
Culinary Harvest Turkey Herring Kibble,2026-10-06,01:52:36,meta,1-6 Years,Medium (31lbs to 69lbs),Purina
Culinary Harvest Turkey Herring Kibble,2026-09-06,01:51:11,meta,7+ Years,Medium (31lbs to 69lbs),Taste of the Wild
Culinary Harvest Turkey Herring Kibble,2026-10-09,20:00:35,smas,1-6 Years,Large (70lbs and over),Hill's Science Diet
Culinary Harvest Turkey Herring Kibble,2026-09-17,16:13:15,meta,1-6 Years,Small (up to 30lbs),Blue Buffalo
Culinary Harvest Turkey Herring Kibble,2026-09-07,17:12:14,smas,1-6 Years,Small (up to 30lbs),Other
Culinary Harvest Turkey Herring Kibble,2026-10-08,15:45:42,meta,7+ Years,Small (up to 30lbs),Other
Culinary Harvest Turkey Herring Kibble,2026-09-06,19:36:25,meta,7+ Years,Medium (31lbs to 69lbs),Other
Culinary Harvest Turkey Herring Kibble,2026-10-06,18:16:53,smas,1-6 Years,Large (70lbs and over),Other
Culinary Harvest Turkey Herring Kibble,2026-10-08,21:54:57,smas,1-6 Years,Medium (31lbs to 69lbs),Blue Buffalo
Culinary Harvest Turkey Herring Kibble,2026-10-06,22:31:47,meta,1-6 Years,Large (70lbs and over),Hill's Science Diet
Culinary Harvest Turkey Herring Kibble,2026-10-08,16:46:06,smas,1-6 Years,Large (70lbs and over),Other
Culinary Harvest Turkey Herring Kibble,2026-09-24,21:45:38,meta,1-6 Years,Small (up to 30lbs),Blue Buffalo
Culinary Harvest Turkey Herring Kibble,2026-09-05,11:39:50,meta,1-6 Years,Medium (31lbs to 69lbs),Purina
Culinary Harvest Turkey Herring Kibble,2026-09-06,13:55:28,meta,7+ Years,Small (up to 30lbs),Other
Culinary Harvest Turkey Herring Kibble,2026-10-06,19:38:48,smas,7+ Years,Medium (31lbs to 69lbs),Purina
Culinary Harvest Turkey Herring Kibble,2026-09-03,00:54:23,meta,7+ Years,Large (70lbs and over),Purina
Culinary Harvest Turkey Herring Kibble,2026-10-06,03:31:11,meta,1-6 Years,Small (up to 30lbs),Wellness Pet Food
Culinary Harvest Turkey Herring Kibble,2026-10-08,20:49:35,smas,Under One Year,Medium (31lbs to 69lbs),Blue Buffalo
Culinary Harvest Turkey Herring Kibble,2026-10-08,20:57:34,smas,7+ Years,Large (70lbs and over),Purina
Culinary Harvest Turkey Herring Kibble,2026-09-05,16:27:19,meta,7+ Years,Small (up to 30lbs),Purina
Culinary Harvest Turkey Herring Kibble,2026-10-10,13:39:01,meta,1-6 Years,Medium (31lbs to 69lbs),Other
Culinary Harvest Turkey Herring Kibble,2026-09-16,15:50:03,meta,7+ Years,Small (up to 30lbs),Blue Buffalo
Culinary Harvest Turkey Herring Kibble,2026-10-05,17:16:10,meta,7+ Years,Small (up to 30lbs),Fromm
Culinary Harvest Turkey Herring Kibble,2026-10-06,22:16:12,meta,1-6 Years,Small (up to 30lbs),Purina
Culinary Harvest Turkey Herring Kibble,2026-10-05,17:01:41,meta,1-6 Years,Small (up to 30lbs),Other
Culinary Harvest Turkey Herring Kibble,2026-09-01,16:01:57,meta,7+ Years,Medium (31lbs to 69lbs),Purina
Culinary Harvest Turkey Herring Kibble,2026-09-06,01:19:22,meta,1-6 Years,Small (up to 30lbs),Other
Culinary Harvest Turkey Herring Kibble,2026-09-24,15:25:52,meta,7+ Years,Medium (31lbs to 69lbs),Other
Culinary Harvest Turkey Herring Kibble,2026-10-07,04:58:26,meta,1-6 Years,Small (up to 30lbs),Hill's Science Diet
Culinary Harvest Turkey Herring Kibble,2026-09-16,07:56:39,meta,7+ Years,Large (70lbs and over),Other
Culinary Harvest Turkey Herring Kibble,2026-09-13,20:01:59,meta,1-6 Years,Medium (31lbs to 69lbs),Purina
Culinary Harvest Turkey Herring Kibble,2026-09-24,01:33:55,smas,1-6 Years,Small (up to 30lbs),Blue Buffalo
Culinary Harvest Turkey Herring Kibble,2026-09-23,23:06:34,smas,1-6 Years,Medium (31lbs to 69lbs),Blue Buffalo
Culinary Harvest Turkey Herring Kibble,2026-10-05,21:12:00,meta,1-6 Years,Large (70lbs and over),Wellness Pet Food
Culinary Harvest Turkey Herring Kibble,2026-09-23,21:53:03,smas,1-6 Years,Large (70lbs and over),Taste of the Wild
Culinary Harvest Turkey Herring Kibble,2026-09-15,00:07:38,meta,1-6 Years,Medium (31lbs to 69lbs),Hill's Science Diet
Culinary Harvest Turkey Herring Kibble,2026-09-13,17:01:18,meta,1-6 Years,Small (up to 30lbs),Purina
Culinary Harvest Turkey Herring Kibble,2026-09-17,21:56:27,meta,1-6 Years,Small (up to 30lbs),Purina
Culinary Harvest Turkey Herring Kibble,2026-10-09,11:02:59,meta,1-6 Years,Medium (31lbs to 69lbs),Wellness Pet Food
Culinary Harvest Turkey Herring Kibble,2026-09-08,02:16:25,smas,1-6 Years,Small (up to 30lbs),Hill's Science Diet
Culinary Harvest Turkey Herring Kibble,2026-10-06,17:50:37,smas,7+ Years,Large (70lbs and over),Other
Culinary Harvest Turkey Herring Kibble,2026-09-02,21:33:08,meta,1-6 Years,Small (up to 30lbs),Other
Culinary Harvest Turkey Herring Kibble,2026-09-22,11:59:02,meta,Under One Year,Small (up to 30lbs),Purina
Culinary Harvest Turkey Herring Kibble,2026-09-25,17:12:10,meta,1-6 Years,Small (up to 30lbs),Purina
Culinary Harvest Turkey Herring Kibble,2026-09-22,08:50:52,meta,1-6 Years,Medium (31lbs to 69lbs),Blue Buffalo
Culinary Harvest Turkey Herring Kibble,2026-10-09,02:46:20,meta,1-6 Years,Large (70lbs and over),Other
Culinary Harvest Turkey Herring Kibble,2026-09-24,00:22:47,smas,7+ Years,Medium (31lbs to 69lbs),Blue Buffalo
Culinary Harvest Turkey Herring Kibble,2026-09-07,19:24:13,smas,Under One Year,Medium (31lbs to 69lbs),Purina
Culinary Harvest Turkey Herring Kibble,2026-09-23,01:06:44,meta,1-6 Years,Large (70lbs and over),Wellness Pet Food
Culinary Harvest Turkey Herring Kibble,2026-09-24,15:02:06,smas,1-6 Years,Large (70lbs and over),Other
Culinary Harvest Turkey Herring Kibble,2026-09-14,02:43:12,meta,7+ Years,Small (up to 30lbs),Wellness Pet Food
Culinary Harvest Turkey Herring Kibble,2026-10-06,20:40:57,smas,1-6 Years,Small (up to 30lbs),Nutri Source
Culinary Harvest Turkey Herring Kibble,2026-09-14,14:50:21,meta,7+ Years,Small (up to 30lbs),Other
Culinary Harvest Turkey Herring Kibble,2026-09-16,15:54:38,meta,1-6 Years,Medium (31lbs to 69lbs),Blue Buffalo
Culinary Harvest Turkey Herring Kibble,2026-09-07,17:13:29,smas,7+ Years,Small (up to 30lbs),Purina
Culinary Harvest Turkey Herring Kibble,2026-10-05,15:36:14,meta,1-6 Years,Medium (31lbs to 69lbs),Nutri Source
Culinary Harvest Turkey Herring Kibble,2026-09-05,05:42:13,meta,7+ Years,Large (70lbs and over),Wellness Pet Food
Culinary Harvest Turkey Herring Kibble,2026-09-15,15:42:25,meta,1-6 Years,Small (up to 30lbs),Other
Culinary Harvest Turkey Herring Kibble,2026-10-07,02:58:39,meta,7+ Years,Small (up to 30lbs),Open Farm
Culinary Harvest Turkey Herring Kibble,2026-10-08,04:30:05,meta,7+ Years,Large (70lbs and over),Other
Culinary Harvest Turkey Herring Kibble,2026-09-28,10:04:58,smas,1-6 Years,Medium (31lbs to 69lbs),Blue Buffalo
Culinary Harvest Turkey Herring Kibble,2026-09-26,21:56:13,smas,1-6 Years,Large (70lbs and over),Other
Culinary Harvest Turkey Herring Kibble,2026-10-07,23:01:56,smas,1-6 Years,Small (up to 30lbs),Purina
Culinary Harvest Turkey Herring Kibble,2026-09-24,03:45:11,smas,1-6 Years,Medium (31lbs to 69lbs),Purina
Culinary Harvest Turkey Herring Kibble,2026-10-10,15:28:50,meta,1-6 Years,Small (up to 30lbs),Blue Buffalo
Culinary Harvest Turkey Herring Kibble,2026-10-07,11:49:22,meta,1-6 Years,Small (up to 30lbs),Other
Culinary Harvest Turkey Herring Kibble,2026-09-16,19:23:02,meta,Under One Year,Small (up to 30lbs),Other
Culinary Harvest Turkey Herring Kibble,2026-09-07,17:40:19,smas,7+ Years,Small (up to 30lbs),Other
Culinary Harvest Turkey Herring Kibble,2026-09-28,23:06:32,smas,7+ Years,Medium (31lbs to 69lbs),Purina
Culinary Harvest Turkey Herring Kibble,2026-09-01,23:10:31,meta,1-6 Years,Small (up to 30lbs),Wellness Pet Food
Culinary Harvest Turkey Herring Kibble,2026-09-01,16:48:44,meta,1-6 Years,Medium (31lbs to 69lbs),Orijen
Culinary Harvest Turkey Herring Kibble,2026-10-08,21:32:36,smas,7+ Years,Medium (31lbs to 69lbs),Other
Culinary Harvest Turkey Herring Kibble,2026-10-07,19:49:35,smas,7+ Years,Medium (31lbs to 69lbs),Other
Culinary Harvest Turkey Herring Kibble,2026-09-22,17:50:26,meta,1-6 Years,Small (up to 30lbs),Other
Culinary Harvest Turkey Herring Kibble,2026-09-14,17:18:54,meta,1-6 Years,Small (up to 30lbs),Purina
Culinary Harvest Turkey Herring Kibble,2026-09-23,21:11:35,smas,1-6 Years,Medium (31lbs to 69lbs),Other
Culinary Harvest Turkey Herring Kibble,2026-10-08,16:17:32,smas,7+ Years,Small (up to 30lbs),Other
Culinary Harvest Turkey Herring Kibble,2026-09-08,23:32:44,meta,7+ Years,Small (up to 30lbs),Purina
Culinary Harvest Turkey Herring Kibble,2026-10-08,15:03:00,smas,1-6 Years,Small (up to 30lbs),Blue Buffalo
Culinary Harvest Turkey Herring Kibble,2026-10-08,19:41:11,meta,1-6 Years,Large (70lbs and over),Other
Culinary Harvest Turkey Herring Kibble,2026-10-06,17:50:43,smas,7+ Years,Medium (31lbs to 69lbs),Taste of the Wild
Culinary Harvest Turkey Herring Kibble,2026-09-07,17:14:50,smas,7+ Years,Small (up to 30lbs),Other
Culinary Harvest Turkey Herring Kibble,2026-10-06,17:56:30,smas,Under One Year,Large (70lbs and over),Other
Culinary Harvest Turkey Herring Kibble,2026-10-06,03:14:52,meta,7+ Years,Small (up to 30lbs),Blue Buffalo
Culinary Harvest Turkey Herring Kibble,2026-10-06,01:27:19,meta,1-6 Years,Large (70lbs and over),Other
Culinary Harvest Turkey Herring Kibble,2026-09-07,17:07:45,smas,1-6 Years,Large (70lbs and over),Purina
Culinary Harvest Turkey Herring Kibble,2026-09-07,17:21:37,smas,1-6 Years,Small (up to 30lbs),Purina
Culinary Harvest Turkey Herring Kibble,2026-09-23,15:48:49,meta,7+ Years,Small (up to 30lbs),Other
Culinary Harvest Turkey Herring Kibble,2026-09-07,17:04:18,smas,7+ Years,Small (up to 30lbs),Other
Culinary Harvest Turkey Herring Kibble,2026-10-05,17:02:48,meta,1-6 Years,Small (up to 30lbs),Nulo
Culinary Harvest Turkey Herring Kibble,2026-09-07,21:38:59,smas,1-6 Years,Small (up to 30lbs),Hill's Science Diet
Culinary Harvest Turkey Herring Kibble,2026-10-07,20:08:23,smas,7+ Years,Large (70lbs and over),Other
Culinary Harvest Turkey Herring Kibble,2026-10-06,20:20:11,meta,7+ Years,Large (70lbs and over),Purina
Culinary Harvest Turkey Herring Kibble,2026-09-15,00:46:14,smas,Under One Year,Medium (31lbs to 69lbs),Purina
Culinary Harvest Turkey Herring Kibble,2026-10-08,04:27:54,meta,1-6 Years,Large (70lbs and over),Hill's Science Diet
Culinary Harvest Turkey Herring Kibble,2026-10-10,13:36:16,meta,1-6 Years,Small (up to 30lbs),Other
Culinary Harvest Turkey Herring Kibble,2026-10-06,21:09:44,smas,7+ Years,Small (up to 30lbs),Other
Culinary Harvest Turkey Herring Kibble,2026-09-23,23:51:17,smas,1-6 Years,Small (up to 30lbs),Other
Culinary Harvest Turkey Herring Kibble,2026-10-05,17:39:45,meta,1-6 Years,Small (up to 30lbs),Blue Buffalo
Culinary Harvest Turkey Herring Kibble,2026-09-18,01:17:51,meta,7+ Years,Large (70lbs and over),Blue Buffalo
Culinary Harvest Turkey Herring Kibble,2026-09-01,14:52:48,meta,1-6 Years,Small (up to 30lbs),Purina
Culinary Harvest Turkey Herring Kibble,2026-10-05,20:22:53,meta,1-6 Years,Small (up to 30lbs),Blue Buffalo
Culinary Harvest Turkey Herring Kibble,2026-10-07,23:28:37,smas,7+ Years,Small (up to 30lbs),Purina
Culinary Harvest Turkey Herring Kibble,2026-10-09,15:29:20,meta,1-6 Years,Medium (31lbs to 69lbs),Other
Culinary Harvest Turkey Herring Kibble,2026-09-14,05:12:52,meta,1-6 Years,Medium (31lbs to 69lbs),Other
Culinary Harvest Turkey Herring Kibble,2026-09-01,16:53:02,meta,1-6 Years,Medium (31lbs to 69lbs),Hill's Science Diet
Culinary Harvest Turkey Herring Kibble,2026-09-07,17:13:00,smas,1-6 Years,Medium (31lbs to 69lbs),Taste of the Wild
Culinary Harvest Turkey Herring Kibble,2026-10-08,23:37:39,smas,1-6 Years,Small (up to 30lbs),Other
Culinary Harvest Turkey Herring Kibble,2026-09-23,17:15:14,audience_1,1-6 Years,Small (up to 30lbs),Other
Culinary Harvest Turkey Herring Kibble,2026-09-30,21:10:21,smas,1-6 Years,Medium (31lbs to 69lbs),Other
Culinary Harvest Turkey Herring Kibble,2026-09-23,21:07:37,smas,Under One Year,Small (up to 30lbs),Purina
Culinary Harvest Turkey Herring Kibble,2026-09-02,23:08:27,meta,1-6 Years,Small (up to 30lbs),Other
Culinary Harvest Turkey Herring Kibble,2026-10-08,21:07:01,smas,1-6 Years,Small (up to 30lbs),Purina
Culinary Harvest Turkey Herring Kibble,2026-09-09,22:59:13,smas,1-6 Years,Medium (31lbs to 69lbs),Purina
Culinary Harvest Turkey Herring Kibble,2026-10-07,20:00:58,smas,7+ Years,Large (70lbs and over),Purina
Culinary Harvest Turkey Herring Kibble,2026-09-17,07:09:58,audience_1,1-6 Years,Medium (31lbs to 69lbs),Other
Culinary Harvest Turkey Herring Kibble,2026-10-08,00:18:42,smas,7+ Years,Medium (31lbs to 69lbs),Wellness Pet Food
Culinary Harvest Turkey Herring Kibble,2026-09-26,03:12:24,meta,1-6 Years,Medium (31lbs to 69lbs),Purina
Culinary Harvest Turkey Herring Kibble,2026-09-03,04:03:29,meta,1-6 Years,Medium (31lbs to 69lbs),Other
Culinary Harvest Turkey Herring Kibble,2026-10-09,10:15:54,smas,1-6 Years,Medium (31lbs to 69lbs),Merrick
Culinary Harvest Turkey Herring Kibble,2026-10-06,01:17:44,meta,1-6 Years,Medium (31lbs to 69lbs),Purina
Culinary Harvest Turkey Herring Kibble,2026-09-28,19:30:07,audience_1,7+ Years,Small (up to 30lbs),Purina
Culinary Harvest Turkey Herring Kibble,2026-10-06,16:39:50,meta,1-6 Years,Small (up to 30lbs),Purina
Culinary Harvest Turkey Herring Kibble,2026-09-17,20:43:07,meta,7+ Years,Small (up to 30lbs),Blue Buffalo
Culinary Harvest Turkey Herring Kibble,2026-10-07,22:28:37,smas,7+ Years,Small (up to 30lbs),Other
Culinary Harvest Turkey Herring Kibble,2026-09-18,08:04:37,meta,1-6 Years,Medium (31lbs to 69lbs),Purina
Culinary Harvest Turkey Herring Kibble,2026-10-08,22:26:07,smas,1-6 Years,Large (70lbs and over),Other
Culinary Harvest Turkey Herring Kibble,2026-10-07,23:16:15,meta,1-6 Years,Small (up to 30lbs),Taste of the Wild
Culinary Harvest Turkey Herring Kibble,2026-10-05,14:28:39,meta,1-6 Years,Small (up to 30lbs),Purina
Culinary Harvest Turkey Herring Kibble,2026-10-05,19:26:07,meta,1-6 Years,Small (up to 30lbs),Orijen
Culinary Harvest Turkey Herring Kibble,2026-09-26,21:06:04,smas,1-6 Years,Medium (31lbs to 69lbs),Purina
Culinary Harvest Turkey Herring Kibble,2026-10-08,23:39:01,smas,1-6 Years,Medium (31lbs to 69lbs),Orijen
Culinary Harvest Turkey Herring Kibble,2026-10-08,05:04:15,smas,1-6 Years,Small (up to 30lbs),Other
Culinary Harvest Turkey Herring Kibble,2026-10-08,21:11:44,smas,1-6 Years,Small (up to 30lbs),Blue Buffalo
Culinary Harvest Turkey Herring Kibble,2026-09-12,23:29:51,meta,1-6 Years,Medium (31lbs to 69lbs),Wellness Pet Food
Culinary Harvest Turkey Herring Kibble,2026-10-07,20:20:48,smas,1-6 Years,Medium (31lbs to 69lbs),Other
Culinary Harvest Turkey Herring Kibble,2026-09-09,06:28:38,smas,1-6 Years,Large (70lbs and over),Blue Buffalo
Culinary Harvest Turkey Herring Kibble,2026-10-06,14:31:17,meta,1-6 Years,Small (up to 30lbs),Purina
Culinary Harvest Turkey Herring Kibble,2026-10-09,02:48:42,smas,1-6 Years,Small (up to 30lbs),Nulo
Culinary Harvest Turkey Herring Kibble,2026-10-07,18:52:27,audience_1,Under One Year,Medium (31lbs to 69lbs),Blue Buffalo
Culinary Harvest Turkey Herring Kibble,2026-09-23,13:49:10,meta,1-6 Years,Medium (31lbs to 69lbs),Other
Culinary Harvest Turkey Herring Kibble,2026-09-08,16:03:26,meta,1-6 Years,Small (up to 30lbs),Other
Culinary Harvest Turkey Herring Kibble,2026-10-06,04:42:50,meta,1-6 Years,Medium (31lbs to 69lbs),Blue Buffalo
Culinary Harvest Turkey Herring Kibble,2026-10-09,17:48:35,smas,1-6 Years,Small (up to 30lbs),Blue Buffalo
Culinary Harvest Turkey Herring Kibble,2026-10-05,17:02:25,meta,7+ Years,Large (70lbs and over),Other
Culinary Harvest Turkey Herring Kibble,2026-09-23,21:57:16,smas,Under One Year,Medium (31lbs to 69lbs),Blue Buffalo
Culinary Harvest Turkey Herring Kibble,2026-10-10,00:21:25,meta,1-6 Years,Small (up to 30lbs),Other
Culinary Harvest Turkey Herring Kibble,2026-09-04,15:00:17,meta,7+ Years,Large (70lbs and over),Other
Culinary Harvest Turkey Herring Kibble,2026-10-08,04:59:16,meta,7+ Years,Medium (31lbs to 69lbs),Blue Buffalo
Culinary Harvest Turkey Herring Kibble,2026-09-05,00:06:19,meta,1-6 Years,Medium (31lbs to 69lbs),Purina
Culinary Harvest Turkey Herring Kibble,2026-09-24,11:59:36,smas,7+ Years,Large (70lbs and over),Other
Culinary Harvest Turkey Herring Kibble,2026-09-26,21:18:12,smas,1-6 Years,Large (70lbs and over),Purina
Culinary Harvest Turkey Herring Kibble,2026-10-08,01:46:38,smas,1-6 Years,Medium (31lbs to 69lbs),Open Farm
Culinary Harvest Turkey Herring Kibble,2026-09-14,17:42:06,meta,1-6 Years,Medium (31lbs to 69lbs),Purina
Culinary Harvest Turkey Herring Kibble,2026-10-09,23:08:11,meta,7+ Years,Small (up to 30lbs),Hill's Science Diet
Culinary Harvest Turkey Herring Kibble,2026-09-26,23:22:33,smas,1-6 Years,Medium (31lbs to 69lbs),Hill's Science Diet
Culinary Harvest Turkey Herring Kibble,2026-09-23,22:03:56,smas,1-6 Years,Medium (31lbs to 69lbs),Other
Culinary Harvest Turkey Herring Kibble,2026-09-07,18:19:10,smas,1-6 Years,Medium (31lbs to 69lbs),Purina
Culinary Harvest Turkey Herring Kibble,2026-09-05,16:50:52,meta,7+ Years,Small (up to 30lbs),Purina
Culinary Harvest Turkey Herring Kibble,2026-09-22,14:00:22,meta,1-6 Years,Medium (31lbs to 69lbs),Purina
Culinary Harvest Turkey Herring Kibble,2026-10-08,21:11:18,smas,7+ Years,Small (up to 30lbs),Wellness Pet Food
Culinary Harvest Turkey Herring Kibble,2026-09-04,01:52:27,meta,1-6 Years,Medium (31lbs to 69lbs),Purina
Culinary Harvest Turkey Herring Kibble,2026-09-22,21:29:26,meta,7+ Years,Large (70lbs and over),Other
Culinary Harvest Turkey Herring Kibble,2026-10-10,15:25:21,meta,1-6 Years,Small (up to 30lbs),Stella & Chewy's
Culinary Harvest Turkey Herring Kibble,2026-09-05,18:29:17,meta,1-6 Years,Medium (31lbs to 69lbs),Other
Culinary Harvest Turkey Herring Kibble,2026-09-21,16:27:14,meta,Under One Year,Large (70lbs and over),Purina
Culinary Harvest Turkey Herring Kibble,2026-10-05,17:32:45,meta,7+ Years,Small (up to 30lbs),Other
Culinary Harvest Turkey Herring Kibble,2026-10-07,19:53:14,smas,7+ Years,Small (up to 30lbs),Purina
Culinary Harvest Turkey Herring Kibble,2026-09-10,01:25:58,smas,Under One Year,Small (up to 30lbs),Purina
Culinary Harvest Turkey Herring Kibble,2026-10-08,03:01:55,meta,1-6 Years,Small (up to 30lbs),Other
Culinary Harvest Turkey Herring Kibble,2026-10-06,14:11:29,meta,1-6 Years,Small (up to 30lbs),Other
Culinary Harvest Turkey Herring Kibble,2026-09-27,08:06:28,smas,1-6 Years,Medium (31lbs to 69lbs),Nutri Source
Culinary Harvest Turkey Herring Kibble,2026-10-06,01:47:03,meta,1-6 Years,Small (up to 30lbs),Other
Culinary Harvest Turkey Herring Kibble,2026-10-07,13:43:18,meta,1-6 Years,Medium (31lbs to 69lbs),Purina
Culinary Harvest Turkey Herring Kibble,2026-10-05,19:51:44,meta,1-6 Years,Small (up to 30lbs),Purina
Culinary Harvest Turkey Herring Kibble,2026-09-17,20:39:37,meta,1-6 Years,Small (up to 30lbs),Purina
Culinary Harvest Turkey Herring Kibble,2026-10-09,20:30:58,smas,7+ Years,Small (up to 30lbs),Other
Culinary Harvest Turkey Herring Kibble,2026-10-05,17:25:31,meta,1-6 Years,Small (up to 30lbs),Hill's Science Diet
Culinary Harvest Turkey Herring Kibble,2026-10-06,15:09:51,meta,1-6 Years,Medium (31lbs to 69lbs),Other
Culinary Harvest Turkey Herring Kibble,2026-10-06,17:32:16,meta,1-6 Years,Medium (31lbs to 69lbs),Other
Culinary Harvest Turkey Herring Kibble,2026-09-05,17:10:48,meta,Under One Year,Medium (31lbs to 69lbs),Purina
Culinary Harvest Turkey Herring Kibble,2026-09-08,00:05:39,smas,7+ Years,Medium (31lbs to 69lbs),Hill's Science Diet
Culinary Harvest Turkey Herring Kibble,2026-09-23,22:42:34,smas,1-6 Years,Medium (31lbs to 69lbs),Other
Culinary Harvest Turkey Herring Kibble,2026-09-28,09:59:15,smas,1-6 Years,Medium (31lbs to 69lbs),Purina
Culinary Harvest Turkey Herring Kibble,2026-09-23,16:23:21,meta,7+ Years,Small (up to 30lbs),Blue Buffalo
Culinary Harvest Turkey Herring Kibble,2026-10-07,21:49:59,smas,1-6 Years,Small (up to 30lbs),Purina
Culinary Harvest Turkey Herring Kibble,2026-09-14,02:33:56,meta,1-6 Years,Medium (31lbs to 69lbs),Other
Culinary Harvest Turkey Herring Kibble,2026-09-04,16:31:46,meta,1-6 Years,Small (up to 30lbs),Purina
Culinary Harvest Turkey Herring Kibble,2026-09-09,23:17:48,meta,7+ Years,Large (70lbs and over),Purina
Culinary Harvest Turkey Herring Kibble,2026-09-15,03:43:46,audience_1,1-6 Years,Small (up to 30lbs),Purina
Culinary Harvest Turkey Herring Kibble,2026-10-07,22:40:51,smas,1-6 Years,Small (up to 30lbs),Blue Buffalo
Culinary Harvest Turkey Herring Kibble,2026-10-07,21:20:09,smas,7+ Years,Small (up to 30lbs),Other
Culinary Harvest Turkey Herring Kibble,2026-10-06,13:54:44,meta,1-6 Years,Small (up to 30lbs),Purina
Culinary Harvest Turkey Herring Kibble,2026-10-09,04:35:42,meta,1-6 Years,Small (up to 30lbs),Taste of the Wild
Culinary Harvest Turkey Herring Kibble,2026-10-06,17:58:53,smas,7+ Years,Medium (31lbs to 69lbs),Other
Culinary Harvest Turkey Herring Kibble,2026-09-05,00:44:20,meta,7+ Years,Small (up to 30lbs),Purina
Culinary Harvest Turkey Herring Kibble,2026-09-13,15:21:56,meta,7+ Years,Small (up to 30lbs),Other
Culinary Harvest Turkey Herring Kibble,2026-10-10,16:34:26,meta,7+ Years,Medium (31lbs to 69lbs),Purina
Culinary Harvest Turkey Herring Kibble,2026-10-08,21:32:26,smas,1-6 Years,Small (up to 30lbs),Purina
Culinary Harvest Turkey Herring Kibble,2026-09-02,10:17:36,meta,1-6 Years,Small (up to 30lbs),Open Farm
Culinary Harvest Turkey Herring Kibble,2026-10-08,20:00:03,smas,1-6 Years,Small (up to 30lbs),Hill's Science Diet
Culinary Harvest Turkey Herring Kibble,2026-09-22,17:11:39,meta,Under One Year,Medium (31lbs to 69lbs),Purina
Culinary Harvest Turkey Herring Kibble,2026-10-06,18:25:04,smas,1-6 Years,Large (70lbs and over),Other
Culinary Harvest Turkey Herring Kibble,2026-10-07,02:10:24,meta,7+ Years,Small (up to 30lbs),Purina
Culinary Harvest Turkey Herring Kibble,2026-10-07,15:20:10,meta,1-6 Years,Medium (31lbs to 69lbs),Purina
Culinary Harvest Turkey Herring Kibble,2026-09-03,11:16:28,meta,1-6 Years,Small (up to 30lbs),Other
Culinary Harvest Turkey Herring Kibble,2026-09-13,15:06:39,meta,7+ Years,Small (up to 30lbs),Other
Culinary Harvest Turkey Herring Kibble,2026-10-06,18:02:14,smas,7+ Years,Small (up to 30lbs),Blue Buffalo
Culinary Harvest Turkey Herring Kibble,2026-09-25,21:54:22,meta,7+ Years,Large (70lbs and over),Other
Culinary Harvest Turkey Herring Kibble,2026-10-07,06:00:05,meta,1-6 Years,Large (70lbs and over),Hill's Science Diet
Culinary Harvest Turkey Herring Kibble,2026-10-10,17:23:02,meta,1-6 Years,Small (up to 30lbs),Other
Culinary Harvest Turkey Herring Kibble,2026-09-08,15:32:08,smas,1-6 Years,Medium (31lbs to 69lbs),Purina
Culinary Harvest Turkey Herring Kibble,2026-09-26,00:35:23,smas,7+ Years,Small (up to 30lbs),Hill's Science Diet
Culinary Harvest Turkey Herring Kibble,2026-09-23,21:12:03,smas,1-6 Years,Large (70lbs and over),Other
Culinary Harvest Turkey Herring Kibble,2026-10-08,20:51:41,smas,7+ Years,Small (up to 30lbs),Other
Culinary Harvest Turkey Herring Kibble,2026-10-07,19:57:00,smas,7+ Years,Small (up to 30lbs),Other
Culinary Harvest Turkey Herring Kibble,2026-09-08,12:05:34,meta,1-6 Years,Medium (31lbs to 69lbs),Purina
Culinary Harvest Turkey Herring Kibble,2026-09-05,07:58:26,meta,7+ Years,Medium (31lbs to 69lbs),Purina
Culinary Harvest Turkey Herring Kibble,2026-10-06,21:03:19,meta,Under One Year,Medium (31lbs to 69lbs),Other
Culinary Harvest Turkey Herring Kibble,2026-09-11,18:11:10,meta,7+ Years,Medium (31lbs to 69lbs),Merrick
Culinary Harvest Turkey Herring Kibble,2026-10-09,09:10:42,meta,1-6 Years,Small (up to 30lbs),Other
Culinary Harvest Turkey Herring Kibble,2026-09-03,16:53:10,meta,7+ Years,Large (70lbs and over),Purina
Culinary Harvest Turkey Herring Kibble,2026-09-17,21:33:39,meta,1-6 Years,Medium (31lbs to 69lbs),Other
Culinary Harvest Turkey Herring Kibble,2026-10-07,07:02:49,meta,1-6 Years,Small (up to 30lbs),Hill's Science Diet
Culinary Harvest Turkey Herring Kibble,2026-10-06,01:35:54,meta,1-6 Years,Small (up to 30lbs),Purina
Culinary Harvest Turkey Herring Kibble,2026-09-15,03:07:58,meta,7+ Years,Small (up to 30lbs),Blue Buffalo
Culinary Harvest Turkey Herring Kibble,2026-09-14,14:35:24,meta,1-6 Years,Large (70lbs and over),Other
Culinary Harvest Turkey Herring Kibble,2026-10-06,15:41:13,meta,1-6 Years,Small (up to 30lbs),Other
Culinary Harvest Turkey Herring Kibble,2026-09-12,14:50:04,meta,7+ Years,Large (70lbs and over),Other
Culinary Harvest Turkey Herring Kibble,2026-10-09,15:55:15,smas,1-6 Years,Medium (31lbs to 69lbs),Purina
Culinary Harvest Turkey Herring Kibble,2026-09-24,16:32:21,smas,1-6 Years,Medium (31lbs to 69lbs),Purina
Culinary Harvest Turkey Herring Kibble,2026-09-23,23:29:29,smas,1-6 Years,Medium (31lbs to 69lbs),Purina
Culinary Harvest Turkey Herring Kibble,2026-09-22,01:58:34,meta,1-6 Years,Medium (31lbs to 69lbs),Other
Culinary Harvest Turkey Herring Kibble,2026-10-06,18:35:40,smas,1-6 Years,Small (up to 30lbs),Hill's Science Diet
Culinary Harvest Turkey Herring Kibble,2026-10-07,16:42:31,meta,7+ Years,Medium (31lbs to 69lbs),Orijen
Culinary Harvest Turkey Herring Kibble,2026-09-16,15:19:42,meta,Under One Year,Small (up to 30lbs),Other
Culinary Harvest Turkey Herring Kibble,2026-10-07,05:35:28,meta,7+ Years,Small (up to 30lbs),Other
Culinary Harvest Turkey Herring Kibble,2026-10-08,20:58:14,smas,7+ Years,Large (70lbs and over),Other
Culinary Harvest Turkey Herring Kibble,2026-09-07,22:30:06,smas,1-6 Years,Medium (31lbs to 69lbs),Other
Culinary Harvest Turkey Herring Kibble,2026-09-05,09:42:26,meta,1-6 Years,Large (70lbs and over),Other
Culinary Harvest Turkey Herring Kibble,2026-10-06,20:31:59,meta,7+ Years,Medium (31lbs to 69lbs),Other
Culinary Harvest Turkey Herring Kibble,2026-10-07,12:02:17,meta,1-6 Years,Medium (31lbs to 69lbs),Taste of the Wild
Culinary Harvest Turkey Herring Kibble,2026-09-14,18:02:54,audience_1,1-6 Years,Medium (31lbs to 69lbs),Purina
Culinary Harvest Turkey Herring Kibble,2026-09-13,02:01:41,meta,7+ Years,Medium (31lbs to 69lbs),Open Farm
Culinary Harvest Turkey Herring Kibble,2026-09-13,10:39:42,meta,1-6 Years,Medium (31lbs to 69lbs),Purina
Culinary Harvest Turkey Herring Kibble,2026-10-08,02:04:31,meta,1-6 Years,Large (70lbs and over),Taste of the Wild
Culinary Harvest Turkey Herring Kibble,2026-10-06,00:39:38,meta,1-6 Years,Small (up to 30lbs),Blue Buffalo
Culinary Harvest Turkey Herring Kibble,2026-10-08,21:17:13,smas,1-6 Years,Large (70lbs and over),Other
Culinary Harvest Turkey Herring Kibble,2026-09-25,20:36:45,meta,7+ Years,Medium (31lbs to 69lbs),Purina
Culinary Harvest Turkey Herring Kibble,2026-10-05,21:52:12,meta,1-6 Years,Large (70lbs and over),Nulo
Culinary Harvest Turkey Herring Kibble,2026-10-06,22:44:17,meta,1-6 Years,Small (up to 30lbs),Open Farm
Culinary Harvest Turkey Herring Kibble,2026-09-01,15:25:28,meta,1-6 Years,Large (70lbs and over),Other
Culinary Harvest Turkey Herring Kibble,2026-10-09,19:13:50,smas,1-6 Years,Medium (31lbs to 69lbs),Other
Culinary Harvest Turkey Herring Kibble,2026-09-23,21:35:31,smas,7+ Years,Small (up to 30lbs),Purina
Culinary Harvest Turkey Herring Kibble,2026-09-12,17:27:02,meta,7+ Years,Small (up to 30lbs),Purina
Culinary Harvest Turkey Herring Kibble,2026-09-24,05:38:02,smas,1-6 Years,Small (up to 30lbs),Other
Culinary Harvest Turkey Herring Kibble,2026-09-23,21:16:37,smas,1-6 Years,Small (up to 30lbs),Other
Culinary Harvest Turkey Herring Kibble,2026-10-07,20:36:40,smas,1-6 Years,Small (up to 30lbs),Merrick
Culinary Harvest Turkey Herring Kibble,2026-10-06,17:50:11,smas,1-6 Years,Large (70lbs and over),Other
Culinary Harvest Turkey Herring Kibble,2026-10-07,19:49:33,smas,1-6 Years,Small (up to 30lbs),Blue Buffalo
Culinary Harvest Turkey Herring Kibble,2026-10-09,09:54:17,smas,7+ Years,Medium (31lbs to 69lbs),Other
Culinary Harvest Turkey Herring Kibble,2026-10-08,20:48:00,smas,7+ Years,Medium (31lbs to 69lbs),Blue Buffalo
Culinary Harvest Turkey Herring Kibble,2026-09-26,21:19:50,smas,1-6 Years,Medium (31lbs to 69lbs),Purina
Culinary Harvest Turkey Herring Kibble,2026-10-05,17:45:15,meta,7+ Years,Small (up to 30lbs),Stella & Chewy's
Culinary Harvest Turkey Herring Kibble,2026-10-08,21:09:35,smas,1-6 Years,Small (up to 30lbs),Other
Culinary Harvest Turkey Herring Kibble,2026-09-17,14:02:24,meta,7+ Years,Medium (31lbs to 69lbs),Blue Buffalo
Culinary Harvest Turkey Herring Kibble,2026-09-23,21:40:45,smas,Under One Year,Large (70lbs and over),Blue Buffalo
Culinary Harvest Turkey Herring Kibble,2026-10-09,20:57:50,smas,1-6 Years,Small (up to 30lbs),Other
Culinary Harvest Turkey Herring Kibble,2026-10-06,04:19:56,meta,1-6 Years,Small (up to 30lbs),Other
Culinary Harvest Turkey Herring Kibble,2026-09-07,17:03:38,smas,1-6 Years,Large (70lbs and over),Other
Culinary Harvest Turkey Herring Kibble,2026-09-23,22:48:31,meta,7+ Years,Large (70lbs and over),Other
Culinary Harvest Turkey Herring Kibble,2026-09-13,21:05:14,meta,1-6 Years,Medium (31lbs to 69lbs),Purina
Culinary Harvest Turkey Herring Kibble,2026-09-23,22:49:44,smas,7+ Years,Medium (31lbs to 69lbs),Other
Culinary Harvest Turkey Herring Kibble,2026-09-23,23:15:05,smas,1-6 Years,Medium (31lbs to 69lbs),Hill's Science Diet
Culinary Harvest Turkey Herring Kibble,2026-10-07,19:48:57,smas,7+ Years,Small (up to 30lbs),Other
Culinary Harvest Turkey Herring Kibble,2026-09-23,21:40:43,smas,1-6 Years,Small (up to 30lbs),Taste of the Wild
Culinary Harvest Turkey Herring Kibble,2026-09-21,16:59:43,meta,7+ Years,Medium (31lbs to 69lbs),Purina
Culinary Harvest Turkey Herring Kibble,2026-09-05,14:59:19,meta,1-6 Years,Small (up to 30lbs),Other
Culinary Harvest Turkey Herring Kibble,2026-10-08,20:52:56,smas,1-6 Years,Large (70lbs and over),Merrick
Culinary Harvest Turkey Herring Kibble,2026-09-09,20:36:19,smas,7+ Years,Large (70lbs and over),Blue Buffalo
Culinary Harvest Turkey Herring Kibble,2026-09-22,19:39:00,meta,1-6 Years,Large (70lbs and over),Blue Buffalo
Culinary Harvest Turkey Herring Kibble,2026-09-16,23:57:04,audience_1,7+ Years,Large (70lbs and over),Hill's Science Diet
Culinary Harvest Turkey Herring Kibble,2026-10-09,17:58:58,smas,1-6 Years,Small (up to 30lbs),Other
Culinary Harvest Turkey Herring Kibble,2026-10-09,21:47:08,audience_1,1-6 Years,Small (up to 30lbs),Other
Culinary Harvest Turkey Herring Kibble,2026-09-25,23:34:48,meta,1-6 Years,Large (70lbs and over),Taste of the Wild
Culinary Harvest Turkey Herring Kibble,2026-10-08,08:09:26,smas,7+ Years,Small (up to 30lbs),Blue Buffalo
Culinary Harvest Turkey Herring Kibble,2026-10-06,17:54:45,smas,7+ Years,Small (up to 30lbs),Other
Culinary Harvest Turkey Herring Kibble,2026-10-07,20:37:54,meta,1-6 Years,Large (70lbs and over),Hill's Science Diet
Culinary Harvest Turkey Herring Kibble,2026-10-06,18:09:20,smas,7+ Years,Small (up to 30lbs),Hill's Science Diet
Culinary Harvest Turkey Herring Kibble,2026-09-21,16:04:48,meta,1-6 Years,Medium (31lbs to 69lbs),Open Farm
Culinary Harvest Turkey Herring Kibble,2026-09-03,19:19:32,meta,1-6 Years,Small (up to 30lbs),Other
Culinary Harvest Turkey Herring Kibble,2026-09-23,21:40:36,smas,1-6 Years,Medium (31lbs to 69lbs),Other
Culinary Harvest Turkey Herring Kibble,2026-09-11,19:22:41,meta,1-6 Years,Small (up to 30lbs),Purina
Culinary Harvest Turkey Herring Kibble,2026-09-15,11:29:43,meta,7+ Years,Medium (31lbs to 69lbs),Purina
Culinary Harvest Turkey Herring Kibble,2026-09-25,14:32:50,meta,7+ Years,Medium (31lbs to 69lbs),Purina
Culinary Harvest Turkey Herring Kibble,2026-09-15,13:07:08,audience_1,1-6 Years,Medium (31lbs to 69lbs),Purina
Culinary Harvest Turkey Herring Kibble,2026-10-10,13:29:20,audience_1,7+ Years,Small (up to 30lbs),Other
Culinary Harvest Turkey Herring Kibble,2026-09-12,02:11:22,meta,1-6 Years,Small (up to 30lbs),Blue Buffalo
Culinary Harvest Turkey Herring Kibble,2026-09-23,21:32:03,smas,1-6 Years,Small (up to 30lbs),Hill's Science Diet
Culinary Harvest Turkey Herring Kibble,2026-09-21,16:01:23,meta,1-6 Years,Small (up to 30lbs),Fromm
Culinary Harvest Turkey Herring Kibble,2026-09-14,05:21:10,meta,1-6 Years,Medium (31lbs to 69lbs),Hill's Science Diet
Culinary Harvest Turkey Herring Kibble,2026-09-09,16:37:04,meta,7+ Years,Medium (31lbs to 69lbs),Other
Culinary Harvest Turkey Herring Kibble,2026-09-06,13:11:48,meta,7+ Years,Small (up to 30lbs),Other
Culinary Harvest Turkey Herring Kibble,2026-09-03,12:37:56,meta,1-6 Years,Medium (31lbs to 69lbs),Other
Culinary Harvest Turkey Herring Kibble,2026-10-09,05:45:39,meta,1-6 Years,Small (up to 30lbs),Other
Culinary Harvest Turkey Herring Kibble,2026-09-24,01:52:47,smas,7+ Years,Medium (31lbs to 69lbs),Purina
Culinary Harvest Turkey Herring Kibble,2026-09-15,03:19:55,meta,Under One Year,Small (up to 30lbs),Purina
Culinary Harvest Turkey Herring Kibble,2026-10-06,17:56:17,smas,1-6 Years,Medium (31lbs to 69lbs),Purina
Culinary Harvest Turkey Herring Kibble,2026-09-11,00:24:41,meta,1-6 Years,Large (70lbs and over),Hill's Science Diet
Culinary Harvest Turkey Herring Kibble,2026-09-05,21:22:21,meta,1-6 Years,Large (70lbs and over),Purina
Culinary Harvest Turkey Herring Kibble,2026-09-22,11:05:01,meta,7+ Years,Small (up to 30lbs),Other
Culinary Harvest Turkey Herring Kibble,2026-10-09,06:14:55,smas,1-6 Years,Small (up to 30lbs),Other
Culinary Harvest Turkey Herring Kibble,2026-09-17,12:01:41,meta,7+ Years,Small (up to 30lbs),Other
Culinary Harvest Turkey Herring Kibble,2026-10-06,07:48:09,meta,Under One Year,Small (up to 30lbs),Nutri Source
Culinary Harvest Turkey Herring Kibble,2026-10-07,08:12:27,meta,7+ Years,Medium (31lbs to 69lbs),Other
Culinary Harvest Turkey Herring Kibble,2026-10-07,21:05:50,smas,1-6 Years,Small (up to 30lbs),Wellness Pet Food
Culinary Harvest Turkey Herring Kibble,2026-10-08,01:43:09,meta,7+ Years,Large (70lbs and over),Other
Culinary Harvest Turkey Herring Kibble,2026-10-05,17:09:21,meta,1-6 Years,Small (up to 30lbs),Purina
Culinary Harvest Turkey Herring Kibble,2026-09-03,20:30:04,meta,1-6 Years,Small (up to 30lbs),Blue Buffalo
Culinary Harvest Turkey Herring Kibble,2026-09-05,12:37:52,meta,7+ Years,Small (up to 30lbs),Nutri Source
Culinary Harvest Turkey Herring Kibble,2026-10-09,06:05:46,smas,7+ Years,Small (up to 30lbs),Other
Culinary Harvest Turkey Herring Kibble,2026-09-07,18:26:48,smas,7+ Years,Large (70lbs and over),Other
Culinary Harvest Turkey Herring Kibble,2026-10-06,18:19:05,smas,1-6 Years,Small (up to 30lbs),Other
Culinary Harvest Turkey Herring Kibble,2026-09-02,14:42:17,meta,7+ Years,Medium (31lbs to 69lbs),Other
Culinary Harvest Turkey Herring Kibble,2026-09-22,19:03:33,meta,1-6 Years,Medium (31lbs to 69lbs),Other
Culinary Harvest Turkey Herring Kibble,2026-10-05,20:08:00,meta,1-6 Years,Small (up to 30lbs),Purina
Culinary Harvest Turkey Herring Kibble,2026-09-02,14:44:25,meta,1-6 Years,Medium (31lbs to 69lbs),Nutri Source
Culinary Harvest Turkey Herring Kibble,2026-09-16,14:02:54,meta,1-6 Years,Medium (31lbs to 69lbs),Blue Buffalo
Culinary Harvest Turkey Herring Kibble,2026-09-01,22:11:30,meta,1-6 Years,Medium (31lbs to 69lbs),Purina
Culinary Harvest Turkey Herring Kibble,2026-09-15,17:30:36,audience_1,1-6 Years,Large (70lbs and over),Other
Culinary Harvest Turkey Herring Kibble,2026-10-09,02:18:00,smas,1-6 Years,Medium (31lbs to 69lbs),Hill's Science Diet
Culinary Harvest Turkey Herring Kibble,2026-10-08,21:33:28,smas,7+ Years,Medium (31lbs to 69lbs),Other
Culinary Harvest Turkey Herring Kibble,2026-10-06,17:57:31,smas,1-6 Years,Small (up to 30lbs),Blue Buffalo
Culinary Harvest Turkey Herring Kibble,2026-09-04,20:50:30,meta,7+ Years,Small (up to 30lbs),Purina
Culinary Harvest Turkey Herring Kibble,2026-09-05,16:21:17,meta,7+ Years,Large (70lbs and over),Purina
Culinary Harvest Turkey Herring Kibble,2026-10-07,05:12:22,meta,7+ Years,Small (up to 30lbs),Open Farm
Culinary Harvest Turkey Herring Kibble,2026-09-05,02:46:04,meta,7+ Years,Small (up to 30lbs),Other
Culinary Harvest Turkey Herring Kibble,2026-09-05,22:48:28,meta,1-6 Years,Small (up to 30lbs),Other
Culinary Harvest Turkey Herring Kibble,2026-09-18,15:35:27,meta,1-6 Years,Small (up to 30lbs),Purina
Culinary Harvest Turkey Herring Kibble,2026-09-08,02:38:11,smas,1-6 Years,Small (up to 30lbs),Stella & Chewy's
Culinary Harvest Turkey Herring Kibble,2026-09-23,23:05:09,smas,7+ Years,Large (70lbs and over),Other
Culinary Harvest Turkey Herring Kibble,2026-10-07,05:28:37,meta,Under One Year,Small (up to 30lbs),Purina
Culinary Harvest Turkey Herring Kibble,2026-09-16,02:04:58,meta,7+ Years,Small (up to 30lbs),Purina
Culinary Harvest Turkey Herring Kibble,2026-10-09,12:40:51,smas,1-6 Years,Small (up to 30lbs),Other
Culinary Harvest Turkey Herring Kibble,2026-10-06,12:27:19,meta,7+ Years,Medium (31lbs to 69lbs),Purina
Culinary Harvest Turkey Herring Kibble,2026-10-08,01:18:35,meta,7+ Years,Large (70lbs and over),Hill's Science Diet
Culinary Harvest Turkey Herring Kibble,2026-10-09,17:48:06,meta,7+ Years,Small (up to 30lbs),Hill's Science Diet
Culinary Harvest Turkey Herring Kibble,2026-09-07,11:31:46,meta,7+ Years,Small (up to 30lbs),Purina
Culinary Harvest Turkey Herring Kibble,2026-10-08,14:36:25,smas,1-6 Years,Large (70lbs and over),Other
Culinary Harvest Turkey Herring Kibble,2026-10-07,05:22:12,smas,7+ Years,Small (up to 30lbs),Other
Culinary Harvest Turkey Herring Kibble,2026-09-14,01:59:30,meta,1-6 Years,Small (up to 30lbs),Purina
Culinary Harvest Turkey Herring Kibble,2026-09-24,02:11:20,smas,7+ Years,Medium (31lbs to 69lbs),Purina
Culinary Harvest Turkey Herring Kibble,2026-09-25,14:58:50,meta,1-6 Years,Medium (31lbs to 69lbs),Purina
Culinary Harvest Turkey Herring Kibble,2026-09-05,01:19:13,meta,7+ Years,Medium (31lbs to 69lbs),Blue Buffalo
Culinary Harvest Turkey Herring Kibble,2026-09-02,16:15:08,meta,1-6 Years,Medium (31lbs to 69lbs),Other
Culinary Harvest Turkey Herring Kibble,2026-10-06,17:46:53,smas,1-6 Years,Small (up to 30lbs),Taste of the Wild
Culinary Harvest Turkey Herring Kibble,2026-09-25,15:58:47,meta,1-6 Years,Small (up to 30lbs),Other
Culinary Harvest Turkey Herring Kibble,2026-10-08,22:53:33,smas,1-6 Years,Medium (31lbs to 69lbs),Blue Buffalo
Culinary Harvest Turkey Herring Kibble,2026-10-05,18:37:32,meta,1-6 Years,Large (70lbs and over),Blue Buffalo
Culinary Harvest Turkey Herring Kibble,2026-09-08,17:13:12,meta,7+ Years,Small (up to 30lbs),Other
Culinary Harvest Turkey Herring Kibble,2026-09-25,15:04:16,smas,1-6 Years,Medium (31lbs to 69lbs),Blue Buffalo
Culinary Harvest Turkey Herring Kibble,2026-10-06,20:52:15,meta,1-6 Years,Medium (31lbs to 69lbs),Blue Buffalo
Culinary Harvest Turkey Herring Kibble,2026-10-08,21:16:06,smas,1-6 Years,Medium (31lbs to 69lbs),Blue Buffalo
Culinary Harvest Turkey Herring Kibble,2026-09-23,21:23:38,smas,7+ Years,Large (70lbs and over),Purina
Culinary Harvest Turkey Herring Kibble,2026-09-21,16:34:06,meta,1-6 Years,Small (up to 30lbs),Other
Culinary Harvest Turkey Herring Kibble,2026-10-07,21:36:44,meta,1-6 Years,Small (up to 30lbs),Other
Culinary Harvest Turkey Herring Kibble,2026-10-05,17:04:47,meta,1-6 Years,Small (up to 30lbs),Other
Culinary Harvest Turkey Herring Kibble,2026-09-14,19:33:57,meta,7+ Years,Small (up to 30lbs),Other
Culinary Harvest Turkey Herring Kibble,2026-10-05,23:39:14,meta,7+ Years,Small (up to 30lbs),Purina
Culinary Harvest Turkey Herring Kibble,2026-09-15,02:08:19,meta,7+ Years,Medium (31lbs to 69lbs),Purina
Culinary Harvest Turkey Herring Kibble,2026-09-23,23:13:19,smas,1-6 Years,Large (70lbs and over),Nutri Source
Culinary Harvest Turkey Herring Kibble,2026-09-23,21:35:34,smas,1-6 Years,Large (70lbs and over),Other
Culinary Harvest Turkey Herring Kibble,2026-10-07,06:21:55,meta,1-6 Years,Small (up to 30lbs),Purina
Culinary Harvest Turkey Herring Kibble,2026-09-16,16:18:09,meta,1-6 Years,Medium (31lbs to 69lbs),Other
Culinary Harvest Turkey Herring Kibble,2026-09-23,21:18:17,smas,1-6 Years,Medium (31lbs to 69lbs),Nutri Source
Culinary Harvest Turkey Herring Kibble,2026-09-13,20:37:04,meta,7+ Years,Medium (31lbs to 69lbs),Other
Culinary Harvest Turkey Herring Kibble,2026-09-23,21:03:49,smas,1-6 Years,Large (70lbs and over),Purina
Culinary Harvest Turkey Herring Kibble,2026-09-09,17:19:51,meta,1-6 Years,Large (70lbs and over),Other
Culinary Harvest Turkey Herring Kibble,2026-10-08,20:53:34,smas,1-6 Years,Small (up to 30lbs),Blue Buffalo
Culinary Harvest Turkey Herring Kibble,2026-09-18,19:54:54,meta,7+ Years,Large (70lbs and over),Purina
Culinary Harvest Turkey Herring Kibble,2026-09-07,01:38:41,meta,1-6 Years,Large (70lbs and over),Fromm
Culinary Harvest Turkey Herring Kibble,2026-09-07,17:05:58,smas,1-6 Years,Medium (31lbs to 69lbs),Purina
Culinary Harvest Turkey Herring Kibble,2026-09-05,21:02:15,meta,7+ Years,Small (up to 30lbs),Hill's Science Diet
Culinary Harvest Turkey Herring Kibble,2026-10-07,17:29:55,meta,1-6 Years,Large (70lbs and over),Other
Culinary Harvest Turkey Herring Kibble,2026-10-06,20:05:05,smas,7+ Years,Medium (31lbs to 69lbs),Hill's Science Diet
Culinary Harvest Turkey Herring Kibble,2026-10-07,20:51:42,smas,1-6 Years,Small (up to 30lbs),Blue Buffalo
Culinary Harvest Turkey Herring Kibble,2026-09-01,21:51:02,meta,7+ Years,Large (70lbs and over),Purina
Culinary Harvest Turkey Herring Kibble,2026-10-06,17:53:08,smas,1-6 Years,Small (up to 30lbs),Merrick
Culinary Harvest Turkey Herring Kibble,2026-10-10,02:45:18,meta,1-6 Years,Large (70lbs and over),Taste of the Wild
Culinary Harvest Turkey Herring Kibble,2026-09-03,12:38:40,meta,1-6 Years,Small (up to 30lbs),Purina
Culinary Harvest Turkey Herring Kibble,2026-09-23,22:12:47,smas,1-6 Years,Small (up to 30lbs),Purina
Culinary Harvest Turkey Herring Kibble,2026-10-08,21:25:58,smas,1-6 Years,Medium (31lbs to 69lbs),Other
Culinary Harvest Turkey Herring Kibble,2026-09-07,17:32:47,smas,7+ Years,Medium (31lbs to 69lbs),Other
Culinary Harvest Turkey Herring Kibble,2026-09-04,23:51:57,meta,1-6 Years,Medium (31lbs to 69lbs),Blue Buffalo
Culinary Harvest Turkey Herring Kibble,2026-09-02,13:19:16,meta,7+ Years,Medium (31lbs to 69lbs),Blue Buffalo
Culinary Harvest Turkey Herring Kibble,2026-09-07,12:54:10,meta,1-6 Years,Small (up to 30lbs),Other
Culinary Harvest Turkey Herring Kibble,2026-10-10,16:43:42,meta,7+ Years,Small (up to 30lbs),Other
Culinary Harvest Turkey Herring Kibble,2026-10-09,03:44:40,smas,7+ Years,Small (up to 30lbs),Blue Buffalo
Culinary Harvest Turkey Herring Kibble,2026-10-07,19:50:04,audience_1,1-6 Years,Large (70lbs and over),Blue Buffalo
Culinary Harvest Turkey Herring Kibble,2026-10-05,15:20:21,meta,1-6 Years,Large (70lbs and over),Purina
Culinary Harvest Turkey Herring Kibble,2026-09-11,18:47:48,meta,1-6 Years,Medium (31lbs to 69lbs),Nutri Source
Culinary Harvest Turkey Herring Kibble,2026-10-07,22:26:37,smas,1-6 Years,Small (up to 30lbs),Other
Culinary Harvest Turkey Herring Kibble,2026-10-09,01:01:00,smas,1-6 Years,Medium (31lbs to 69lbs),Other
Culinary Harvest Turkey Herring Kibble,2026-10-07,18:41:39,meta,1-6 Years,Small (up to 30lbs),Blue Buffalo
Culinary Harvest Turkey Herring Kibble,2026-09-24,13:39:45,smas,1-6 Years,Large (70lbs and over),Purina
Culinary Harvest Turkey Herring Kibble,2026-10-06,01:07:32,meta,1-6 Years,Medium (31lbs to 69lbs),Purina
Culinary Harvest Turkey Herring Kibble,2026-10-08,21:48:01,smas,7+ Years,Large (70lbs and over),Hill's Science Diet
Culinary Harvest Turkey Herring Kibble,2026-09-21,16:07:45,meta,7+ Years,Medium (31lbs to 69lbs),Blue Buffalo
Culinary Harvest Turkey Herring Kibble,2026-09-23,21:18:04,smas,1-6 Years,Medium (31lbs to 69lbs),Purina
Culinary Harvest Turkey Herring Kibble,2026-10-08,17:45:18,meta,1-6 Years,Medium (31lbs to 69lbs),Blue Buffalo
Culinary Harvest Turkey Herring Kibble,2026-09-26,09:41:29,meta,1-6 Years,Large (70lbs and over),Purina
Culinary Harvest Turkey Herring Kibble,2026-10-06,21:36:34,smas,Under One Year,Small (up to 30lbs),Hill's Science Diet
Culinary Harvest Turkey Herring Kibble,2026-09-27,20:14:00,smas,1-6 Years,Small (up to 30lbs),Purina
Culinary Harvest Turkey Herring Kibble,2026-09-08,22:37:06,smas,1-6 Years,Large (70lbs and over),Other
Culinary Harvest Turkey Herring Kibble,2026-09-21,16:03:38,meta,1-6 Years,Medium (31lbs to 69lbs),Purina
Culinary Harvest Turkey Herring Kibble,2026-09-24,05:33:41,smas,1-6 Years,Medium (31lbs to 69lbs),Purina
Culinary Harvest Turkey Herring Kibble,2026-10-05,23:15:28,meta,1-6 Years,Small (up to 30lbs),Stella & Chewy's
Culinary Harvest Turkey Herring Kibble,2026-09-13,14:08:19,meta,1-6 Years,Small (up to 30lbs),Nutri Source
Culinary Harvest Turkey Herring Kibble,2026-09-22,06:47:03,meta,1-6 Years,Large (70lbs and over),Blue Buffalo
Culinary Harvest Turkey Herring Kibble,2026-09-10,00:26:00,smas,1-6 Years,Small (up to 30lbs),Open Farm
Culinary Harvest Turkey Herring Kibble,2026-09-23,21:15:08,smas,1-6 Years,Medium (31lbs to 69lbs),Purina
Culinary Harvest Turkey Herring Kibble,2026-09-09,23:02:49,meta,1-6 Years,Large (70lbs and over),Taste of the Wild
Culinary Harvest Turkey Herring Kibble,2026-10-06,18:34:57,smas,1-6 Years,Small (up to 30lbs),Blue Buffalo
Culinary Harvest Turkey Herring Kibble,2026-09-23,21:27:43,smas,7+ Years,Medium (31lbs to 69lbs),Blue Buffalo
Culinary Harvest Turkey Herring Kibble,2026-09-10,02:19:48,audience_1,1-6 Years,Medium (31lbs to 69lbs),Hill's Science Diet
Culinary Harvest Turkey Herring Kibble,2026-09-13,17:17:27,meta,1-6 Years,Large (70lbs and over),Other
Culinary Harvest Turkey Herring Kibble,2026-09-15,02:30:41,meta,1-6 Years,Large (70lbs and over),Other
Culinary Harvest Turkey Herring Kibble,2026-10-05,18:45:58,meta,7+ Years,Large (70lbs and over),Other
Culinary Harvest Turkey Herring Kibble,2026-09-26,21:08:08,smas,1-6 Years,Medium (31lbs to 69lbs),Blue Buffalo
Culinary Harvest Turkey Herring Kibble,2026-10-08,07:19:45,meta,1-6 Years,Small (up to 30lbs),Other
Culinary Harvest Turkey Herring Kibble,2026-10-07,03:00:04,meta,7+ Years,Large (70lbs and over),Blue Buffalo
Culinary Harvest Turkey Herring Kibble,2026-09-14,01:42:45,meta,Under One Year,Small (up to 30lbs),Purina
Culinary Harvest Turkey Herring Kibble,2026-09-24,22:23:05,smas,1-6 Years,Large (70lbs and over),Other
Culinary Harvest Turkey Herring Kibble,2026-09-23,21:41:39,smas,7+ Years,Medium (31lbs to 69lbs),Purina
Culinary Harvest Turkey Herring Kibble,2026-10-08,16:14:31,smas,7+ Years,Medium (31lbs to 69lbs),Hill's Science Diet
Culinary Harvest Turkey Herring Kibble,2026-10-07,19:50:07,smas,7+ Years,Small (up to 30lbs),Taste of the Wild
Culinary Harvest Turkey Herring Kibble,2026-10-07,19:50:41,smas,1-6 Years,Medium (31lbs to 69lbs),Taste of the Wild
Culinary Harvest Turkey Herring Kibble,2026-10-09,18:15:49,smas,1-6 Years,Medium (31lbs to 69lbs),Other
Culinary Harvest Turkey Herring Kibble,2026-09-23,21:09:04,smas,1-6 Years,Medium (31lbs to 69lbs),Taste of the Wild
Culinary Harvest Turkey Herring Kibble,2026-09-08,17:49:24,meta,1-6 Years,Small (up to 30lbs),Other
Culinary Harvest Turkey Herring Kibble,2026-09-02,06:47:57,meta,1-6 Years,Large (70lbs and over),Nulo
Culinary Harvest Turkey Herring Kibble,2026-09-15,17:13:24,audience_1,7+ Years,Large (70lbs and over),Purina
Culinary Harvest Turkey Herring Kibble,2026-09-07,17:33:41,smas,1-6 Years,Large (70lbs and over),Purina
Culinary Harvest Turkey Herring Kibble,2026-10-05,17:09:53,meta,7+ Years,Small (up to 30lbs),Hill's Science Diet
Culinary Harvest Turkey Herring Kibble,2026-09-24,13:10:23,smas,7+ Years,Large (70lbs and over),Other
Culinary Harvest Turkey Herring Kibble,2026-09-17,22:23:44,meta,7+ Years,Small (up to 30lbs),Fromm
Culinary Harvest Turkey Herring Kibble,2026-09-07,17:53:47,smas,1-6 Years,Large (70lbs and over),Purina
Culinary Harvest Turkey Herring Kibble,2026-09-14,22:25:52,meta,7+ Years,Large (70lbs and over),Other
Culinary Harvest Turkey Herring Kibble,2026-09-10,01:13:46,meta,Under One Year,Medium (31lbs to 69lbs),Purina
Culinary Harvest Turkey Herring Kibble,2026-09-15,12:25:22,audience_1,1-6 Years,Large (70lbs and over),Purina
Culinary Harvest Turkey Herring Kibble,2026-10-10,15:25:09,meta,1-6 Years,Medium (31lbs to 69lbs),Hill's Science Diet
Culinary Harvest Turkey Herring Kibble,2026-10-06,00:26:15,meta,1-6 Years,Medium (31lbs to 69lbs),Purina
Culinary Harvest Turkey Herring Kibble,2026-09-15,16:50:10,audience_1,1-6 Years,Medium (31lbs to 69lbs),Purina
Culinary Harvest Turkey Herring Kibble,2026-09-02,18:40:23,meta,1-6 Years,Small (up to 30lbs),Other
Culinary Harvest Turkey Herring Kibble,2026-09-02,15:49:57,meta,1-6 Years,Large (70lbs and over),Other
Culinary Harvest Turkey Herring Kibble,2026-09-23,22:11:57,smas,7+ Years,Medium (31lbs to 69lbs),Hill's Science Diet
Culinary Harvest Turkey Herring Kibble,2026-09-23,23:23:59,smas,7+ Years,Large (70lbs and over),Other
Culinary Harvest Turkey Herring Kibble,2026-10-05,16:35:18,meta,1-6 Years,Medium (31lbs to 69lbs),Blue Buffalo
Culinary Harvest Turkey Herring Kibble,2026-10-08,21:00:55,smas,7+ Years,Small (up to 30lbs),Other
Culinary Harvest Turkey Herring Kibble,2026-10-08,16:22:22,meta,1-6 Years,Medium (31lbs to 69lbs),Other
Culinary Harvest Turkey Herring Kibble,2026-09-03,19:45:45,meta,7+ Years,Medium (31lbs to 69lbs),Blue Buffalo
Culinary Harvest Turkey Herring Kibble,2026-09-27,17:32:08,smas,7+ Years,Large (70lbs and over),Blue Buffalo
Culinary Harvest Turkey Herring Kibble,2026-10-06,19:41:04,smas,7+ Years,Small (up to 30lbs),Other
Culinary Harvest Turkey Herring Kibble,2026-10-07,18:42:03,meta,1-6 Years,Small (up to 30lbs),Purina
Culinary Harvest Turkey Herring Kibble,2026-09-23,22:36:25,smas,7+ Years,Medium (31lbs to 69lbs),Other
Culinary Harvest Turkey Herring Kibble,2026-10-05,19:38:37,meta,1-6 Years,Medium (31lbs to 69lbs),Other
Culinary Harvest Turkey Herring Kibble,2026-10-06,18:39:24,smas,1-6 Years,Small (up to 30lbs),Purina
Culinary Harvest Turkey Herring Kibble,2026-10-08,21:22:23,smas,1-6 Years,Small (up to 30lbs),Other
Culinary Harvest Turkey Herring Kibble,2026-09-15,12:55:38,audience_1,1-6 Years,Small (up to 30lbs),Hill's Science Diet
Culinary Harvest Turkey Herring Kibble,2026-09-16,03:23:37,meta,1-6 Years,Large (70lbs and over),Purina
Culinary Harvest Turkey Herring Kibble,2026-10-05,18:48:38,meta,1-6 Years,Small (up to 30lbs),Stella & Chewy's
Culinary Harvest Turkey Herring Kibble,2026-09-08,04:24:10,smas,7+ Years,Medium (31lbs to 69lbs),Other
Culinary Harvest Turkey Herring Kibble,2026-09-26,21:12:50,smas,1-6 Years,Large (70lbs and over),Nutri Source
Culinary Harvest Turkey Herring Kibble,2026-09-07,17:09:52,smas,1-6 Years,Medium (31lbs to 69lbs),Purina
Culinary Harvest Turkey Herring Kibble,2026-10-10,15:02:16,meta,7+ Years,Small (up to 30lbs),Merrick
Culinary Harvest Turkey Herring Kibble,2026-09-16,13:44:50,meta,7+ Years,Large (70lbs and over),Other
Culinary Harvest Turkey Herring Kibble,2026-10-05,14:16:22,meta,1-6 Years,Medium (31lbs to 69lbs),Wellness Pet Food
Culinary Harvest Turkey Herring Kibble,2026-10-05,15:23:41,meta,1-6 Years,Small (up to 30lbs),Purina
Culinary Harvest Turkey Herring Kibble,2026-10-10,02:37:59,meta,7+ Years,Small (up to 30lbs),Other
Culinary Harvest Turkey Herring Kibble,2026-10-09,18:27:57,meta,1-6 Years,Small (up to 30lbs),Blue Buffalo
Culinary Harvest Turkey Herring Kibble,2026-10-05,15:48:45,meta,1-6 Years,Medium (31lbs to 69lbs),Taste of the Wild
Culinary Harvest Turkey Herring Kibble,2026-09-06,17:18:42,meta,7+ Years,Medium (31lbs to 69lbs),Nutri Source
Culinary Harvest Turkey Herring Kibble,2026-10-06,02:35:53,meta,7+ Years,Small (up to 30lbs),Other
Culinary Harvest Turkey Herring Kibble,2026-09-05,04:32:31,meta,7+ Years,Medium (31lbs to 69lbs),Other
Culinary Harvest Turkey Herring Kibble,2026-09-23,21:09:42,smas,1-6 Years,Medium (31lbs to 69lbs),Other
Culinary Harvest Turkey Herring Kibble,2026-09-16,14:56:58,meta,1-6 Years,Medium (31lbs to 69lbs),Blue Buffalo
Culinary Harvest Turkey Herring Kibble,2026-09-10,17:36:31,smas,1-6 Years,Medium (31lbs to 69lbs),Other
Culinary Harvest Turkey Herring Kibble,2026-10-06,22:22:20,meta,1-6 Years,Medium (31lbs to 69lbs),Other
Culinary Harvest Turkey Herring Kibble,2026-10-05,17:51:02,meta,1-6 Years,Medium (31lbs to 69lbs),Purina
Culinary Harvest Turkey Herring Kibble,2026-09-01,22:57:02,meta,1-6 Years,Large (70lbs and over),Merrick
Culinary Harvest Turkey Herring Kibble,2026-10-08,02:51:58,smas,7+ Years,Small (up to 30lbs),Other
Culinary Harvest Turkey Herring Kibble,2026-10-06,02:03:00,meta,7+ Years,Medium (31lbs to 69lbs),Nutri Source
Culinary Harvest Turkey Herring Kibble,2026-09-23,23:29:40,smas,1-6 Years,Medium (31lbs to 69lbs),Purina
Culinary Harvest Turkey Herring Kibble,2026-10-08,20:57:29,smas,1-6 Years,Medium (31lbs to 69lbs),Blue Buffalo
Culinary Harvest Turkey Herring Kibble,2026-10-06,17:55:56,smas,1-6 Years,Medium (31lbs to 69lbs),Open Farm
Culinary Harvest Turkey Herring Kibble,2026-10-08,03:07:50,meta,7+ Years,Small (up to 30lbs),Hill's Science Diet
Culinary Harvest Turkey Herring Kibble,2026-10-08,20:56:24,smas,7+ Years,Medium (31lbs to 69lbs),Purina
Culinary Harvest Turkey Herring Kibble,2026-09-08,04:20:04,smas,1-6 Years,Small (up to 30lbs),Blue Buffalo
Culinary Harvest Turkey Herring Kibble,2026-10-07,22:49:33,smas,1-6 Years,Small (up to 30lbs),Blue Buffalo
Culinary Harvest Turkey Herring Kibble,2026-10-06,08:11:59,meta,1-6 Years,Small (up to 30lbs),Purina
Culinary Harvest Turkey Herring Kibble,2026-09-13,12:38:46,meta,7+ Years,Small (up to 30lbs),Hill's Science Diet
Culinary Harvest Turkey Herring Kibble,2026-09-14,20:45:32,audience_1,1-6 Years,Small (up to 30lbs),Other
Culinary Harvest Turkey Herring Kibble,2026-09-05,05:48:27,meta,1-6 Years,Large (70lbs and over),Other
Culinary Harvest Turkey Herring Kibble,2026-09-08,15:15:57,smas,7+ Years,Large (70lbs and over),Other
Culinary Harvest Turkey Herring Kibble,2026-09-07,18:30:44,smas,1-6 Years,Small (up to 30lbs),Other
Culinary Harvest Turkey Herring Kibble,2026-09-23,00:14:49,meta,1-6 Years,Large (70lbs and over),Purina
Culinary Harvest Turkey Herring Kibble,2026-09-07,14:53:02,meta,7+ Years,Small (up to 30lbs),Nulo
Culinary Harvest Turkey Herring Kibble,2026-10-08,16:28:08,smas,1-6 Years,Small (up to 30lbs),Other
Culinary Harvest Turkey Herring Kibble,2026-09-21,23:27:57,meta,7+ Years,Small (up to 30lbs),Hill's Science Diet
Culinary Harvest Turkey Herring Kibble,2026-09-09,22:07:15,smas,7+ Years,Small (up to 30lbs),Other
Culinary Harvest Turkey Herring Kibble,2026-09-23,22:05:51,smas,7+ Years,Large (70lbs and over),Blue Buffalo
Culinary Harvest Turkey Herring Kibble,2026-10-07,23:31:38,smas,7+ Years,Small (up to 30lbs),Other
Culinary Harvest Turkey Herring Kibble,2026-09-09,04:04:28,smas,1-6 Years,Small (up to 30lbs),Blue Buffalo
Culinary Harvest Turkey Herring Kibble,2026-10-09,03:11:15,meta,1-6 Years,Small (up to 30lbs),Other
Culinary Harvest Turkey Herring Kibble,2026-10-05,15:33:20,meta,7+ Years,Small (up to 30lbs),Purina
Culinary Harvest Turkey Herring Kibble,2026-10-06,06:10:20,meta,7+ Years,Large (70lbs and over),Taste of the Wild
Culinary Harvest Turkey Herring Kibble,2026-10-07,19:53:52,smas,1-6 Years,Small (up to 30lbs),Taste of the Wild
Culinary Harvest Turkey Herring Kibble,2026-09-16,20:22:41,meta,1-6 Years,Small (up to 30lbs),Purina
Culinary Harvest Turkey Herring Kibble,2026-10-07,21:00:22,meta,1-6 Years,Medium (31lbs to 69lbs),Hill's Science Diet
Culinary Harvest Turkey Herring Kibble,2026-10-08,23:48:57,smas,7+ Years,Small (up to 30lbs),Other
Culinary Harvest Turkey Herring Kibble,2026-10-06,18:21:50,meta,7+ Years,Small (up to 30lbs),Purina
Culinary Harvest Turkey Herring Kibble,2026-09-15,20:27:26,meta,1-6 Years,Medium (31lbs to 69lbs),Blue Buffalo
Culinary Harvest Turkey Herring Kibble,2026-09-06,16:35:02,meta,Under One Year,Small (up to 30lbs),Other
Culinary Harvest Turkey Herring Kibble,2026-09-07,17:03:53,smas,7+ Years,Large (70lbs and over),Purina
Culinary Harvest Turkey Herring Kibble,2026-10-06,19:44:54,meta,1-6 Years,Small (up to 30lbs),Purina
Culinary Harvest Turkey Herring Kibble,2026-09-02,16:39:40,meta,7+ Years,Medium (31lbs to 69lbs),Purina
Culinary Harvest Turkey Herring Kibble,2026-10-07,15:45:14,meta,7+ Years,Medium (31lbs to 69lbs),Other
Culinary Harvest Turkey Herring Kibble,2026-09-15,13:17:12,meta,1-6 Years,Medium (31lbs to 69lbs),Other
Culinary Harvest Turkey Herring Kibble,2026-09-22,13:38:08,audience_1,1-6 Years,Medium (31lbs to 69lbs),Purina
Culinary Harvest Turkey Herring Kibble,2026-09-24,06:03:19,meta,1-6 Years,Large (70lbs and over),Purina
Culinary Harvest Turkey Herring Kibble,2026-09-02,03:12:02,meta,1-6 Years,Small (up to 30lbs),Other
Culinary Harvest Turkey Herring Kibble,2026-10-06,19:14:49,smas,7+ Years,Small (up to 30lbs),Other
Culinary Harvest Turkey Herring Kibble,2026-10-08,21:48:58,smas,7+ Years,Small (up to 30lbs),Other
Culinary Harvest Turkey Herring Kibble,2026-10-08,23:17:31,smas,7+ Years,Small (up to 30lbs),Purina
Culinary Harvest Turkey Herring Kibble,2026-09-14,12:59:06,meta,7+ Years,Small (up to 30lbs),Nutri Source
Culinary Harvest Turkey Herring Kibble,2026-09-13,16:46:37,meta,7+ Years,Large (70lbs and over),Other
Culinary Harvest Turkey Herring Kibble,2026-09-07,17:28:18,smas,7+ Years,Large (70lbs and over),Wellness Pet Food
Culinary Harvest Turkey Herring Kibble,2026-09-08,11:53:40,smas,1-6 Years,Medium (31lbs to 69lbs),Blue Buffalo
Culinary Harvest Turkey Herring Kibble,2026-09-23,19:55:43,meta,7+ Years,Small (up to 30lbs),Other
Culinary Harvest Turkey Herring Kibble,2026-09-23,21:07:22,smas,1-6 Years,Small (up to 30lbs),Blue Buffalo
Culinary Harvest Turkey Herring Kibble,2026-09-07,19:49:30,smas,7+ Years,Small (up to 30lbs),Other
Culinary Harvest Turkey Herring Kibble,2026-10-05,23:26:15,meta,1-6 Years,Small (up to 30lbs),Other
Culinary Harvest Turkey Herring Kibble,2026-10-08,22:47:43,smas,7+ Years,Medium (31lbs to 69lbs),Taste of the Wild
Culinary Harvest Turkey Herring Kibble,2026-10-09,04:09:30,meta,Under One Year,Small (up to 30lbs),Nutri Source
Culinary Harvest Turkey Herring Kibble,2026-10-10,17:18:19,meta,1-6 Years,Medium (31lbs to 69lbs),Other
Culinary Harvest Turkey Herring Kibble,2026-09-23,23:49:01,smas,1-6 Years,Medium (31lbs to 69lbs),Blue Buffalo
Culinary Harvest Turkey Herring Kibble,2026-09-15,04:09:26,audience_1,1-6 Years,Large (70lbs and over),Other
Culinary Harvest Turkey Herring Kibble,2026-09-01,19:34:53,meta,1-6 Years,Small (up to 30lbs),Hill's Science Diet
Culinary Harvest Turkey Herring Kibble,2026-09-14,20:02:43,meta,1-6 Years,Large (70lbs and over),Purina
Culinary Harvest Turkey Herring Kibble,2026-09-07,23:55:55,meta,1-6 Years,Large (70lbs and over),Other
Culinary Harvest Turkey Herring Kibble,2026-09-12,00:06:36,meta,1-6 Years,Small (up to 30lbs),Blue Buffalo
Culinary Harvest Turkey Herring Kibble,2026-09-18,16:00:00,meta,1-6 Years,Small (up to 30lbs),Blue Buffalo
Culinary Harvest Turkey Herring Kibble,2026-10-09,00:09:09,smas,1-6 Years,Small (up to 30lbs),Nulo
Culinary Harvest Turkey Herring Kibble,2026-10-08,20:51:38,smas,1-6 Years,Small (up to 30lbs),Other
Culinary Harvest Turkey Herring Kibble,2026-10-08,21:13:12,smas,1-6 Years,Small (up to 30lbs),Other
Culinary Harvest Turkey Herring Kibble,2026-10-07,21:08:04,smas,7+ Years,Medium (31lbs to 69lbs),Hill's Science Diet
Culinary Harvest Turkey Herring Kibble,2026-09-07,17:55:54,smas,1-6 Years,Small (up to 30lbs),Purina
Culinary Harvest Turkey Herring Kibble,2026-09-27,03:04:27,smas,7+ Years,Small (up to 30lbs),Hill's Science Diet
Culinary Harvest Turkey Herring Kibble,2026-09-24,17:46:42,meta,1-6 Years,Small (up to 30lbs),Blue Buffalo
Culinary Harvest Turkey Herring Kibble,2026-10-05,22:50:53,meta,1-6 Years,Large (70lbs and over),Blue Buffalo
Culinary Harvest Turkey Herring Kibble,2026-10-09,20:14:01,smas,1-6 Years,Medium (31lbs to 69lbs),Hill's Science Diet
Culinary Harvest Turkey Herring Kibble,2026-09-05,03:25:20,meta,7+ Years,Small (up to 30lbs),Other
Culinary Harvest Turkey Herring Kibble,2026-09-05,20:44:34,meta,Under One Year,Small (up to 30lbs),Other
Culinary Harvest Turkey Herring Kibble,2026-10-07,19:58:10,smas,Under One Year,Medium (31lbs to 69lbs),Other
Culinary Harvest Turkey Herring Kibble,2026-09-02,07:00:50,meta,1-6 Years,Small (up to 30lbs),Other
Culinary Harvest Turkey Herring Kibble,2026-09-07,20:35:01,smas,7+ Years,Small (up to 30lbs),Other
Culinary Harvest Turkey Herring Kibble,2026-10-07,21:13:01,smas,1-6 Years,Small (up to 30lbs),Nutri Source
Culinary Harvest Turkey Herring Kibble,2026-10-09,00:36:03,meta,1-6 Years,Medium (31lbs to 69lbs),Hill's Science Diet
Culinary Harvest Turkey Herring Kibble,2026-10-07,19:50:51,smas,1-6 Years,Small (up to 30lbs),Purina
Culinary Harvest Turkey Herring Kibble,2026-09-25,21:20:38,meta,1-6 Years,Medium (31lbs to 69lbs),Purina
Culinary Harvest Turkey Herring Kibble,2026-10-05,17:32:52,meta,1-6 Years,Medium (31lbs to 69lbs),Blue Buffalo
Culinary Harvest Turkey Herring Kibble,2026-10-09,01:30:28,meta,Under One Year,Small (up to 30lbs),Hill's Science Diet
Culinary Harvest Turkey Herring Kibble,2026-09-05,14:23:51,meta,7+ Years,Small (up to 30lbs),Other
Culinary Harvest Turkey Herring Kibble,2026-09-11,16:19:40,meta,1-6 Years,Small (up to 30lbs),Purina
Culinary Harvest Turkey Herring Kibble,2026-10-07,00:51:30,smas,7+ Years,Medium (31lbs to 69lbs),Other
Culinary Harvest Turkey Herring Kibble,2026-09-07,19:18:05,smas,7+ Years,Medium (31lbs to 69lbs),Blue Buffalo
Culinary Harvest Turkey Herring Kibble,2026-10-08,03:32:49,meta,7+ Years,Medium (31lbs to 69lbs),Other
Culinary Harvest Turkey Herring Kibble,2026-09-16,16:49:06,meta,1-6 Years,Large (70lbs and over),Other
Culinary Harvest Turkey Herring Kibble,2026-09-12,14:58:12,meta,1-6 Years,Medium (31lbs to 69lbs),Other
Culinary Harvest Turkey Herring Kibble,2026-09-25,15:00:20,meta,1-6 Years,Medium (31lbs to 69lbs),Purina
Culinary Harvest Turkey Herring Kibble,2026-09-13,18:35:29,meta,1-6 Years,Medium (31lbs to 69lbs),Purina
Culinary Harvest Turkey Herring Kibble,2026-09-23,23:37:37,smas,1-6 Years,Small (up to 30lbs),Blue Buffalo
Culinary Harvest Turkey Herring Kibble,2026-10-10,16:11:31,meta,7+ Years,Small (up to 30lbs),Purina
Culinary Harvest Turkey Herring Kibble,2026-10-08,21:44:08,smas,1-6 Years,Medium (31lbs to 69lbs),Purina
Culinary Harvest Turkey Herring Kibble,2026-10-09,06:49:59,smas,7+ Years,Medium (31lbs to 69lbs),Purina
Culinary Harvest Turkey Herring Kibble,2026-09-03,11:42:39,meta,1-6 Years,Medium (31lbs to 69lbs),Purina
Culinary Harvest Turkey Herring Kibble,2026-09-07,17:37:15,smas,7+ Years,Small (up to 30lbs),Other
Culinary Harvest Turkey Herring Kibble,2026-10-06,17:51:35,smas,7+ Years,Small (up to 30lbs),Orijen
Culinary Harvest Turkey Herring Kibble,2026-09-24,01:03:09,meta,7+ Years,Small (up to 30lbs),Wellness Pet Food
Culinary Harvest Turkey Herring Kibble,2026-10-07,20:21:34,smas,1-6 Years,Small (up to 30lbs),Other
Culinary Harvest Turkey Herring Kibble,2026-09-23,21:04:24,smas,1-6 Years,Small (up to 30lbs),Wellness Pet Food
Culinary Harvest Turkey Herring Kibble,2026-09-02,18:27:32,meta,1-6 Years,Small (up to 30lbs),Purina
Culinary Harvest Turkey Herring Kibble,2026-09-09,22:02:57,meta,1-6 Years,Small (up to 30lbs),Hill's Science Diet
Culinary Harvest Turkey Herring Kibble,2026-09-04,18:21:30,meta,1-6 Years,Medium (31lbs to 69lbs),Other
Culinary Harvest Turkey Herring Kibble,2026-10-07,20:49:26,smas,1-6 Years,Small (up to 30lbs),Purina
Culinary Harvest Turkey Herring Kibble,2026-09-21,21:45:52,meta,1-6 Years,Large (70lbs and over),Purina
Culinary Harvest Turkey Herring Kibble,2026-09-04,22:32:16,meta,7+ Years,Large (70lbs and over),Other
Culinary Harvest Turkey Herring Kibble,2026-10-07,20:27:15,smas,7+ Years,Small (up to 30lbs),Purina
Culinary Harvest Turkey Herring Kibble,2026-10-06,03:48:10,meta,1-6 Years,Medium (31lbs to 69lbs),Merrick
Culinary Harvest Turkey Herring Kibble,2026-09-13,14:37:03,meta,7+ Years,Medium (31lbs to 69lbs),Purina
Culinary Harvest Turkey Herring Kibble,2026-09-16,16:39:24,meta,7+ Years,Small (up to 30lbs),Other
Culinary Harvest Turkey Herring Kibble,2026-09-05,23:29:07,meta,7+ Years,Small (up to 30lbs),Merrick
Culinary Harvest Turkey Herring Kibble,2026-10-05,18:49:25,meta,1-6 Years,Small (up to 30lbs),Other
Culinary Harvest Turkey Herring Kibble,2026-09-23,21:29:54,smas,7+ Years,Medium (31lbs to 69lbs),Purina
Culinary Harvest Turkey Herring Kibble,2026-09-25,01:23:55,meta,7+ Years,Small (up to 30lbs),Other
Culinary Harvest Turkey Herring Kibble,2026-10-09,06:53:10,smas,Under One Year,Small (up to 30lbs),Purina
Culinary Harvest Turkey Herring Kibble,2026-10-08,21:17:55,smas,1-6 Years,Large (70lbs and over),Wellness Pet Food
Culinary Harvest Turkey Herring Kibble,2026-09-02,00:32:55,meta,7+ Years,Large (70lbs and over),Purina
Culinary Harvest Turkey Herring Kibble,2026-10-06,21:01:32,smas,1-6 Years,Medium (31lbs to 69lbs),Purina
Culinary Harvest Turkey Herring Kibble,2026-09-07,19:17:18,smas,1-6 Years,Large (70lbs and over),Hill's Science Diet
Culinary Harvest Turkey Herring Kibble,2026-09-22,23:03:01,meta,1-6 Years,Large (70lbs and over),Purina
Culinary Harvest Turkey Herring Kibble,2026-09-12,00:29:54,meta,Under One Year,Small (up to 30lbs),Other
Culinary Harvest Turkey Herring Kibble,2026-10-07,20:20:19,smas,7+ Years,Small (up to 30lbs),Nulo
Culinary Harvest Turkey Herring Kibble,2026-09-25,15:54:16,meta,1-6 Years,Small (up to 30lbs),Purina
Culinary Harvest Turkey Herring Kibble,2026-09-27,01:18:14,smas,1-6 Years,Small (up to 30lbs),Purina
Culinary Harvest Turkey Herring Kibble,2026-10-07,19:57:58,smas,1-6 Years,Medium (31lbs to 69lbs),Merrick
Culinary Harvest Turkey Herring Kibble,2026-09-05,05:49:27,meta,7+ Years,Small (up to 30lbs),Other
Culinary Harvest Turkey Herring Kibble,2026-09-22,11:26:34,meta,1-6 Years,Medium (31lbs to 69lbs),Blue Buffalo
Culinary Harvest Turkey Herring Kibble,2026-09-07,18:06:42,smas,1-6 Years,Small (up to 30lbs),Wellness Pet Food
Culinary Harvest Turkey Herring Kibble,2026-09-24,21:03:02,meta,1-6 Years,Small (up to 30lbs),Other
Culinary Harvest Turkey Herring Kibble,2026-09-07,18:29:17,smas,1-6 Years,Small (up to 30lbs),Other
Culinary Harvest Turkey Herring Kibble,2026-09-24,02:10:37,smas,7+ Years,Large (70lbs and over),Purina
Culinary Harvest Turkey Herring Kibble,2026-10-08,06:05:57,smas,1-6 Years,Small (up to 30lbs),Hill's Science Diet
Culinary Harvest Turkey Herring Kibble,2026-09-07,01:19:38,meta,1-6 Years,Medium (31lbs to 69lbs),Nutri Source
Culinary Harvest Turkey Herring Kibble,2026-10-08,07:41:02,smas,7+ Years,Small (up to 30lbs),Other
Culinary Harvest Turkey Herring Kibble,2026-09-24,14:22:11,meta,7+ Years,Small (up to 30lbs),Other
Culinary Harvest Turkey Herring Kibble,2026-09-17,02:31:05,meta,7+ Years,Small (up to 30lbs),Other
Culinary Harvest Turkey Herring Kibble,2026-10-07,21:07:33,smas,Under One Year,Small (up to 30lbs),Hill's Science Diet
Culinary Harvest Turkey Herring Kibble,2026-09-26,23:13:38,smas,1-6 Years,Large (70lbs and over),Purina
Culinary Harvest Turkey Herring Kibble,2026-09-05,13:22:22,meta,7+ Years,Small (up to 30lbs),Purina
Culinary Harvest Turkey Herring Kibble,2026-09-23,21:57:46,smas,7+ Years,Small (up to 30lbs),Fromm
Culinary Harvest Turkey Herring Kibble,2026-10-06,11:21:01,meta,7+ Years,Small (up to 30lbs),Blue Buffalo
Culinary Harvest Turkey Herring Kibble,2026-10-07,21:07:05,smas,1-6 Years,Small (up to 30lbs),Other
Culinary Harvest Turkey Herring Kibble,2026-09-17,02:27:53,audience_1,7+ Years,Medium (31lbs to 69lbs),Stella & Chewy's
Culinary Harvest Turkey Herring Kibble,2026-10-07,19:53:05,smas,7+ Years,Medium (31lbs to 69lbs),Purina
Culinary Harvest Turkey Herring Kibble,2026-09-30,09:41:36,meta,1-6 Years,Medium (31lbs to 69lbs),Other
Culinary Harvest Turkey Herring Kibble,2026-10-05,18:00:41,meta,7+ Years,Large (70lbs and over),Other
Culinary Harvest Turkey Herring Kibble,2026-09-16,05:47:59,meta,1-6 Years,Medium (31lbs to 69lbs),Hill's Science Diet
Culinary Harvest Turkey Herring Kibble,2026-09-17,01:07:05,meta,Under One Year,Medium (31lbs to 69lbs),Other
Culinary Harvest Turkey Herring Kibble,2026-09-06,23:36:49,meta,7+ Years,Large (70lbs and over),Purina
Culinary Harvest Turkey Herring Kibble,2026-09-24,00:21:19,meta,7+ Years,Small (up to 30lbs),Purina
Culinary Harvest Turkey Herring Kibble,2026-09-05,08:05:13,meta,1-6 Years,Medium (31lbs to 69lbs),Blue Buffalo
Culinary Harvest Turkey Herring Kibble,2026-09-01,21:28:16,meta,7+ Years,Small (up to 30lbs),Purina
Culinary Harvest Turkey Herring Kibble,2026-10-09,05:35:12,meta,7+ Years,Small (up to 30lbs),Other
Culinary Harvest Turkey Herring Kibble,2026-09-12,15:50:29,meta,1-6 Years,Small (up to 30lbs),Other
Culinary Harvest Turkey Herring Kibble,2026-09-24,00:10:06,meta,7+ Years,Medium (31lbs to 69lbs),Purina
Culinary Harvest Turkey Herring Kibble,2026-09-03,03:17:00,meta,1-6 Years,Small (up to 30lbs),Other
Culinary Harvest Turkey Herring Kibble,2026-09-12,23:14:56,meta,1-6 Years,Medium (31lbs to 69lbs),Blue Buffalo
Culinary Harvest Turkey Herring Kibble,2026-09-04,22:24:54,meta,1-6 Years,Medium (31lbs to 69lbs),Wellness Pet Food
Culinary Harvest Turkey Herring Kibble,2026-09-08,13:50:37,smas,1-6 Years,Small (up to 30lbs),Blue Buffalo
Culinary Harvest Turkey Herring Kibble,2026-09-03,03:08:21,meta,7+ Years,Medium (31lbs to 69lbs),Purina
Culinary Harvest Turkey Herring Kibble,2026-09-14,17:11:01,meta,7+ Years,Large (70lbs and over),Purina
Culinary Harvest Turkey Herring Kibble,2026-09-08,01:47:42,smas,1-6 Years,Small (up to 30lbs),Blue Buffalo
Culinary Harvest Turkey Herring Kibble,2026-09-05,00:07:14,meta,7+ Years,Large (70lbs and over),Other
Culinary Harvest Turkey Herring Kibble,2026-09-25,13:47:18,smas,1-6 Years,Small (up to 30lbs),Merrick
Culinary Harvest Turkey Herring Kibble,2026-09-21,20:01:02,meta,1-6 Years,Medium (31lbs to 69lbs),Taste of the Wild
Culinary Harvest Turkey Herring Kibble,2026-10-07,20:13:26,smas,7+ Years,Medium (31lbs to 69lbs),Hill's Science Diet
Culinary Harvest Turkey Herring Kibble,2026-09-16,00:24:08,meta,7+ Years,Large (70lbs and over),Blue Buffalo
Culinary Harvest Turkey Herring Kibble,2026-09-21,15:59:09,meta,1-6 Years,Medium (31lbs to 69lbs),Hill's Science Diet
Culinary Harvest Turkey Herring Kibble,2026-10-05,16:39:29,meta,1-6 Years,Small (up to 30lbs),Purina
Culinary Harvest Turkey Herring Kibble,2026-10-05,22:05:34,meta,7+ Years,Medium (31lbs to 69lbs),Purina
Culinary Harvest Turkey Herring Kibble,2026-10-06,02:42:41,meta,7+ Years,Medium (31lbs to 69lbs),Other
Culinary Harvest Turkey Herring Kibble,2026-09-15,21:40:06,meta,7+ Years,Large (70lbs and over),Other
Culinary Harvest Turkey Herring Kibble,2026-09-03,07:52:59,meta,1-6 Years,Small (up to 30lbs),Other
Culinary Harvest Turkey Herring Kibble,2026-10-09,21:48:05,meta,7+ Years,Medium (31lbs to 69lbs),Wellness Pet Food
Culinary Harvest Turkey Herring Kibble,2026-10-08,21:02:03,smas,1-6 Years,Small (up to 30lbs),Other
Culinary Harvest Turkey Herring Kibble,2026-09-09,14:20:44,smas,7+ Years,Small (up to 30lbs),Other
Culinary Harvest Turkey Herring Kibble,2026-09-02,21:18:40,meta,1-6 Years,Medium (31lbs to 69lbs),Purina
Culinary Harvest Turkey Herring Kibble,2026-09-23,23:33:53,smas,1-6 Years,Large (70lbs and over),Other
Culinary Harvest Turkey Herring Kibble,2026-09-06,12:25:20,meta,1-6 Years,Large (70lbs and over),Purina
Culinary Harvest Turkey Herring Kibble,2026-10-07,14:55:34,smas,1-6 Years,Large (70lbs and over),Purina
Culinary Harvest Turkey Herring Kibble,2026-09-17,23:30:43,meta,7+ Years,Medium (31lbs to 69lbs),Purina
Culinary Harvest Turkey Herring Kibble,2026-09-09,20:38:47,smas,Under One Year,Medium (31lbs to 69lbs),Hill's Science Diet
Culinary Harvest Turkey Herring Kibble,2026-09-09,13:21:02,meta,7+ Years,Medium (31lbs to 69lbs),Nulo
Culinary Harvest Turkey Herring Kibble,2026-10-10,00:27:24,meta,Under One Year,Small (up to 30lbs),Nutri Source
Culinary Harvest Turkey Herring Kibble,2026-10-08,06:02:12,smas,1-6 Years,Small (up to 30lbs),Hill's Science Diet
Culinary Harvest Turkey Herring Kibble,2026-09-14,12:36:36,meta,1-6 Years,Small (up to 30lbs),Other
Culinary Harvest Turkey Herring Kibble,2026-10-08,22:13:14,smas,1-6 Years,Small (up to 30lbs),Other
Culinary Harvest Turkey Herring Kibble,2026-09-24,11:02:27,meta,7+ Years,Large (70lbs and over),Purina
Culinary Harvest Turkey Herring Kibble,2026-10-07,14:01:02,meta,7+ Years,Small (up to 30lbs),Purina
Culinary Harvest Turkey Herring Kibble,2026-09-21,21:57:35,meta,1-6 Years,Medium (31lbs to 69lbs),Other
Culinary Harvest Turkey Herring Kibble,2026-09-10,00:59:18,meta,7+ Years,Medium (31lbs to 69lbs),Other
Culinary Harvest Turkey Herring Kibble,2026-10-07,16:44:16,meta,1-6 Years,Small (up to 30lbs),Purina
Culinary Harvest Turkey Herring Kibble,2026-09-05,19:27:50,meta,1-6 Years,Small (up to 30lbs),Purina
Culinary Harvest Turkey Herring Kibble,2026-09-14,03:26:31,meta,7+ Years,Medium (31lbs to 69lbs),Taste of the Wild
Culinary Harvest Turkey Herring Kibble,2026-10-07,18:21:39,meta,1-6 Years,Medium (31lbs to 69lbs),Merrick
Culinary Harvest Turkey Herring Kibble,2026-09-02,11:22:28,meta,7+ Years,Small (up to 30lbs),Other
Culinary Harvest Turkey Herring Kibble,2026-09-09,21:04:22,smas,1-6 Years,Medium (31lbs to 69lbs),Other
Culinary Harvest Turkey Herring Kibble,2026-09-07,17:09:01,smas,1-6 Years,Large (70lbs and over),Other
Culinary Harvest Turkey Herring Kibble,2026-09-13,04:48:42,meta,7+ Years,Small (up to 30lbs),Purina
Culinary Harvest Turkey Herring Kibble,2026-09-07,09:50:31,meta,1-6 Years,Large (70lbs and over),Hill's Science Diet
Culinary Harvest Turkey Herring Kibble,2026-09-08,13:09:46,meta,7+ Years,Small (up to 30lbs),Purina
Culinary Harvest Turkey Herring Kibble,2026-09-09,03:02:04,meta,1-6 Years,Large (70lbs and over),Other
Culinary Harvest Turkey Herring Kibble,2026-10-07,20:37:17,smas,7+ Years,Small (up to 30lbs),Other
Culinary Harvest Turkey Herring Kibble,2026-10-06,21:40:17,meta,1-6 Years,Medium (31lbs to 69lbs),Purina
Culinary Harvest Turkey Herring Kibble,2026-09-09,02:17:00,meta,7+ Years,Medium (31lbs to 69lbs),Purina
Culinary Harvest Turkey Herring Kibble,2026-09-13,05:42:29,meta,1-6 Years,Small (up to 30lbs),Wellness Pet Food
Culinary Harvest Turkey Herring Kibble,2026-09-17,01:46:46,meta,1-6 Years,Small (up to 30lbs),Blue Buffalo
Culinary Harvest Turkey Herring Kibble,2026-09-13,20:57:47,smas,1-6 Years,Medium (31lbs to 69lbs),Other
Culinary Harvest Turkey Herring Kibble,2026-09-25,14:46:08,smas,1-6 Years,Large (70lbs and over),Other
Culinary Harvest Turkey Herring Kibble,2026-10-05,23:13:33,meta,1-6 Years,Medium (31lbs to 69lbs),Other
Culinary Harvest Turkey Herring Kibble,2026-09-01,16:42:23,meta,1-6 Years,Small (up to 30lbs),Stella & Chewy's
Culinary Harvest Turkey Herring Kibble,2026-09-27,03:12:55,smas,1-6 Years,Medium (31lbs to 69lbs),Purina
Culinary Harvest Turkey Herring Kibble,2026-09-26,14:51:35,smas,7+ Years,Large (70lbs and over),Other
Culinary Harvest Turkey Herring Kibble,2026-09-15,00:38:57,audience_1,7+ Years,Medium (31lbs to 69lbs),Blue Buffalo
Culinary Harvest Turkey Herring Kibble,2026-09-17,00:48:30,meta,1-6 Years,Medium (31lbs to 69lbs),Purina
Culinary Harvest Turkey Herring Kibble,2026-10-07,03:48:16,meta,1-6 Years,Small (up to 30lbs),Open Farm
Culinary Harvest Turkey Herring Kibble,2026-10-07,04:03:11,meta,1-6 Years,Small (up to 30lbs),Purina
Culinary Harvest Turkey Herring Kibble,2026-10-08,21:14:37,smas,1-6 Years,Medium (31lbs to 69lbs),Hill's Science Diet
Culinary Harvest Turkey Herring Kibble,2026-10-06,19:12:34,smas,1-6 Years,Medium (31lbs to 69lbs),Hill's Science Diet
Culinary Harvest Turkey Herring Kibble,2026-10-07,01:09:36,meta,7+ Years,Large (70lbs and over),Other
Culinary Harvest Turkey Herring Kibble,2026-09-23,23:53:00,smas,1-6 Years,Medium (31lbs to 69lbs),Hill's Science Diet
Culinary Harvest Turkey Herring Kibble,2026-09-15,03:50:23,meta,1-6 Years,Large (70lbs and over),Blue Buffalo
Culinary Harvest Turkey Herring Kibble,2026-09-14,01:01:51,smas,1-6 Years,Small (up to 30lbs),Other
Culinary Harvest Turkey Herring Kibble,2026-09-14,23:34:55,audience_1,1-6 Years,Small (up to 30lbs),Purina
Culinary Harvest Turkey Herring Kibble,2026-10-08,21:53:48,smas,1-6 Years,Medium (31lbs to 69lbs),Purina
Culinary Harvest Turkey Herring Kibble,2026-09-05,16:35:40,meta,1-6 Years,Large (70lbs and over),Other
Culinary Harvest Turkey Herring Kibble,2026-10-07,23:12:09,smas,1-6 Years,Large (70lbs and over),Purina
Culinary Harvest Turkey Herring Kibble,2026-10-08,12:52:40,meta,1-6 Years,Medium (31lbs to 69lbs),Purina
Culinary Harvest Turkey Herring Kibble,2026-09-15,15:20:32,audience_1,1-6 Years,Small (up to 30lbs),Other
Culinary Harvest Turkey Herring Kibble,2026-10-06,04:51:20,meta,7+ Years,Small (up to 30lbs),Other
Culinary Harvest Turkey Herring Kibble,2026-09-09,23:28:56,meta,1-6 Years,Medium (31lbs to 69lbs),Other
Culinary Harvest Turkey Herring Kibble,2026-09-03,18:59:06,meta,1-6 Years,Small (up to 30lbs),Hill's Science Diet
Culinary Harvest Turkey Herring Kibble,2026-09-15,01:19:59,meta,7+ Years,Small (up to 30lbs),Nulo
Culinary Harvest Turkey Herring Kibble,2026-09-23,22:15:10,smas,1-6 Years,Medium (31lbs to 69lbs),Purina
Culinary Harvest Turkey Herring Kibble,2026-09-17,20:52:07,meta,1-6 Years,Large (70lbs and over),Purina
Culinary Harvest Turkey Herring Kibble,2026-10-07,13:07:28,meta,7+ Years,Small (up to 30lbs),Merrick
Culinary Harvest Turkey Herring Kibble,2026-09-15,22:53:48,meta,1-6 Years,Small (up to 30lbs),Wellness Pet Food
Culinary Harvest Turkey Herring Kibble,2026-10-08,00:58:29,smas,7+ Years,Large (70lbs and over),Purina
Culinary Harvest Turkey Herring Kibble,2026-10-07,15:17:35,smas,1-6 Years,Large (70lbs and over),Other
Culinary Harvest Turkey Herring Kibble,2026-09-02,23:21:36,meta,Under One Year,Small (up to 30lbs),Other
Culinary Harvest Turkey Herring Kibble,2026-09-07,21:05:03,smas,7+ Years,Small (up to 30lbs),Purina
Culinary Harvest Turkey Herring Kibble,2026-09-23,23:08:39,smas,1-6 Years,Large (70lbs and over),Blue Buffalo
Culinary Harvest Turkey Herring Kibble,2026-10-06,01:31:37,audience_1,1-6 Years,Small (up to 30lbs),Purina
Culinary Harvest Turkey Herring Kibble,2026-09-02,17:01:49,meta,7+ Years,Small (up to 30lbs),Other
Culinary Harvest Turkey Herring Kibble,2026-09-13,12:45:59,meta,Under One Year,Small (up to 30lbs),Other
Culinary Harvest Turkey Herring Kibble,2026-09-15,16:48:22,meta,7+ Years,Large (70lbs and over),Other
Culinary Harvest Turkey Herring Kibble,2026-09-21,20:01:44,meta,7+ Years,Small (up to 30lbs),Purina
Culinary Harvest Turkey Herring Kibble,2026-09-24,00:07:37,smas,1-6 Years,Small (up to 30lbs),Purina
Culinary Harvest Turkey Herring Kibble,2026-09-08,15:46:25,smas,1-6 Years,Small (up to 30lbs),Other
Culinary Harvest Turkey Herring Kibble,2026-09-24,01:05:51,smas,1-6 Years,Small (up to 30lbs),Other
Culinary Harvest Turkey Herring Kibble,2026-09-17,16:07:04,meta,1-6 Years,Small (up to 30lbs),Blue Buffalo
Culinary Harvest Turkey Herring Kibble,2026-10-08,15:47:04,meta,1-6 Years,Medium (31lbs to 69lbs),Other
Culinary Harvest Turkey Herring Kibble,2026-10-06,17:41:13,meta,1-6 Years,Small (up to 30lbs),Purina
Culinary Harvest Turkey Herring Kibble,2026-10-08,00:14:09,smas,7+ Years,Small (up to 30lbs),Blue Buffalo
Culinary Harvest Turkey Herring Kibble,2026-10-08,21:35:35,smas,1-6 Years,Medium (31lbs to 69lbs),Blue Buffalo
Culinary Harvest Turkey Herring Kibble,2026-09-24,11:11:16,meta,7+ Years,Large (70lbs and over),Purina
Culinary Harvest Turkey Herring Kibble,2026-09-01,22:24:45,meta,7+ Years,Medium (31lbs to 69lbs),Other
Culinary Harvest Turkey Herring Kibble,2026-09-13,00:49:44,meta,7+ Years,Small (up to 30lbs),Purina
Culinary Harvest Turkey Herring Kibble,2026-09-15,01:46:47,meta,7+ Years,Large (70lbs and over),Other
Culinary Harvest Turkey Herring Kibble,2026-10-06,20:22:56,meta,1-6 Years,Small (up to 30lbs),Other
Culinary Harvest Turkey Herring Kibble,2026-09-05,02:29:00,meta,1-6 Years,Large (70lbs and over),Other
Culinary Harvest Turkey Herring Kibble,2026-10-05,17:14:53,meta,1-6 Years,Small (up to 30lbs),Purina
Culinary Harvest Turkey Herring Kibble,2026-09-23,21:11:50,smas,7+ Years,Small (up to 30lbs),Blue Buffalo
Culinary Harvest Turkey Herring Kibble,2026-10-07,05:23:24,meta,7+ Years,Small (up to 30lbs),Other
Culinary Harvest Turkey Herring Kibble,2026-09-23,23:17:51,smas,7+ Years,Medium (31lbs to 69lbs),Purina
Culinary Harvest Turkey Herring Kibble,2026-10-05,20:27:34,meta,1-6 Years,Medium (31lbs to 69lbs),Stella & Chewy's
Culinary Harvest Turkey Herring Kibble,2026-10-07,20:24:15,smas,1-6 Years,Small (up to 30lbs),Blue Buffalo
Culinary Harvest Turkey Herring Kibble,2026-10-06,18:09:12,smas,1-6 Years,Small (up to 30lbs),Hill's Science Diet
Culinary Harvest Turkey Herring Kibble,2026-10-07,00:37:20,audience_1,7+ Years,Small (up to 30lbs),Other
Culinary Harvest Turkey Herring Kibble,2026-09-16,21:37:57,meta,7+ Years,Medium (31lbs to 69lbs),Purina
Culinary Harvest Turkey Herring Kibble,2026-09-23,22:11:43,smas,1-6 Years,Large (70lbs and over),Purina
Culinary Harvest Turkey Herring Kibble,2026-09-11,04:54:30,meta,1-6 Years,Small (up to 30lbs),Purina
Culinary Harvest Turkey Herring Kibble,2026-09-11,20:48:49,meta,1-6 Years,Small (up to 30lbs),Purina
Culinary Harvest Turkey Herring Kibble,2026-09-18,14:37:46,meta,1-6 Years,Large (70lbs and over),Other
Culinary Harvest Turkey Herring Kibble,2026-09-12,13:31:20,meta,1-6 Years,Medium (31lbs to 69lbs),Wellness Pet Food
Culinary Harvest Turkey Herring Kibble,2026-09-03,01:17:08,meta,7+ Years,Small (up to 30lbs),Blue Buffalo
Culinary Harvest Turkey Herring Kibble,2026-09-15,13:40:04,audience_1,1-6 Years,Large (70lbs and over),Purina
Culinary Harvest Turkey Herring Kibble,2026-09-23,22:31:24,smas,1-6 Years,Large (70lbs and over),Hill's Science Diet
Culinary Harvest Turkey Herring Kibble,2026-09-02,12:17:26,meta,7+ Years,Large (70lbs and over),Other
Culinary Harvest Turkey Herring Kibble,2026-10-07,02:37:34,meta,7+ Years,Small (up to 30lbs),Other
Culinary Harvest Turkey Herring Kibble,2026-10-08,15:01:58,meta,1-6 Years,Medium (31lbs to 69lbs),Other
Culinary Harvest Turkey Herring Kibble,2026-09-08,00:54:54,meta,7+ Years,Large (70lbs and over),Purina
Culinary Harvest Turkey Herring Kibble,2026-09-13,14:47:23,meta,7+ Years,Medium (31lbs to 69lbs),Taste of the Wild
Culinary Harvest Turkey Herring Kibble,2026-09-15,00:04:09,meta,1-6 Years,Small (up to 30lbs),Blue Buffalo
Culinary Harvest Turkey Herring Kibble,2026-09-01,19:41:14,meta,7+ Years,Large (70lbs and over),Other
Culinary Harvest Turkey Herring Kibble,2026-09-22,08:04:02,meta,7+ Years,Medium (31lbs to 69lbs),Other
Culinary Harvest Turkey Herring Kibble,2026-09-07,18:08:30,smas,1-6 Years,Medium (31lbs to 69lbs),Fromm
Culinary Harvest Turkey Herring Kibble,2026-10-06,05:01:46,meta,1-6 Years,Small (up to 30lbs),Other
Culinary Harvest Turkey Herring Kibble,2026-09-07,17:27:38,smas,1-6 Years,Medium (31lbs to 69lbs),Purina
Culinary Harvest Turkey Herring Kibble,2026-09-13,15:35:51,meta,1-6 Years,Small (up to 30lbs),Wellness Pet Food
Culinary Harvest Turkey Herring Kibble,2026-10-07,19:52:43,smas,1-6 Years,Medium (31lbs to 69lbs),Blue Buffalo
Culinary Harvest Turkey Herring Kibble,2026-10-09,03:11:37,meta,Under One Year,Small (up to 30lbs),Other
Culinary Harvest Turkey Herring Kibble,2026-10-05,22:23:48,meta,1-6 Years,Large (70lbs and over),Taste of the Wild
Culinary Harvest Turkey Herring Kibble,2026-09-07,17:53:46,smas,7+ Years,Medium (31lbs to 69lbs),Purina
Culinary Harvest Turkey Herring Kibble,2026-10-10,00:15:25,meta,7+ Years,Small (up to 30lbs),Nulo
Culinary Harvest Turkey Herring Kibble,2026-10-07,23:18:28,smas,7+ Years,Small (up to 30lbs),Nulo
Culinary Harvest Turkey Herring Kibble,2026-10-06,02:31:51,meta,7+ Years,Small (up to 30lbs),Merrick
Culinary Harvest Turkey Herring Kibble,2026-09-07,17:14:12,smas,1-6 Years,Large (70lbs and over),Blue Buffalo
Culinary Harvest Turkey Herring Kibble,2026-09-07,18:49:00,meta,1-6 Years,Large (70lbs and over),Fromm
Culinary Harvest Turkey Herring Kibble,2026-10-08,22:50:29,smas,1-6 Years,Small (up to 30lbs),Hill's Science Diet
Culinary Harvest Turkey Herring Kibble,2026-10-09,00:27:59,smas,1-6 Years,Medium (31lbs to 69lbs),Hill's Science Diet
Culinary Harvest Turkey Herring Kibble,2026-09-09,14:53:29,meta,1-6 Years,Medium (31lbs to 69lbs),Blue Buffalo
Culinary Harvest Turkey Herring Kibble,2026-10-09,01:29:54,smas,1-6 Years,Medium (31lbs to 69lbs),Other
Culinary Harvest Turkey Herring Kibble,2026-09-04,15:30:08,meta,1-6 Years,Small (up to 30lbs),Other
Culinary Harvest Turkey Herring Kibble,2026-10-08,20:55:24,smas,1-6 Years,Medium (31lbs to 69lbs),Purina
Culinary Harvest Turkey Herring Kibble,2026-10-09,02:34:05,meta,7+ Years,Medium (31lbs to 69lbs),Fromm
Culinary Harvest Turkey Herring Kibble,2026-09-24,23:27:33,meta,7+ Years,Large (70lbs and over),Blue Buffalo
Culinary Harvest Turkey Herring Kibble,2026-09-18,00:25:32,meta,7+ Years,Medium (31lbs to 69lbs),Other
Culinary Harvest Turkey Herring Kibble,2026-09-03,02:21:23,meta,1-6 Years,Small (up to 30lbs),Purina
Culinary Harvest Turkey Herring Kibble,2026-10-07,20:55:32,smas,7+ Years,Small (up to 30lbs),Blue Buffalo
Culinary Harvest Turkey Herring Kibble,2026-10-06,18:36:43,smas,1-6 Years,Medium (31lbs to 69lbs),Purina
Culinary Harvest Turkey Herring Kibble,2026-10-09,23:52:55,meta,7+ Years,Small (up to 30lbs),Other
Culinary Harvest Turkey Herring Kibble,2026-09-04,23:02:08,meta,7+ Years,Small (up to 30lbs),Other
Culinary Harvest Turkey Herring Kibble,2026-09-05,01:04:01,audience_1,1-6 Years,Small (up to 30lbs),Other
Culinary Harvest Turkey Herring Kibble,2026-09-04,03:55:51,meta,7+ Years,Large (70lbs and over),Hill's Science Diet
Culinary Harvest Turkey Herring Kibble,2026-10-07,19:50:41,smas,1-6 Years,Small (up to 30lbs),Blue Buffalo
Culinary Harvest Turkey Herring Kibble,2026-10-06,18:22:16,smas,1-6 Years,Small (up to 30lbs),Other
Culinary Harvest Turkey Herring Kibble,2026-10-10,15:46:35,smas,7+ Years,Medium (31lbs to 69lbs),Other
Culinary Harvest Turkey Herring Kibble,2026-09-07,17:43:09,smas,7+ Years,Small (up to 30lbs),Other
Culinary Harvest Turkey Herring Kibble,2026-10-09,21:07:02,meta,1-6 Years,Small (up to 30lbs),Open Farm
Culinary Harvest Turkey Herring Kibble,2026-09-08,02:11:54,smas,Under One Year,Large (70lbs and over),Wellness Pet Food
Culinary Harvest Turkey Herring Kibble,2026-09-25,16:54:23,meta,1-6 Years,Small (up to 30lbs),Purina
Culinary Harvest Turkey Herring Kibble,2026-10-08,20:58:29,smas,1-6 Years,Small (up to 30lbs),Blue Buffalo
Culinary Harvest Turkey Herring Kibble,2026-10-06,00:23:46,meta,1-6 Years,Small (up to 30lbs),Purina
Culinary Harvest Turkey Herring Kibble,2026-10-07,03:01:56,smas,7+ Years,Medium (31lbs to 69lbs),Blue Buffalo
Culinary Harvest Turkey Herring Kibble,2026-10-10,06:58:59,meta,1-6 Years,Medium (31lbs to 69lbs),Hill's Science Diet
Culinary Harvest Turkey Herring Kibble,2026-10-08,04:07:34,meta,7+ Years,Small (up to 30lbs),Blue Buffalo
Culinary Harvest Turkey Herring Kibble,2026-09-08,14:51:29,smas,7+ Years,Medium (31lbs to 69lbs),Hill's Science Diet
Culinary Harvest Turkey Herring Kibble,2026-10-06,18:32:29,smas,7+ Years,Small (up to 30lbs),Blue Buffalo
Culinary Harvest Turkey Herring Kibble,2026-09-03,00:02:52,meta,1-6 Years,Small (up to 30lbs),Purina
Culinary Harvest Turkey Herring Kibble,2026-10-10,13:08:49,meta,Under One Year,Small (up to 30lbs),Other
Culinary Harvest Turkey Herring Kibble,2026-09-13,07:53:10,meta,7+ Years,Small (up to 30lbs),Purina
Culinary Harvest Turkey Herring Kibble,2026-09-13,17:10:39,meta,7+ Years,Large (70lbs and over),Purina
Culinary Harvest Turkey Herring Kibble,2026-09-24,16:30:44,smas,1-6 Years,Small (up to 30lbs),Hill's Science Diet
Culinary Harvest Turkey Herring Kibble,2026-09-22,04:33:50,meta,7+ Years,Small (up to 30lbs),Blue Buffalo
Culinary Harvest Turkey Herring Kibble,2026-09-02,05:29:41,meta,1-6 Years,Small (up to 30lbs),Purina
Culinary Harvest Turkey Herring Kibble,2026-10-08,21:26:15,smas,7+ Years,Medium (31lbs to 69lbs),Other
Culinary Harvest Turkey Herring Kibble,2026-10-05,22:39:27,meta,1-6 Years,Medium (31lbs to 69lbs),Blue Buffalo
Culinary Harvest Turkey Herring Kibble,2026-09-09,22:04:15,smas,1-6 Years,Large (70lbs and over),Other
Culinary Harvest Turkey Herring Kibble,2026-09-23,22:22:17,smas,1-6 Years,Medium (31lbs to 69lbs),Purina
Culinary Harvest Turkey Herring Kibble,2026-09-22,16:35:44,meta,1-6 Years,Small (up to 30lbs),Blue Buffalo
Culinary Harvest Turkey Herring Kibble,2026-09-24,01:23:50,smas,7+ Years,Medium (31lbs to 69lbs),Other
Culinary Harvest Turkey Herring Kibble,2026-10-08,20:59:27,smas,1-6 Years,Small (up to 30lbs),Hill's Science Diet
Culinary Harvest Turkey Herring Kibble,2026-10-08,22:39:15,meta,1-6 Years,Small (up to 30lbs),Other
Culinary Harvest Turkey Herring Kibble,2026-10-08,05:57:44,smas,1-6 Years,Large (70lbs and over),Purina
Culinary Harvest Turkey Herring Kibble,2026-10-07,23:07:45,smas,1-6 Years,Medium (31lbs to 69lbs),Other
Culinary Harvest Turkey Herring Kibble,2026-10-08,02:09:45,meta,7+ Years,Small (up to 30lbs),Other
Culinary Harvest Turkey Herring Kibble,2026-10-05,15:16:29,meta,7+ Years,Large (70lbs and over),Purina
Culinary Harvest Turkey Herring Kibble,2026-10-07,20:46:33,meta,1-6 Years,Small (up to 30lbs),Purina
Culinary Harvest Turkey Herring Kibble,2026-09-24,11:46:14,meta,7+ Years,Medium (31lbs to 69lbs),Other
Culinary Harvest Turkey Herring Kibble,2026-09-28,10:11:55,smas,1-6 Years,Large (70lbs and over),Taste of the Wild
Culinary Harvest Turkey Herring Kibble,2026-09-25,22:49:42,meta,7+ Years,Small (up to 30lbs),Other
Culinary Harvest Turkey Herring Kibble,2026-09-12,14:45:17,meta,1-6 Years,Medium (31lbs to 69lbs),Purina
Culinary Harvest Turkey Herring Kibble,2026-09-07,17:09:24,smas,Under One Year,Medium (31lbs to 69lbs),Other
Culinary Harvest Turkey Herring Kibble,2026-10-05,17:28:51,meta,7+ Years,Small (up to 30lbs),Taste of the Wild
Culinary Harvest Turkey Herring Kibble,2026-10-07,19:49:11,smas,7+ Years,Small (up to 30lbs),Open Farm
Culinary Harvest Turkey Herring Kibble,2026-09-08,14:55:35,smas,1-6 Years,Large (70lbs and over),Purina
Culinary Harvest Turkey Herring Kibble,2026-09-23,22:17:49,smas,1-6 Years,Medium (31lbs to 69lbs),Purina
Culinary Harvest Turkey Herring Kibble,2026-09-18,16:37:44,meta,1-6 Years,Small (up to 30lbs),Other
Culinary Harvest Turkey Herring Kibble,2026-09-09,17:30:13,smas,7+ Years,Large (70lbs and over),Other
Culinary Harvest Turkey Herring Kibble,2026-09-02,17:43:14,meta,7+ Years,Medium (31lbs to 69lbs),Purina
Culinary Harvest Turkey Herring Kibble,2026-09-07,21:39:40,smas,7+ Years,Small (up to 30lbs),Stella & Chewy's
Culinary Harvest Turkey Herring Kibble,2026-09-16,01:37:28,audience_1,1-6 Years,Small (up to 30lbs),Wellness Pet Food
Culinary Harvest Turkey Herring Kibble,2026-09-21,17:42:55,meta,7+ Years,Small (up to 30lbs),Other
Culinary Harvest Turkey Herring Kibble,2026-10-05,15:31:05,meta,Under One Year,Small (up to 30lbs),Open Farm
Culinary Harvest Turkey Herring Kibble,2026-09-22,14:13:05,meta,7+ Years,Medium (31lbs to 69lbs),Blue Buffalo
Culinary Harvest Turkey Herring Kibble,2026-09-26,21:24:39,smas,1-6 Years,Large (70lbs and over),Purina
Culinary Harvest Turkey Herring Kibble,2026-10-07,20:26:44,smas,1-6 Years,Small (up to 30lbs),Other
Culinary Harvest Turkey Herring Kibble,2026-10-08,01:44:03,smas,1-6 Years,Small (up to 30lbs),Other
Culinary Harvest Turkey Herring Kibble,2026-09-16,20:19:22,meta,7+ Years,Small (up to 30lbs),Wellness Pet Food
Culinary Harvest Turkey Herring Kibble,2026-09-23,21:11:31,smas,7+ Years,Small (up to 30lbs),Other
Culinary Harvest Turkey Herring Kibble,2026-10-09,14:36:15,smas,1-6 Years,Medium (31lbs to 69lbs),Blue Buffalo
Culinary Harvest Turkey Herring Kibble,2026-10-09,19:40:09,smas,7+ Years,Medium (31lbs to 69lbs),Purina
Culinary Harvest Turkey Herring Kibble,2026-09-04,00:22:14,meta,1-6 Years,Medium (31lbs to 69lbs),Stella & Chewy's
Culinary Harvest Turkey Herring Kibble,2026-09-23,22:25:31,meta,7+ Years,Large (70lbs and over),Other
Culinary Harvest Turkey Herring Kibble,2026-10-09,18:06:08,smas,1-6 Years,Medium (31lbs to 69lbs),Taste of the Wild
Culinary Harvest Turkey Herring Kibble,2026-10-09,12:09:30,smas,7+ Years,Medium (31lbs to 69lbs),Other
Culinary Harvest Turkey Herring Kibble,2026-09-12,18:20:57,meta,1-6 Years,Large (70lbs and over),Purina
Culinary Harvest Turkey Herring Kibble,2026-09-24,05:33:19,smas,7+ Years,Small (up to 30lbs),Other
Culinary Harvest Turkey Herring Kibble,2026-10-08,17:11:45,smas,7+ Years,Medium (31lbs to 69lbs),Purina
Culinary Harvest Turkey Herring Kibble,2026-10-09,00:27:10,smas,1-6 Years,Medium (31lbs to 69lbs),Blue Buffalo
Culinary Harvest Turkey Herring Kibble,2026-09-23,22:54:25,smas,7+ Years,Medium (31lbs to 69lbs),Open Farm
Culinary Harvest Turkey Herring Kibble,2026-09-14,16:51:30,meta,1-6 Years,Small (up to 30lbs),Purina
Culinary Harvest Turkey Herring Kibble,2026-10-09,21:35:57,smas,1-6 Years,Small (up to 30lbs),Purina
Culinary Harvest Turkey Herring Kibble,2026-10-08,23:53:40,meta,1-6 Years,Small (up to 30lbs),Blue Buffalo
Culinary Harvest Turkey Herring Kibble,2026-09-26,19:05:48,meta,1-6 Years,Large (70lbs and over),Blue Buffalo
Culinary Harvest Turkey Herring Kibble,2026-09-05,07:55:46,meta,1-6 Years,Small (up to 30lbs),Nutri Source
Culinary Harvest Turkey Herring Kibble,2026-09-14,23:54:52,meta,7+ Years,Small (up to 30lbs),Other
Culinary Harvest Turkey Herring Kibble,2026-09-17,23:19:00,meta,1-6 Years,Large (70lbs and over),Other
Culinary Harvest Turkey Herring Kibble,2026-09-12,04:08:01,meta,7+ Years,Small (up to 30lbs),Other
Culinary Harvest Turkey Herring Kibble,2026-09-15,11:22:16,meta,Under One Year,Large (70lbs and over),Other
Culinary Harvest Turkey Herring Kibble,2026-09-02,14:10:45,meta,7+ Years,Medium (31lbs to 69lbs),Taste of the Wild
Culinary Harvest Turkey Herring Kibble,2026-09-16,01:46:02,meta,7+ Years,Small (up to 30lbs),Hill's Science Diet
Culinary Harvest Turkey Herring Kibble,2026-09-02,20:52:26,meta,Under One Year,Small (up to 30lbs),Other
Culinary Harvest Turkey Herring Kibble,2026-10-08,00:40:39,smas,1-6 Years,Small (up to 30lbs),Blue Buffalo
Culinary Harvest Turkey Herring Kibble,2026-10-07,01:41:04,meta,1-6 Years,Medium (31lbs to 69lbs),Hill's Science Diet
Culinary Harvest Turkey Herring Kibble,2026-09-21,17:47:19,meta,1-6 Years,Large (70lbs and over),Purina
Culinary Harvest Turkey Herring Kibble,2026-09-23,21:55:00,meta,1-6 Years,Medium (31lbs to 69lbs),Open Farm
Culinary Harvest Turkey Herring Kibble,2026-09-26,21:16:17,smas,7+ Years,Large (70lbs and over),Other
Culinary Harvest Turkey Herring Kibble,2026-10-09,00:24:07,smas,1-6 Years,Large (70lbs and over),Hill's Science Diet
Culinary Harvest Turkey Herring Kibble,2026-09-09,20:44:30,smas,Under One Year,Small (up to 30lbs),Other
Culinary Harvest Turkey Herring Kibble,2026-09-15,07:59:44,meta,7+ Years,Small (up to 30lbs),Purina
Culinary Harvest Turkey Herring Kibble,2026-10-05,17:07:01,meta,1-6 Years,Medium (31lbs to 69lbs),Purina
Culinary Harvest Turkey Herring Kibble,2026-09-26,21:21:33,smas,1-6 Years,Medium (31lbs to 69lbs),Other
Culinary Harvest Turkey Herring Kibble,2026-10-06,00:35:31,meta,1-6 Years,Small (up to 30lbs),Purina
Culinary Harvest Turkey Herring Kibble,2026-09-23,20:18:24,meta,7+ Years,Small (up to 30lbs),Other
Culinary Harvest Turkey Herring Kibble,2026-09-14,17:33:33,meta,7+ Years,Medium (31lbs to 69lbs),Purina
Culinary Harvest Turkey Herring Kibble,2026-10-06,15:30:56,meta,1-6 Years,Large (70lbs and over),Taste of the Wild
Culinary Harvest Turkey Herring Kibble,2026-09-02,20:49:27,meta,1-6 Years,Medium (31lbs to 69lbs),Blue Buffalo
Culinary Harvest Turkey Herring Kibble,2026-10-08,15:05:33,smas,7+ Years,Medium (31lbs to 69lbs),Other
Culinary Harvest Turkey Herring Kibble,2026-10-06,18:03:46,smas,7+ Years,Small (up to 30lbs),Taste of the Wild
Culinary Harvest Turkey Herring Kibble,2026-10-08,00:36:48,smas,1-6 Years,Medium (31lbs to 69lbs),Wellness Pet Food
Culinary Harvest Turkey Herring Kibble,2026-09-09,23:59:46,meta,1-6 Years,Small (up to 30lbs),Taste of the Wild
Culinary Harvest Turkey Herring Kibble,2026-10-05,22:42:18,meta,1-6 Years,Small (up to 30lbs),Hill's Science Diet
Culinary Harvest Turkey Herring Kibble,2026-10-07,20:14:32,smas,7+ Years,Small (up to 30lbs),Blue Buffalo
Culinary Harvest Turkey Herring Kibble,2026-10-05,21:54:36,meta,7+ Years,Small (up to 30lbs),Blue Buffalo
Culinary Harvest Turkey Herring Kibble,2026-09-23,21:33:14,smas,7+ Years,Large (70lbs and over),Purina
Culinary Harvest Turkey Herring Kibble,2026-09-09,21:12:06,smas,1-6 Years,Small (up to 30lbs),Hill's Science Diet
Culinary Harvest Turkey Herring Kibble,2026-10-09,22:41:57,smas,1-6 Years,Small (up to 30lbs),Other
Culinary Harvest Turkey Herring Kibble,2026-10-07,20:18:57,smas,7+ Years,Medium (31lbs to 69lbs),Hill's Science Diet
Culinary Harvest Turkey Herring Kibble,2026-10-08,12:35:15,meta,1-6 Years,Small (up to 30lbs),Other
Culinary Harvest Turkey Herring Kibble,2026-09-26,22:24:06,smas,7+ Years,Large (70lbs and over),Purina
Culinary Harvest Turkey Herring Kibble,2026-10-07,22:57:50,smas,1-6 Years,Small (up to 30lbs),Other
Culinary Harvest Turkey Herring Kibble,2026-10-05,22:57:32,meta,1-6 Years,Medium (31lbs to 69lbs),Purina
Culinary Harvest Turkey Herring Kibble,2026-09-02,05:34:26,meta,1-6 Years,Medium (31lbs to 69lbs),Blue Buffalo
Culinary Harvest Turkey Herring Kibble,2026-09-14,02:14:07,meta,1-6 Years,Small (up to 30lbs),Purina
Culinary Harvest Turkey Herring Kibble,2026-10-06,04:30:45,meta,7+ Years,Small (up to 30lbs),Purina
Culinary Harvest Turkey Herring Kibble,2026-09-26,21:35:57,smas,7+ Years,Large (70lbs and over),Purina
Culinary Harvest Turkey Herring Kibble,2026-10-09,01:44:10,meta,1-6 Years,Small (up to 30lbs),Blue Buffalo
Culinary Harvest Turkey Herring Kibble,2026-09-14,05:53:46,meta,7+ Years,Medium (31lbs to 69lbs),Other
Culinary Harvest Turkey Herring Kibble,2026-09-13,15:54:57,meta,1-6 Years,Medium (31lbs to 69lbs),Purina
Culinary Harvest Turkey Herring Kibble,2026-10-08,22:13:28,meta,1-6 Years,Large (70lbs and over),Other
Culinary Harvest Turkey Herring Kibble,2026-10-10,03:31:34,smas,1-6 Years,Small (up to 30lbs),Hill's Science Diet
Culinary Harvest Turkey Herring Kibble,2026-10-06,22:04:00,meta,Under One Year,Small (up to 30lbs),Other
Culinary Harvest Turkey Herring Kibble,2026-09-23,22:30:54,smas,7+ Years,Small (up to 30lbs),Other
Culinary Harvest Turkey Herring Kibble,2026-09-08,19:06:46,smas,1-6 Years,Medium (31lbs to 69lbs),Purina
Culinary Harvest Turkey Herring Kibble,2026-09-03,17:12:13,meta,1-6 Years,Large (70lbs and over),Purina
Culinary Harvest Turkey Herring Kibble,2026-09-10,12:03:58,meta,7+ Years,Small (up to 30lbs),Blue Buffalo
Culinary Harvest Turkey Herring Kibble,2026-09-02,06:01:26,meta,7+ Years,Medium (31lbs to 69lbs),Other
Culinary Harvest Turkey Herring Kibble,2026-09-24,12:48:35,smas,1-6 Years,Small (up to 30lbs),Purina
Culinary Harvest Turkey Herring Kibble,2026-10-09,02:41:43,smas,7+ Years,Small (up to 30lbs),Wellness Pet Food
Culinary Harvest Turkey Herring Kibble,2026-10-07,20:02:20,smas,7+ Years,Large (70lbs and over),Purina
Culinary Harvest Turkey Herring Kibble,2026-09-24,22:09:29,meta,1-6 Years,Medium (31lbs to 69lbs),Purina
Culinary Harvest Turkey Herring Kibble,2026-10-06,18:43:26,smas,1-6 Years,Medium (31lbs to 69lbs),Other
Culinary Harvest Turkey Herring Kibble,2026-10-07,02:11:21,meta,7+ Years,Small (up to 30lbs),Other
Culinary Harvest Turkey Herring Kibble,2026-10-05,22:50:38,meta,1-6 Years,Large (70lbs and over),Hill's Science Diet
Culinary Harvest Turkey Herring Kibble,2026-10-07,14:42:58,meta,1-6 Years,Small (up to 30lbs),Other
Culinary Harvest Turkey Herring Kibble,2026-10-07,21:26:41,smas,7+ Years,Large (70lbs and over),Purina
Culinary Harvest Turkey Herring Kibble,2026-09-21,17:12:05,meta,7+ Years,Small (up to 30lbs),Blue Buffalo
Culinary Harvest Turkey Herring Kibble,2026-09-04,16:55:00,meta,7+ Years,Small (up to 30lbs),Other
Culinary Harvest Turkey Herring Kibble,2026-09-08,16:57:37,meta,1-6 Years,Small (up to 30lbs),Hill's Science Diet
Culinary Harvest Turkey Herring Kibble,2026-09-18,13:24:07,meta,7+ Years,Large (70lbs and over),Purina
Culinary Harvest Turkey Herring Kibble,2026-09-27,00:41:07,smas,7+ Years,Small (up to 30lbs),Hill's Science Diet
Culinary Harvest Turkey Herring Kibble,2026-10-06,17:55:53,smas,7+ Years,Medium (31lbs to 69lbs),Purina
Culinary Harvest Turkey Herring Kibble,2026-10-07,20:27:17,audience_1,1-6 Years,Small (up to 30lbs),Hill's Science Diet
Culinary Harvest Turkey Herring Kibble,2026-10-05,20:03:20,meta,7+ Years,Small (up to 30lbs),Fromm
Culinary Harvest Turkey Herring Kibble,2026-09-02,02:03:38,meta,7+ Years,Medium (31lbs to 69lbs),Purina
Culinary Harvest Turkey Herring Kibble,2026-09-23,22:10:14,smas,7+ Years,Small (up to 30lbs),Open Farm
Culinary Harvest Turkey Herring Kibble,2026-09-11,14:06:33,meta,1-6 Years,Medium (31lbs to 69lbs),Blue Buffalo
Culinary Harvest Turkey Herring Kibble,2026-09-15,20:16:49,meta,7+ Years,Small (up to 30lbs),Other
Culinary Harvest Turkey Herring Kibble,2026-09-08,08:16:19,meta,7+ Years,Small (up to 30lbs),Other
Culinary Harvest Turkey Herring Kibble,2026-09-07,20:31:23,smas,1-6 Years,Small (up to 30lbs),Other
Culinary Harvest Turkey Herring Kibble,2026-09-09,20:39:02,smas,1-6 Years,Medium (31lbs to 69lbs),Other
Culinary Harvest Turkey Herring Kibble,2026-09-23,21:09:54,smas,1-6 Years,Large (70lbs and over),Nutri Source
Culinary Harvest Turkey Herring Kibble,2026-09-23,21:06:01,smas,1-6 Years,Medium (31lbs to 69lbs),Other
Culinary Harvest Turkey Herring Kibble,2026-09-25,14:14:23,meta,7+ Years,Small (up to 30lbs),Purina
Culinary Harvest Turkey Herring Kibble,2026-10-06,15:56:02,meta,1-6 Years,Small (up to 30lbs),Other
Culinary Harvest Turkey Herring Kibble,2026-10-07,06:50:35,smas,1-6 Years,Large (70lbs and over),Wellness Pet Food
Culinary Harvest Turkey Herring Kibble,2026-09-02,04:19:06,meta,1-6 Years,Medium (31lbs to 69lbs),Blue Buffalo
Culinary Harvest Turkey Herring Kibble,2026-10-06,18:35:32,smas,7+ Years,Small (up to 30lbs),Purina
Culinary Harvest Turkey Herring Kibble,2026-09-09,07:13:04,meta,7+ Years,Medium (31lbs to 69lbs),Other
Culinary Harvest Turkey Herring Kibble,2026-10-09,17:26:06,meta,1-6 Years,Large (70lbs and over),Other
Culinary Harvest Turkey Herring Kibble,2026-10-05,15:29:57,meta,7+ Years,Small (up to 30lbs),Purina
Culinary Harvest Turkey Herring Kibble,2026-09-07,17:05:31,smas,1-6 Years,Large (70lbs and over),Other
Culinary Harvest Turkey Herring Kibble,2026-09-05,00:49:38,meta,1-6 Years,Small (up to 30lbs),Hill's Science Diet
Culinary Harvest Turkey Herring Kibble,2026-09-16,00:28:59,meta,7+ Years,Small (up to 30lbs),Other
Culinary Harvest Turkey Herring Kibble,2026-10-05,17:45:01,meta,1-6 Years,Small (up to 30lbs),Purina
Culinary Harvest Turkey Herring Kibble,2026-10-06,23:26:19,meta,Under One Year,Medium (31lbs to 69lbs),Wellness Pet Food
Culinary Harvest Turkey Herring Kibble,2026-09-08,18:01:44,meta,1-6 Years,Medium (31lbs to 69lbs),Other
Culinary Harvest Turkey Herring Kibble,2026-10-08,19:42:50,meta,1-6 Years,Medium (31lbs to 69lbs),Other
Culinary Harvest Turkey Herring Kibble,2026-09-07,21:34:58,smas,7+ Years,Small (up to 30lbs),Nulo
Culinary Harvest Turkey Herring Kibble,2026-09-08,13:40:43,smas,1-6 Years,Small (up to 30lbs),Other
Culinary Harvest Turkey Herring Kibble,2026-09-07,19:04:50,smas,7+ Years,Small (up to 30lbs),Nulo
Culinary Harvest Turkey Herring Kibble,2026-10-08,21:15:43,smas,1-6 Years,Medium (31lbs to 69lbs),Purina
Culinary Harvest Turkey Herring Kibble,2026-10-08,02:57:16,smas,1-6 Years,Medium (31lbs to 69lbs),Wellness Pet Food
Culinary Harvest Turkey Herring Kibble,2026-10-09,23:40:32,meta,1-6 Years,Medium (31lbs to 69lbs),Blue Buffalo
Culinary Harvest Turkey Herring Kibble,2026-09-08,00:24:51,smas,1-6 Years,Small (up to 30lbs),Open Farm
Culinary Harvest Turkey Herring Kibble,2026-10-05,19:21:08,meta,1-6 Years,Small (up to 30lbs),Blue Buffalo
Culinary Harvest Turkey Herring Kibble,2026-09-25,11:20:12,meta,1-6 Years,Medium (31lbs to 69lbs),Purina
Culinary Harvest Turkey Herring Kibble,2026-09-24,23:38:16,meta,1-6 Years,Large (70lbs and over),Blue Buffalo
Culinary Harvest Turkey Herring Kibble,2026-10-06,18:47:51,meta,1-6 Years,Medium (31lbs to 69lbs),Stella & Chewy's
Culinary Harvest Turkey Herring Kibble,2026-09-23,22:35:08,smas,1-6 Years,Large (70lbs and over),Purina
Culinary Harvest Turkey Herring Kibble,2026-09-24,03:26:42,smas,7+ Years,Small (up to 30lbs),Other
Culinary Harvest Turkey Herring Kibble,2026-10-07,20:02:43,smas,Under One Year,Medium (31lbs to 69lbs),Blue Buffalo
Culinary Harvest Turkey Herring Kibble,2026-10-07,21:45:36,smas,1-6 Years,Medium (31lbs to 69lbs),Taste of the Wild
Culinary Harvest Turkey Herring Kibble,2026-10-09,05:14:01,smas,1-6 Years,Small (up to 30lbs),Purina
Culinary Harvest Turkey Herring Kibble,2026-09-07,22:00:50,smas,1-6 Years,Medium (31lbs to 69lbs),Hill's Science Diet
Culinary Harvest Turkey Herring Kibble,2026-09-04,19:55:25,meta,1-6 Years,Large (70lbs and over),Hill's Science Diet
Culinary Harvest Turkey Herring Kibble,2026-09-24,01:54:56,smas,1-6 Years,Small (up to 30lbs),Hill's Science Diet
Culinary Harvest Turkey Herring Kibble,2026-10-07,14:02:48,meta,7+ Years,Small (up to 30lbs),Blue Buffalo
Culinary Harvest Turkey Herring Kibble,2026-09-24,01:43:39,smas,1-6 Years,Large (70lbs and over),Other
Culinary Harvest Turkey Herring Kibble,2026-09-23,22:16:31,meta,7+ Years,Small (up to 30lbs),Other
Culinary Harvest Turkey Herring Kibble,2026-10-08,13:17:00,meta,7+ Years,Small (up to 30lbs),Other
Culinary Harvest Turkey Herring Kibble,2026-10-05,16:08:05,meta,7+ Years,Small (up to 30lbs),Hill's Science Diet
Culinary Harvest Turkey Herring Kibble,2026-09-22,14:36:15,meta,7+ Years,Large (70lbs and over),Purina
Culinary Harvest Turkey Herring Kibble,2026-10-05,20:15:21,meta,1-6 Years,Medium (31lbs to 69lbs),Open Farm
Culinary Harvest Turkey Herring Kibble,2026-09-14,02:46:55,meta,1-6 Years,Medium (31lbs to 69lbs),Blue Buffalo
Culinary Harvest Turkey Herring Kibble,2026-09-07,17:21:10,meta,1-6 Years,Medium (31lbs to 69lbs),Other
Culinary Harvest Turkey Herring Kibble,2026-10-08,23:07:49,smas,Under One Year,Medium (31lbs to 69lbs),Blue Buffalo
Culinary Harvest Turkey Herring Kibble,2026-09-03,01:01:16,meta,1-6 Years,Medium (31lbs to 69lbs),Blue Buffalo
Culinary Harvest Turkey Herring Kibble,2026-09-24,20:08:54,meta,1-6 Years,Large (70lbs and over),Purina
Culinary Harvest Turkey Herring Kibble,2026-10-07,20:15:16,smas,7+ Years,Small (up to 30lbs),Other
Culinary Harvest Turkey Herring Kibble,2026-09-04,18:14:22,meta,1-6 Years,Medium (31lbs to 69lbs),Stella & Chewy's
Culinary Harvest Turkey Herring Kibble,2026-09-15,00:55:08,meta,7+ Years,Small (up to 30lbs),Nulo
Culinary Harvest Turkey Herring Kibble,2026-10-07,19:50:06,smas,7+ Years,Medium (31lbs to 69lbs),Blue Buffalo
Culinary Harvest Turkey Herring Kibble,2026-09-26,00:28:05,meta,1-6 Years,Medium (31lbs to 69lbs),Other
Culinary Harvest Turkey Herring Kibble,2026-09-05,23:45:25,meta,1-6 Years,Medium (31lbs to 69lbs),Other
Culinary Harvest Turkey Herring Kibble,2026-09-07,17:20:28,smas,7+ Years,Small (up to 30lbs),Other
Culinary Harvest Turkey Herring Kibble,2026-10-07,20:45:13,smas,1-6 Years,Large (70lbs and over),Hill's Science Diet
Culinary Harvest Turkey Herring Kibble,2026-09-13,23:50:12,meta,1-6 Years,Medium (31lbs to 69lbs),Purina
Culinary Harvest Turkey Herring Kibble,2026-09-25,10:54:54,meta,7+ Years,Large (70lbs and over),Other
Culinary Harvest Turkey Herring Kibble,2026-10-06,05:04:40,meta,1-6 Years,Small (up to 30lbs),Hill's Science Diet
Culinary Harvest Turkey Herring Kibble,2026-10-08,20:29:36,smas,7+ Years,Small (up to 30lbs),Purina
Culinary Harvest Turkey Herring Kibble,2026-09-23,22:13:18,meta,7+ Years,Medium (31lbs to 69lbs),Other
Culinary Harvest Turkey Herring Kibble,2026-10-10,16:18:50,meta,1-6 Years,Small (up to 30lbs),Other
Culinary Harvest Turkey Herring Kibble,2026-09-21,15:40:14,audience_1,7+ Years,Medium (31lbs to 69lbs),Blue Buffalo
Culinary Harvest Turkey Herring Kibble,2026-09-12,12:29:40,meta,7+ Years,Small (up to 30lbs),Other
Culinary Harvest Turkey Herring Kibble,2026-10-07,23:38:34,smas,1-6 Years,Large (70lbs and over),Blue Buffalo
Culinary Harvest Turkey Herring Kibble,2026-10-07,02:42:28,meta,7+ Years,Small (up to 30lbs),Purina
Culinary Harvest Turkey Herring Kibble,2026-10-06,19:00:55,smas,1-6 Years,Medium (31lbs to 69lbs),Blue Buffalo
Culinary Harvest Turkey Herring Kibble,2026-09-13,02:54:26,meta,Under One Year,Small (up to 30lbs),Other
Culinary Harvest Turkey Herring Kibble,2026-10-05,15:15:35,meta,1-6 Years,Small (up to 30lbs),Purina
Culinary Harvest Turkey Herring Kibble,2026-09-04,20:22:15,meta,7+ Years,Small (up to 30lbs),Other
Culinary Harvest Turkey Herring Kibble,2026-09-23,22:32:30,smas,1-6 Years,Medium (31lbs to 69lbs),Other
Culinary Harvest Turkey Herring Kibble,2026-09-07,17:49:30,smas,1-6 Years,Small (up to 30lbs),Other
Culinary Harvest Turkey Herring Kibble,2026-10-08,21:55:45,smas,1-6 Years,Small (up to 30lbs),Blue Buffalo
Culinary Harvest Turkey Herring Kibble,2026-09-23,21:07:57,smas,7+ Years,Medium (31lbs to 69lbs),Blue Buffalo
Culinary Harvest Turkey Herring Kibble,2026-10-06,23:43:30,meta,1-6 Years,Small (up to 30lbs),Nulo
Culinary Harvest Turkey Herring Kibble,2026-09-05,03:09:09,meta,7+ Years,Large (70lbs and over),Purina
Culinary Harvest Turkey Herring Kibble,2026-09-25,16:32:16,meta,1-6 Years,Medium (31lbs to 69lbs),Purina
Culinary Harvest Turkey Herring Kibble,2026-09-13,16:16:45,meta,1-6 Years,Small (up to 30lbs),Purina
Culinary Harvest Turkey Herring Kibble,2026-09-14,18:28:57,audience_1,7+ Years,Medium (31lbs to 69lbs),Purina
Culinary Harvest Turkey Herring Kibble,2026-10-10,05:26:47,meta,7+ Years,Medium (31lbs to 69lbs),Blue Buffalo
Culinary Harvest Turkey Herring Kibble,2026-09-21,16:44:23,meta,1-6 Years,Small (up to 30lbs),Purina
Culinary Harvest Turkey Herring Kibble,2026-10-10,06:10:08,meta,7+ Years,Small (up to 30lbs),Other
Culinary Harvest Turkey Herring Kibble,2026-10-08,00:03:19,smas,7+ Years,Medium (31lbs to 69lbs),Merrick
Culinary Harvest Turkey Herring Kibble,2026-10-06,01:59:14,meta,1-6 Years,Small (up to 30lbs),Other
Culinary Harvest Turkey Herring Kibble,2026-09-23,21:04:15,smas,1-6 Years,Medium (31lbs to 69lbs),Blue Buffalo
Culinary Harvest Turkey Herring Kibble,2026-09-17,22:46:19,meta,7+ Years,Small (up to 30lbs),Merrick
Culinary Harvest Turkey Herring Kibble,2026-09-09,02:58:15,smas,1-6 Years,Medium (31lbs to 69lbs),Purina
Culinary Harvest Turkey Herring Kibble,2026-10-06,13:01:21,meta,1-6 Years,Small (up to 30lbs),Other
Culinary Harvest Turkey Herring Kibble,2026-10-07,22:16:04,smas,7+ Years,Small (up to 30lbs),Purina
Culinary Harvest Turkey Herring Kibble,2026-10-09,07:34:11,meta,1-6 Years,Medium (31lbs to 69lbs),Other
Culinary Harvest Turkey Herring Kibble,2026-10-06,04:26:13,meta,1-6 Years,Medium (31lbs to 69lbs),Blue Buffalo
Culinary Harvest Turkey Herring Kibble,2026-09-13,12:44:57,audience_1,7+ Years,Medium (31lbs to 69lbs),Other
Culinary Harvest Turkey Herring Kibble,2026-09-07,05:49:57,meta,7+ Years,Large (70lbs and over),Other
Culinary Harvest Turkey Herring Kibble,2026-09-10,20:51:53,meta,7+ Years,Medium (31lbs to 69lbs),Blue Buffalo
Culinary Harvest Turkey Herring Kibble,2026-10-09,05:55:32,smas,7+ Years,Large (70lbs and over),Other
Culinary Harvest Turkey Herring Kibble,2026-10-06,01:48:15,meta,1-6 Years,Large (70lbs and over),Blue Buffalo
Culinary Harvest Turkey Herring Kibble,2026-09-12,17:44:54,meta,1-6 Years,Small (up to 30lbs),Purina
Culinary Harvest Turkey Herring Kibble,2026-10-08,19:38:42,meta,7+ Years,Small (up to 30lbs),Hill's Science Diet
Culinary Harvest Turkey Herring Kibble,2026-09-01,21:57:16,meta,1-6 Years,Large (70lbs and over),Other
Culinary Harvest Turkey Herring Kibble,2026-09-13,18:12:28,audience_1,1-6 Years,Small (up to 30lbs),Other
Culinary Harvest Turkey Herring Kibble,2026-10-08,21:02:31,smas,1-6 Years,Small (up to 30lbs),Purina
Culinary Harvest Turkey Herring Kibble,2026-10-06,01:00:30,meta,1-6 Years,Small (up to 30lbs),Other
Culinary Harvest Turkey Herring Kibble,2026-10-06,22:28:57,meta,7+ Years,Medium (31lbs to 69lbs),Other
Culinary Harvest Turkey Herring Kibble,2026-09-08,22:56:02,smas,7+ Years,Medium (31lbs to 69lbs),Purina
Culinary Harvest Turkey Herring Kibble,2026-09-23,21:08:20,smas,1-6 Years,Small (up to 30lbs),Purina
Culinary Harvest Turkey Herring Kibble,2026-10-08,14:46:17,meta,Under One Year,Small (up to 30lbs),Purina
Culinary Harvest Turkey Herring Kibble,2026-10-08,20:54:32,smas,7+ Years,Small (up to 30lbs),Purina
Culinary Harvest Turkey Herring Kibble,2026-09-23,21:07:40,smas,7+ Years,Medium (31lbs to 69lbs),Purina
Culinary Harvest Turkey Herring Kibble,2026-09-18,23:29:30,audience_1,1-6 Years,Large (70lbs and over),Other
Culinary Harvest Turkey Herring Kibble,2026-10-09,20:28:12,smas,1-6 Years,Small (up to 30lbs),Purina
Culinary Harvest Turkey Herring Kibble,2026-10-07,06:47:48,meta,7+ Years,Medium (31lbs to 69lbs),Purina
Culinary Harvest Turkey Herring Kibble,2026-09-23,22:08:50,smas,1-6 Years,Medium (31lbs to 69lbs),Purina
Culinary Harvest Turkey Herring Kibble,2026-10-05,14:11:47,meta,7+ Years,Small (up to 30lbs),Blue Buffalo
Culinary Harvest Turkey Herring Kibble,2026-09-23,21:09:32,smas,1-6 Years,Small (up to 30lbs),Purina
Culinary Harvest Turkey Herring Kibble,2026-09-02,15:47:11,meta,1-6 Years,Medium (31lbs to 69lbs),Other
Culinary Harvest Turkey Herring Kibble,2026-10-05,21:55:18,meta,1-6 Years,Large (70lbs and over),Taste of the Wild
Culinary Harvest Turkey Herring Kibble,2026-09-11,19:22:30,meta,1-6 Years,Large (70lbs and over),Other
Culinary Harvest Turkey Herring Kibble,2026-10-07,16:39:59,meta,1-6 Years,Small (up to 30lbs),Hill's Science Diet
Culinary Harvest Turkey Herring Kibble,2026-09-05,16:49:55,meta,7+ Years,Small (up to 30lbs),Purina
Culinary Harvest Turkey Herring Kibble,2026-09-07,21:27:10,smas,7+ Years,Medium (31lbs to 69lbs),Other
Culinary Harvest Turkey Herring Kibble,2026-10-07,20:59:55,meta,1-6 Years,Large (70lbs and over),Other
Culinary Harvest Turkey Herring Kibble,2026-09-23,22:06:34,smas,1-6 Years,Large (70lbs and over),Blue Buffalo
Culinary Harvest Turkey Herring Kibble,2026-10-09,02:11:27,smas,1-6 Years,Medium (31lbs to 69lbs),Purina
Culinary Harvest Turkey Herring Kibble,2026-10-08,01:31:56,smas,1-6 Years,Large (70lbs and over),Blue Buffalo
Culinary Harvest Turkey Herring Kibble,2026-10-06,07:41:16,meta,7+ Years,Medium (31lbs to 69lbs),Purina
Culinary Harvest Turkey Herring Kibble,2026-10-08,16:39:59,smas,1-6 Years,Small (up to 30lbs),Other
Culinary Harvest Turkey Herring Kibble,2026-09-10,06:41:47,smas,1-6 Years,Small (up to 30lbs),Hill's Science Diet
Culinary Harvest Turkey Herring Kibble,2026-09-23,22:21:47,smas,7+ Years,Large (70lbs and over),Nutri Source
Culinary Harvest Turkey Herring Kibble,2026-10-07,22:06:19,meta,7+ Years,Large (70lbs and over),Other
Culinary Harvest Turkey Herring Kibble,2026-10-06,17:58:57,smas,7+ Years,Large (70lbs and over),Purina
Culinary Harvest Turkey Herring Kibble,2026-10-06,09:22:32,meta,7+ Years,Large (70lbs and over),Other
Culinary Harvest Turkey Herring Kibble,2026-09-27,12:20:04,smas,7+ Years,Small (up to 30lbs),Hill's Science Diet
Culinary Harvest Turkey Herring Kibble,2026-09-01,20:00:46,meta,7+ Years,Medium (31lbs to 69lbs),Other
Culinary Harvest Turkey Herring Kibble,2026-10-05,21:34:06,meta,7+ Years,Medium (31lbs to 69lbs),Hill's Science Diet
Culinary Harvest Turkey Herring Kibble,2026-09-24,00:19:05,smas,Under One Year,Small (up to 30lbs),Other
Culinary Harvest Turkey Herring Kibble,2026-10-08,23:16:38,smas,1-6 Years,Small (up to 30lbs),Purina
Culinary Harvest Turkey Herring Kibble,2026-09-23,21:56:45,smas,1-6 Years,Medium (31lbs to 69lbs),Other
Culinary Harvest Turkey Herring Kibble,2026-09-16,17:34:14,audience_1,1-6 Years,Medium (31lbs to 69lbs),Other
Culinary Harvest Turkey Herring Kibble,2026-10-06,17:49:15,smas,7+ Years,Small (up to 30lbs),Open Farm
Culinary Harvest Turkey Herring Kibble,2026-09-05,21:38:15,meta,7+ Years,Medium (31lbs to 69lbs),Blue Buffalo
Culinary Harvest Turkey Herring Kibble,2026-09-23,21:17:18,smas,7+ Years,Small (up to 30lbs),Blue Buffalo
Culinary Harvest Turkey Herring Kibble,2026-09-02,03:28:12,meta,1-6 Years,Medium (31lbs to 69lbs),Other
Culinary Harvest Turkey Herring Kibble,2026-10-08,20:53:23,smas,7+ Years,Medium (31lbs to 69lbs),Taste of the Wild
Culinary Harvest Turkey Herring Kibble,2026-09-22,03:33:31,meta,1-6 Years,Medium (31lbs to 69lbs),Other
Culinary Harvest Turkey Herring Kibble,2026-10-06,01:34:33,meta,1-6 Years,Small (up to 30lbs),Other
Culinary Harvest Turkey Herring Kibble,2026-09-07,17:02:19,smas,1-6 Years,Small (up to 30lbs),Other
Culinary Harvest Turkey Herring Kibble,2026-09-26,21:56:21,smas,1-6 Years,Large (70lbs and over),Other
Culinary Harvest Turkey Herring Kibble,2026-09-09,20:54:10,smas,1-6 Years,Large (70lbs and over),Other
Culinary Harvest Turkey Herring Kibble,2026-09-15,04:54:26,meta,1-6 Years,Medium (31lbs to 69lbs),Other
Culinary Harvest Turkey Herring Kibble,2026-10-06,19:30:33,smas,7+ Years,Small (up to 30lbs),Hill's Science Diet
Culinary Harvest Turkey Herring Kibble,2026-09-06,20:21:43,meta,7+ Years,Large (70lbs and over),Hill's Science Diet
Culinary Harvest Turkey Herring Kibble,2026-09-15,05:44:01,audience_1,1-6 Years,Medium (31lbs to 69lbs),Purina
Culinary Harvest Turkey Herring Kibble,2026-09-07,17:17:08,smas,7+ Years,Medium (31lbs to 69lbs),Other
Culinary Harvest Turkey Herring Kibble,2026-09-15,14:13:47,meta,1-6 Years,Small (up to 30lbs),Wellness Pet Food
Culinary Harvest Turkey Herring Kibble,2026-10-07,21:55:56,smas,7+ Years,Medium (31lbs to 69lbs),Purina
Culinary Harvest Turkey Herring Kibble,2026-10-08,21:52:03,smas,1-6 Years,Large (70lbs and over),Other
Culinary Harvest Turkey Herring Kibble,2026-09-02,17:13:00,meta,7+ Years,Large (70lbs and over),Purina
Culinary Harvest Turkey Herring Kibble,2026-09-23,21:04:52,smas,1-6 Years,Small (up to 30lbs),Purina
Culinary Harvest Turkey Herring Kibble,2026-09-12,20:44:54,meta,1-6 Years,Medium (31lbs to 69lbs),Other
Culinary Harvest Turkey Herring Kibble,2026-10-08,22:28:16,smas,1-6 Years,Medium (31lbs to 69lbs),Blue Buffalo
Culinary Harvest Turkey Herring Kibble,2026-10-07,19:53:40,smas,1-6 Years,Medium (31lbs to 69lbs),Other
Culinary Harvest Turkey Herring Kibble,2026-10-06,19:09:15,smas,1-6 Years,Small (up to 30lbs),Blue Buffalo
Culinary Harvest Turkey Herring Kibble,2026-09-15,19:24:40,smas,1-6 Years,Medium (31lbs to 69lbs),Purina
Culinary Harvest Turkey Herring Kibble,2026-09-02,10:14:33,meta,7+ Years,Small (up to 30lbs),Purina
Culinary Harvest Turkey Herring Kibble,2026-10-07,19:59:27,smas,7+ Years,Medium (31lbs to 69lbs),Purina
Culinary Harvest Turkey Herring Kibble,2026-09-07,21:57:06,smas,1-6 Years,Small (up to 30lbs),Other
Culinary Harvest Turkey Herring Kibble,2026-10-06,18:46:05,smas,1-6 Years,Large (70lbs and over),Other
Culinary Harvest Turkey Herring Kibble,2026-09-12,23:06:57,meta,1-6 Years,Medium (31lbs to 69lbs),Hill's Science Diet
Culinary Harvest Turkey Herring Kibble,2026-09-24,14:58:02,meta,1-6 Years,Large (70lbs and over),Purina
Culinary Harvest Turkey Herring Kibble,2026-09-22,19:32:37,meta,7+ Years,Medium (31lbs to 69lbs),Purina
Culinary Harvest Turkey Herring Kibble,2026-10-06,19:40:54,meta,1-6 Years,Large (70lbs and over),Purina
Culinary Harvest Turkey Herring Kibble,2026-09-09,22:46:49,smas,7+ Years,Small (up to 30lbs),Fromm
Culinary Harvest Turkey Herring Kibble,2026-09-16,20:38:56,meta,1-6 Years,Medium (31lbs to 69lbs),Hill's Science Diet
Culinary Harvest Turkey Herring Kibble,2026-09-24,07:32:18,smas,7+ Years,Medium (31lbs to 69lbs),Purina
Culinary Harvest Turkey Herring Kibble,2026-09-22,14:54:03,meta,1-6 Years,Small (up to 30lbs),Purina
Culinary Harvest Turkey Herring Kibble,2026-09-23,22:24:54,smas,1-6 Years,Medium (31lbs to 69lbs),Purina
Culinary Harvest Turkey Herring Kibble,2026-09-24,13:31:52,smas,1-6 Years,Medium (31lbs to 69lbs),Other
Culinary Harvest Turkey Herring Kibble,2026-09-15,07:26:39,audience_1,7+ Years,Medium (31lbs to 69lbs),Hill's Science Diet
Culinary Harvest Turkey Herring Kibble,2026-10-08,08:18:24,smas,1-6 Years,Small (up to 30lbs),Other
Culinary Harvest Turkey Herring Kibble,2026-10-08,21:13:51,smas,7+ Years,Large (70lbs and over),Purina
Culinary Harvest Turkey Herring Kibble,2026-10-08,00:09:05,smas,7+ Years,Small (up to 30lbs),Purina
Culinary Harvest Turkey Herring Kibble,2026-09-07,18:49:51,smas,7+ Years,Small (up to 30lbs),Other
Culinary Harvest Turkey Herring Kibble,2026-09-24,14:49:38,smas,1-6 Years,Medium (31lbs to 69lbs),Purina
Culinary Harvest Turkey Herring Kibble,2026-10-05,23:49:45,meta,1-6 Years,Small (up to 30lbs),Purina
Culinary Harvest Turkey Herring Kibble,2026-10-07,20:07:38,smas,7+ Years,Medium (31lbs to 69lbs),Other
Culinary Harvest Turkey Herring Kibble,2026-09-15,16:58:05,meta,7+ Years,Small (up to 30lbs),Purina
Culinary Harvest Turkey Herring Kibble,2026-09-02,21:44:16,meta,7+ Years,Small (up to 30lbs),Hill's Science Diet
Culinary Harvest Turkey Herring Kibble,2026-09-07,20:35:47,smas,7+ Years,Small (up to 30lbs),Blue Buffalo
Culinary Harvest Turkey Herring Kibble,2026-09-25,22:37:23,meta,1-6 Years,Medium (31lbs to 69lbs),Other
Culinary Harvest Turkey Herring Kibble,2026-10-06,18:11:46,smas,1-6 Years,Small (up to 30lbs),Purina
Culinary Harvest Turkey Herring Kibble,2026-09-24,19:58:13,smas,1-6 Years,Medium (31lbs to 69lbs),Other
Culinary Harvest Turkey Herring Kibble,2026-09-23,21:14:36,smas,7+ Years,Medium (31lbs to 69lbs),Purina
Culinary Harvest Turkey Herring Kibble,2026-10-06,02:33:45,meta,1-6 Years,Small (up to 30lbs),Blue Buffalo
Culinary Harvest Turkey Herring Kibble,2026-09-14,10:58:37,meta,1-6 Years,Large (70lbs and over),Purina
Culinary Harvest Turkey Herring Kibble,2026-10-05,18:54:21,meta,7+ Years,Small (up to 30lbs),Wellness Pet Food
Culinary Harvest Turkey Herring Kibble,2026-10-06,19:47:12,smas,1-6 Years,Small (up to 30lbs),Blue Buffalo
Culinary Harvest Turkey Herring Kibble,2026-09-11,23:06:50,meta,7+ Years,Large (70lbs and over),Purina
Culinary Harvest Turkey Herring Kibble,2026-09-16,15:30:11,meta,7+ Years,Medium (31lbs to 69lbs),Hill's Science Diet
Culinary Harvest Turkey Herring Kibble,2026-10-05,18:48:10,meta,1-6 Years,Small (up to 30lbs),Blue Buffalo
Culinary Harvest Turkey Herring Kibble,2026-09-23,23:08:59,smas,1-6 Years,Medium (31lbs to 69lbs),Hill's Science Diet
Culinary Harvest Turkey Herring Kibble,2026-09-12,23:30:22,meta,1-6 Years,Large (70lbs and over),Purina
Culinary Harvest Turkey Herring Kibble,2026-09-02,02:56:43,meta,7+ Years,Small (up to 30lbs),Purina
Culinary Harvest Turkey Herring Kibble,2026-10-07,22:55:32,meta,7+ Years,Small (up to 30lbs),Other
Culinary Harvest Turkey Herring Kibble,2026-10-07,19:58:51,smas,7+ Years,Small (up to 30lbs),Purina
Culinary Harvest Turkey Herring Kibble,2026-09-25,21:22:36,meta,1-6 Years,Small (up to 30lbs),Nulo
Culinary Harvest Turkey Herring Kibble,2026-09-06,16:03:42,meta,7+ Years,Medium (31lbs to 69lbs),Purina
Culinary Harvest Turkey Herring Kibble,2026-09-17,16:39:42,meta,1-6 Years,Medium (31lbs to 69lbs),Blue Buffalo
Culinary Harvest Turkey Herring Kibble,2026-10-07,19:54:23,smas,1-6 Years,Small (up to 30lbs),Other
Culinary Harvest Turkey Herring Kibble,2026-09-07,20:34:32,smas,1-6 Years,Medium (31lbs to 69lbs),Blue Buffalo
Culinary Harvest Turkey Herring Kibble,2026-10-06,19:39:06,smas,7+ Years,Small (up to 30lbs),Purina
Culinary Harvest Turkey Herring Kibble,2026-09-15,13:34:11,audience_1,1-6 Years,Medium (31lbs to 69lbs),Purina
Culinary Harvest Turkey Herring Kibble,2026-10-07,23:58:35,smas,1-6 Years,Large (70lbs and over),Other
Culinary Harvest Turkey Herring Kibble,2026-09-04,19:54:44,meta,Under One Year,Large (70lbs and over),Other
Culinary Harvest Turkey Herring Kibble,2026-09-07,22:37:42,smas,7+ Years,Medium (31lbs to 69lbs),Purina
Culinary Harvest Turkey Herring Kibble,2026-10-07,06:04:45,meta,7+ Years,Small (up to 30lbs),Purina
Culinary Harvest Turkey Herring Kibble,2026-10-05,16:33:42,meta,1-6 Years,Large (70lbs and over),Other
Culinary Harvest Turkey Herring Kibble,2026-09-12,13:58:25,meta,7+ Years,Large (70lbs and over),Purina
Culinary Harvest Turkey Herring Kibble,2026-09-17,17:49:57,meta,1-6 Years,Medium (31lbs to 69lbs),Purina
Culinary Harvest Turkey Herring Kibble,2026-10-06,19:28:03,smas,1-6 Years,Small (up to 30lbs),Wellness Pet Food
Culinary Harvest Turkey Herring Kibble,2026-09-17,02:33:36,meta,1-6 Years,Small (up to 30lbs),Other
Culinary Harvest Turkey Herring Kibble,2026-09-05,20:51:50,meta,1-6 Years,Small (up to 30lbs),Hill's Science Diet
Culinary Harvest Turkey Herring Kibble,2026-09-01,14:49:28,meta,1-6 Years,Small (up to 30lbs),Nulo
Culinary Harvest Turkey Herring Kibble,2026-10-06,15:23:17,meta,1-6 Years,Large (70lbs and over),Purina
Culinary Harvest Turkey Herring Kibble,2026-09-02,14:54:13,meta,1-6 Years,Small (up to 30lbs),Open Farm
Culinary Harvest Turkey Herring Kibble,2026-09-16,14:25:42,meta,1-6 Years,Small (up to 30lbs),Wellness Pet Food
Culinary Harvest Turkey Herring Kibble,2026-10-07,00:23:37,smas,1-6 Years,Medium (31lbs to 69lbs),Purina
Culinary Harvest Turkey Herring Kibble,2026-09-02,02:50:55,meta,7+ Years,Large (70lbs and over),Other
Culinary Harvest Turkey Herring Kibble,2026-09-17,11:33:03,meta,1-6 Years,Medium (31lbs to 69lbs),Purina
Culinary Harvest Turkey Herring Kibble,2026-09-23,21:50:48,smas,1-6 Years,Small (up to 30lbs),Blue Buffalo
Culinary Harvest Turkey Herring Kibble,2026-09-23,16:16:43,meta,7+ Years,Small (up to 30lbs),Purina
Culinary Harvest Turkey Herring Kibble,2026-10-07,05:47:40,meta,1-6 Years,Medium (31lbs to 69lbs),Other
Culinary Harvest Turkey Herring Kibble,2026-10-08,00:27:28,smas,1-6 Years,Medium (31lbs to 69lbs),Purina
Culinary Harvest Turkey Herring Kibble,2026-10-07,23:44:24,smas,7+ Years,Small (up to 30lbs),Other
Culinary Harvest Turkey Herring Kibble,2026-09-06,01:47:08,meta,1-6 Years,Medium (31lbs to 69lbs),Other
Culinary Harvest Turkey Herring Kibble,2026-10-07,03:34:46,meta,1-6 Years,Medium (31lbs to 69lbs),Other
Culinary Harvest Turkey Herring Kibble,2026-10-07,18:36:45,meta,1-6 Years,Small (up to 30lbs),Other
Culinary Harvest Turkey Herring Kibble,2026-10-05,21:41:50,meta,7+ Years,Large (70lbs and over),Blue Buffalo
Culinary Harvest Turkey Herring Kibble,2026-10-09,23:25:30,meta,Under One Year,Medium (31lbs to 69lbs),Purina
Culinary Harvest Turkey Herring Kibble,2026-10-06,17:52:53,smas,1-6 Years,Large (70lbs and over),Taste of the Wild
Culinary Harvest Turkey Herring Kibble,2026-10-08,20:57:41,smas,7+ Years,Medium (31lbs to 69lbs),Hill's Science Diet
Culinary Harvest Turkey Herring Kibble,2026-09-01,15:37:06,meta,7+ Years,Small (up to 30lbs),Merrick
Culinary Harvest Turkey Herring Kibble,2026-09-05,20:41:24,meta,7+ Years,Small (up to 30lbs),Other
Culinary Harvest Turkey Herring Kibble,2026-09-01,20:46:43,meta,7+ Years,Large (70lbs and over),Other
Culinary Harvest Turkey Herring Kibble,2026-10-07,03:26:04,meta,1-6 Years,Small (up to 30lbs),Hill's Science Diet
Culinary Harvest Turkey Herring Kibble,2026-10-10,17:26:28,smas,7+ Years,Small (up to 30lbs),Wellness Pet Food
Culinary Harvest Turkey Herring Kibble,2026-09-07,17:40:55,smas,1-6 Years,Small (up to 30lbs),Hill's Science Diet
Culinary Harvest Turkey Herring Kibble,2026-09-23,21:19:29,smas,7+ Years,Small (up to 30lbs),Other
Culinary Harvest Turkey Herring Kibble,2026-10-05,22:32:19,meta,1-6 Years,Medium (31lbs to 69lbs),Purina
Culinary Harvest Turkey Herring Kibble,2026-09-09,20:38:23,smas,7+ Years,Small (up to 30lbs),Wellness Pet Food
Culinary Harvest Turkey Herring Kibble,2026-10-06,16:43:26,meta,1-6 Years,Small (up to 30lbs),Other
Culinary Harvest Turkey Herring Kibble,2026-09-13,20:43:55,meta,7+ Years,Medium (31lbs to 69lbs),Other
Culinary Harvest Turkey Herring Kibble,2026-09-08,03:19:12,smas,1-6 Years,Medium (31lbs to 69lbs),Purina
Culinary Harvest Turkey Herring Kibble,2026-09-24,03:16:08,smas,1-6 Years,Medium (31lbs to 69lbs),Nutri Source
Culinary Harvest Turkey Herring Kibble,2026-09-06,18:54:11,meta,7+ Years,Small (up to 30lbs),Other
Culinary Harvest Turkey Herring Kibble,2026-10-05,20:57:53,meta,1-6 Years,Large (70lbs and over),Blue Buffalo
Culinary Harvest Turkey Herring Kibble,2026-10-06,06:35:02,meta,Under One Year,Large (70lbs and over),Blue Buffalo
Culinary Harvest Turkey Herring Kibble,2026-09-15,02:18:26,meta,1-6 Years,Medium (31lbs to 69lbs),Nutri Source
Culinary Harvest Turkey Herring Kibble,2026-10-06,23:22:36,smas,1-6 Years,Small (up to 30lbs),Other
Culinary Harvest Turkey Herring Kibble,2026-09-23,02:40:38,meta,1-6 Years,Small (up to 30lbs),Purina
Culinary Harvest Turkey Herring Kibble,2026-09-11,19:38:38,meta,1-6 Years,Medium (31lbs to 69lbs),Blue Buffalo
Culinary Harvest Turkey Herring Kibble,2026-09-22,22:53:59,meta,7+ Years,Medium (31lbs to 69lbs),Hill's Science Diet
Culinary Harvest Turkey Herring Kibble,2026-10-08,15:21:02,meta,1-6 Years,Large (70lbs and over),Other
Culinary Harvest Turkey Herring Kibble,2026-10-06,18:23:42,smas,1-6 Years,Small (up to 30lbs),Purina
Culinary Harvest Turkey Herring Kibble,2026-10-08,22:40:50,smas,7+ Years,Small (up to 30lbs),Nulo
Culinary Harvest Turkey Herring Kibble,2026-10-07,21:08:04,smas,7+ Years,Medium (31lbs to 69lbs),Blue Buffalo
Culinary Harvest Turkey Herring Kibble,2026-10-07,05:34:54,meta,1-6 Years,Small (up to 30lbs),Other
Culinary Harvest Turkey Herring Kibble,2026-09-09,14:55:12,meta,Under One Year,Small (up to 30lbs),Other
Culinary Harvest Turkey Herring Kibble,2026-09-15,22:38:49,meta,1-6 Years,Small (up to 30lbs),Purina
Culinary Harvest Turkey Herring Kibble,2026-10-06,20:06:25,meta,7+ Years,Small (up to 30lbs),Other
Culinary Harvest Turkey Herring Kibble,2026-09-27,18:32:44,smas,7+ Years,Small (up to 30lbs),Blue Buffalo
Culinary Harvest Turkey Herring Kibble,2026-09-16,13:42:58,meta,7+ Years,Medium (31lbs to 69lbs),Purina
Culinary Harvest Turkey Herring Kibble,2026-10-08,18:03:15,meta,7+ Years,Small (up to 30lbs),Other
Culinary Harvest Turkey Herring Kibble,2026-09-23,21:13:05,smas,1-6 Years,Small (up to 30lbs),Purina
Culinary Harvest Turkey Herring Kibble,2026-10-05,19:08:47,meta,1-6 Years,Large (70lbs and over),Purina
Culinary Harvest Turkey Herring Kibble,2026-09-08,00:40:35,meta,1-6 Years,Large (70lbs and over),Blue Buffalo
Culinary Harvest Turkey Herring Kibble,2026-09-27,06:13:20,smas,1-6 Years,Small (up to 30lbs),Purina
Culinary Harvest Turkey Herring Kibble,2026-09-09,20:47:22,smas,1-6 Years,Large (70lbs and over),Other
Culinary Harvest Turkey Herring Kibble,2026-10-08,21:41:53,smas,7+ Years,Small (up to 30lbs),Purina
Culinary Harvest Turkey Herring Kibble,2026-10-06,15:20:48,meta,1-6 Years,Small (up to 30lbs),Purina
Culinary Harvest Turkey Herring Kibble,2026-10-07,15:33:43,meta,1-6 Years,Medium (31lbs to 69lbs),Other
Culinary Harvest Turkey Herring Kibble,2026-09-15,12:40:08,meta,Under One Year,Medium (31lbs to 69lbs),Purina
Culinary Harvest Turkey Herring Kibble,2026-10-06,14:39:23,meta,1-6 Years,Small (up to 30lbs),Other
Culinary Harvest Turkey Herring Kibble,2026-09-03,22:45:35,meta,7+ Years,Medium (31lbs to 69lbs),Other
Culinary Harvest Turkey Herring Kibble,2026-09-26,21:43:35,smas,1-6 Years,Small (up to 30lbs),Blue Buffalo
Culinary Harvest Turkey Herring Kibble,2026-10-06,18:34:29,smas,7+ Years,Small (up to 30lbs),Purina
Culinary Harvest Turkey Herring Kibble,2026-09-04,00:38:32,audience_1,7+ Years,Small (up to 30lbs),Purina
Culinary Harvest Turkey Herring Kibble,2026-10-07,18:38:37,meta,1-6 Years,Large (70lbs and over),Other
Culinary Harvest Turkey Herring Kibble,2026-09-24,19:16:05,meta,7+ Years,Small (up to 30lbs),Hill's Science Diet
Culinary Harvest Turkey Herring Kibble,2026-09-16,19:21:02,meta,1-6 Years,Small (up to 30lbs),Other
Culinary Harvest Turkey Herring Kibble,2026-10-05,17:46:10,meta,1-6 Years,Medium (31lbs to 69lbs),Orijen
Culinary Harvest Turkey Herring Kibble,2026-10-08,02:59:47,meta,1-6 Years,Large (70lbs and over),Purina
Culinary Harvest Turkey Herring Kibble,2026-09-07,17:49:35,smas,1-6 Years,Small (up to 30lbs),Nulo
Culinary Harvest Turkey Herring Kibble,2026-10-05,14:42:04,meta,1-6 Years,Small (up to 30lbs),Purina
Culinary Harvest Turkey Herring Kibble,2026-10-06,21:04:42,smas,7+ Years,Large (70lbs and over),Other
Culinary Harvest Turkey Herring Kibble,2026-09-04,17:32:48,meta,7+ Years,Large (70lbs and over),Blue Buffalo
Culinary Harvest Turkey Herring Kibble,2026-10-05,17:29:35,meta,7+ Years,Medium (31lbs to 69lbs),Other
Culinary Harvest Turkey Herring Kibble,2026-09-26,21:11:28,smas,Under One Year,Small (up to 30lbs),Wellness Pet Food
Culinary Harvest Turkey Herring Kibble,2026-10-06,09:55:30,meta,1-6 Years,Medium (31lbs to 69lbs),Blue Buffalo
Culinary Harvest Turkey Herring Kibble,2026-09-13,00:00:09,meta,7+ Years,Medium (31lbs to 69lbs),Other
Culinary Harvest Turkey Herring Kibble,2026-09-05,17:57:40,meta,1-6 Years,Medium (31lbs to 69lbs),Other
Culinary Harvest Turkey Herring Kibble,2026-09-02,06:31:22,meta,7+ Years,Large (70lbs and over),Wellness Pet Food
Culinary Harvest Turkey Herring Kibble,2026-09-23,21:46:48,smas,1-6 Years,Medium (31lbs to 69lbs),Hill's Science Diet
Culinary Harvest Turkey Herring Kibble,2026-09-16,03:58:36,audience_1,1-6 Years,Medium (31lbs to 69lbs),Other
Culinary Harvest Turkey Herring Kibble,2026-09-23,21:47:20,smas,7+ Years,Small (up to 30lbs),Other
Culinary Harvest Turkey Herring Kibble,2026-09-24,22:12:53,meta,1-6 Years,Medium (31lbs to 69lbs),Purina
Culinary Harvest Turkey Herring Kibble,2026-09-07,18:43:26,smas,1-6 Years,Large (70lbs and over),Other
Culinary Harvest Turkey Herring Kibble,2026-10-06,23:27:03,meta,7+ Years,Medium (31lbs to 69lbs),Other
Culinary Harvest Turkey Herring Kibble,2026-09-24,16:22:00,smas,1-6 Years,Medium (31lbs to 69lbs),Purina
Culinary Harvest Turkey Herring Kibble,2026-09-23,21:07:17,smas,7+ Years,Medium (31lbs to 69lbs),Purina
Culinary Harvest Turkey Herring Kibble,2026-09-14,20:40:08,meta,7+ Years,Small (up to 30lbs),Purina
Culinary Harvest Turkey Herring Kibble,2026-09-02,23:43:11,meta,7+ Years,Medium (31lbs to 69lbs),Purina
Culinary Harvest Turkey Herring Kibble,2026-10-06,18:33:44,smas,1-6 Years,Small (up to 30lbs),Hill's Science Diet
Culinary Harvest Turkey Herring Kibble,2026-09-11,02:30:53,smas,7+ Years,Medium (31lbs to 69lbs),Purina
Culinary Harvest Turkey Herring Kibble,2026-09-07,22:51:56,smas,1-6 Years,Medium (31lbs to 69lbs),Nutri Source
Culinary Harvest Turkey Herring Kibble,2026-10-08,03:16:51,meta,7+ Years,Medium (31lbs to 69lbs),Blue Buffalo
Culinary Harvest Turkey Herring Kibble,2026-09-24,19:40:39,meta,1-6 Years,Medium (31lbs to 69lbs),Purina
Culinary Harvest Turkey Herring Kibble,2026-10-08,21:35:51,smas,7+ Years,Small (up to 30lbs),Purina
Culinary Harvest Turkey Herring Kibble,2026-09-13,00:01:18,meta,1-6 Years,Medium (31lbs to 69lbs),Purina
Culinary Harvest Turkey Herring Kibble,2026-10-05,15:50:34,meta,7+ Years,Small (up to 30lbs),Other
Culinary Harvest Turkey Herring Kibble,2026-10-09,04:17:57,meta,1-6 Years,Small (up to 30lbs),Other
Culinary Harvest Turkey Herring Kibble,2026-10-08,22:02:08,smas,1-6 Years,Large (70lbs and over),Other
Culinary Harvest Turkey Herring Kibble,2026-09-21,16:19:05,meta,1-6 Years,Large (70lbs and over),Nutri Source
Culinary Harvest Turkey Herring Kibble,2026-10-05,16:46:16,meta,1-6 Years,Medium (31lbs to 69lbs),Other
Culinary Harvest Turkey Herring Kibble,2026-10-07,20:23:42,smas,7+ Years,Large (70lbs and over),Blue Buffalo
Culinary Harvest Turkey Herring Kibble,2026-10-08,20:58:53,smas,1-6 Years,Small (up to 30lbs),Purina
Culinary Harvest Turkey Herring Kibble,2026-10-08,01:11:27,smas,7+ Years,Small (up to 30lbs),Wellness Pet Food
Culinary Harvest Turkey Herring Kibble,2026-10-09,17:49:33,smas,7+ Years,Medium (31lbs to 69lbs),Other
Culinary Harvest Turkey Herring Kibble,2026-09-27,04:47:17,smas,1-6 Years,Small (up to 30lbs),Blue Buffalo
Culinary Harvest Turkey Herring Kibble,2026-09-06,12:13:16,meta,1-6 Years,Small (up to 30lbs),Purina
Culinary Harvest Turkey Herring Kibble,2026-10-10,12:38:42,meta,7+ Years,Large (70lbs and over),Blue Buffalo
Culinary Harvest Turkey Herring Kibble,2026-10-07,23:43:48,smas,7+ Years,Small (up to 30lbs),Hill's Science Diet
Culinary Harvest Turkey Herring Kibble,2026-09-22,11:15:09,meta,1-6 Years,Small (up to 30lbs),Other
Culinary Harvest Turkey Herring Kibble,2026-10-07,20:31:36,smas,1-6 Years,Medium (31lbs to 69lbs),Purina
Culinary Harvest Turkey Herring Kibble,2026-10-06,22:30:01,meta,1-6 Years,Small (up to 30lbs),Purina
Culinary Harvest Turkey Herring Kibble,2026-09-23,21:05:33,smas,1-6 Years,Medium (31lbs to 69lbs),Blue Buffalo
Culinary Harvest Turkey Herring Kibble,2026-10-05,18:45:51,meta,1-6 Years,Medium (31lbs to 69lbs),Purina
Culinary Harvest Turkey Herring Kibble,2026-09-07,18:50:30,smas,1-6 Years,Large (70lbs and over),Other
Culinary Harvest Turkey Herring Kibble,2026-10-10,04:33:13,meta,7+ Years,Small (up to 30lbs),Other
Culinary Harvest Turkey Herring Kibble,2026-09-14,15:43:41,meta,7+ Years,Small (up to 30lbs),Other
Culinary Harvest Turkey Herring Kibble,2026-09-02,01:25:27,meta,7+ Years,Large (70lbs and over),Purina
Culinary Harvest Turkey Herring Kibble,2026-10-06,18:26:08,smas,1-6 Years,Medium (31lbs to 69lbs),Blue Buffalo
Culinary Harvest Turkey Herring Kibble,2026-09-15,13:06:03,audience_1,1-6 Years,Medium (31lbs to 69lbs),Nutri Source
Culinary Harvest Turkey Herring Kibble,2026-09-17,21:50:47,audience_1,1-6 Years,Medium (31lbs to 69lbs),Other
Culinary Harvest Turkey Herring Kibble,2026-09-08,00:46:49,smas,7+ Years,Large (70lbs and over),Purina
Culinary Harvest Turkey Herring Kibble,2026-09-03,04:31:24,meta,1-6 Years,Medium (31lbs to 69lbs),Other
Culinary Harvest Turkey Herring Kibble,2026-09-07,23:08:38,smas,1-6 Years,Medium (31lbs to 69lbs),Wellness Pet Food
Culinary Harvest Turkey Herring Kibble,2026-10-05,17:18:41,meta,1-6 Years,Small (up to 30lbs),Hill's Science Diet
Culinary Harvest Turkey Herring Kibble,2026-09-08,05:02:16,smas,7+ Years,Large (70lbs and over),Hill's Science Diet
Culinary Harvest Turkey Herring Kibble,2026-09-24,00:51:00,smas,1-6 Years,Medium (31lbs to 69lbs),Purina
Culinary Harvest Turkey Herring Kibble,2026-10-05,23:08:06,meta,1-6 Years,Small (up to 30lbs),Other
Culinary Harvest Turkey Herring Kibble,2026-10-07,00:42:52,meta,7+ Years,Small (up to 30lbs),Hill's Science Diet
Culinary Harvest Turkey Herring Kibble,2026-09-07,10:23:32,meta,Under One Year,Medium (31lbs to 69lbs),Purina
Culinary Harvest Turkey Herring Kibble,2026-09-23,21:13:51,smas,1-6 Years,Small (up to 30lbs),Other
Culinary Harvest Turkey Herring Kibble,2026-09-04,18:14:00,meta,7+ Years,Small (up to 30lbs),Other
Culinary Harvest Turkey Herring Kibble,2026-10-06,22:42:41,smas,7+ Years,Small (up to 30lbs),Hill's Science Diet
Culinary Harvest Turkey Herring Kibble,2026-09-09,20:34:34,smas,7+ Years,Large (70lbs and over),Purina
Culinary Harvest Turkey Herring Kibble,2026-10-05,16:50:30,meta,7+ Years,Small (up to 30lbs),Purina
Culinary Harvest Turkey Herring Kibble,2026-09-07,23:27:15,smas,1-6 Years,Small (up to 30lbs),Nutri Source
Culinary Harvest Turkey Herring Kibble,2026-09-24,01:44:35,meta,7+ Years,Large (70lbs and over),Purina
Culinary Harvest Turkey Herring Kibble,2026-09-23,21:05:01,smas,1-6 Years,Medium (31lbs to 69lbs),Other
Culinary Harvest Turkey Herring Kibble,2026-09-25,15:51:09,meta,1-6 Years,Large (70lbs and over),Purina
Culinary Harvest Turkey Herring Kibble,2026-09-13,22:17:00,meta,1-6 Years,Small (up to 30lbs),Hill's Science Diet
Culinary Harvest Turkey Herring Kibble,2026-09-24,03:26:20,meta,7+ Years,Small (up to 30lbs),Other
Culinary Harvest Turkey Herring Kibble,2026-10-06,18:27:08,smas,1-6 Years,Large (70lbs and over),Purina
Culinary Harvest Turkey Herring Kibble,2026-10-06,22:06:25,smas,1-6 Years,Medium (31lbs to 69lbs),Purina
Culinary Harvest Turkey Herring Kibble,2026-10-07,01:22:39,smas,7+ Years,Large (70lbs and over),Merrick
Culinary Harvest Turkey Herring Kibble,2026-10-05,18:54:47,meta,1-6 Years,Small (up to 30lbs),Other
Culinary Harvest Turkey Herring Kibble,2026-09-04,00:28:18,meta,1-6 Years,Medium (31lbs to 69lbs),Blue Buffalo
Culinary Harvest Turkey Herring Kibble,2026-09-22,03:12:09,meta,7+ Years,Large (70lbs and over),Other
Culinary Harvest Turkey Herring Kibble,2026-09-27,04:55:40,smas,7+ Years,Small (up to 30lbs),Other
Culinary Harvest Turkey Herring Kibble,2026-10-07,20:17:19,smas,7+ Years,Medium (31lbs to 69lbs),Blue Buffalo
Culinary Harvest Turkey Herring Kibble,2026-10-06,18:06:26,smas,7+ Years,Medium (31lbs to 69lbs),Purina
Culinary Harvest Turkey Herring Kibble,2026-10-09,02:32:03,smas,7+ Years,Large (70lbs and over),Blue Buffalo
Culinary Harvest Turkey Herring Kibble,2026-10-05,16:26:00,meta,1-6 Years,Medium (31lbs to 69lbs),Open Farm
Culinary Harvest Turkey Herring Kibble,2026-10-07,15:39:50,smas,1-6 Years,Small (up to 30lbs),Wellness Pet Food
Culinary Harvest Turkey Herring Kibble,2026-09-15,12:24:04,audience_1,1-6 Years,Small (up to 30lbs),Purina
Culinary Harvest Turkey Herring Kibble,2026-09-14,18:21:12,audience_1,1-6 Years,Large (70lbs and over),Hill's Science Diet
Culinary Harvest Turkey Herring Kibble,2026-09-02,01:05:49,meta,1-6 Years,Large (70lbs and over),Hill's Science Diet
Culinary Harvest Turkey Herring Kibble,2026-09-23,22:27:10,smas,7+ Years,Medium (31lbs to 69lbs),Other
Culinary Harvest Turkey Herring Kibble,2026-10-09,13:18:38,meta,1-6 Years,Small (up to 30lbs),Blue Buffalo
Culinary Harvest Turkey Herring Kibble,2026-10-05,18:54:42,meta,7+ Years,Small (up to 30lbs),Other
Culinary Harvest Turkey Herring Kibble,2026-09-14,20:06:58,audience_1,1-6 Years,Large (70lbs and over),Fromm
Culinary Harvest Turkey Herring Kibble,2026-09-06,20:41:11,meta,1-6 Years,Small (up to 30lbs),Blue Buffalo
Culinary Harvest Turkey Herring Kibble,2026-10-08,03:34:23,meta,7+ Years,Small (up to 30lbs),Blue Buffalo
Culinary Harvest Turkey Herring Kibble,2026-10-07,20:34:57,smas,1-6 Years,Large (70lbs and over),Purina
Culinary Harvest Turkey Herring Kibble,2026-09-23,21:22:27,smas,7+ Years,Small (up to 30lbs),Purina
Culinary Harvest Turkey Herring Kibble,2026-09-25,13:42:35,meta,1-6 Years,Medium (31lbs to 69lbs),Purina
Culinary Harvest Turkey Herring Kibble,2026-10-08,17:50:14,smas,Under One Year,Medium (31lbs to 69lbs),Purina
Culinary Harvest Turkey Herring Kibble,2026-09-02,23:59:14,meta,1-6 Years,Medium (31lbs to 69lbs),Blue Buffalo
Culinary Harvest Turkey Herring Kibble,2026-10-09,00:19:06,smas,7+ Years,Large (70lbs and over),Other
Culinary Harvest Turkey Herring Kibble,2026-09-02,15:35:54,meta,1-6 Years,Medium (31lbs to 69lbs),Other
Culinary Harvest Turkey Herring Kibble,2026-10-06,23:29:32,meta,1-6 Years,Small (up to 30lbs),Blue Buffalo
Culinary Harvest Turkey Herring Kibble,2026-09-10,16:31:44,meta,1-6 Years,Small (up to 30lbs),Blue Buffalo
Culinary Harvest Turkey Herring Kibble,2026-09-10,02:24:22,smas,1-6 Years,Small (up to 30lbs),Purina
Culinary Harvest Turkey Herring Kibble,2026-09-23,21:11:58,smas,1-6 Years,Medium (31lbs to 69lbs),Hill's Science Diet
Culinary Harvest Turkey Herring Kibble,2026-09-23,21:04:37,smas,1-6 Years,Medium (31lbs to 69lbs),Purina
Culinary Harvest Turkey Herring Kibble,2026-10-09,00:37:01,meta,7+ Years,Medium (31lbs to 69lbs),Other
Culinary Harvest Turkey Herring Kibble,2026-10-06,21:34:18,meta,1-6 Years,Large (70lbs and over),Other
Culinary Harvest Turkey Herring Kibble,2026-09-24,23:46:26,meta,1-6 Years,Large (70lbs and over),Purina
Culinary Harvest Turkey Herring Kibble,2026-10-05,22:01:33,meta,1-6 Years,Small (up to 30lbs),Purina
Culinary Harvest Turkey Herring Kibble,2026-09-17,19:00:37,meta,7+ Years,Medium (31lbs to 69lbs),Other
Culinary Harvest Turkey Herring Kibble,2026-10-09,17:55:28,smas,Under One Year,Medium (31lbs to 69lbs),Taste of the Wild
Culinary Harvest Turkey Herring Kibble,2026-09-01,19:12:44,meta,7+ Years,Small (up to 30lbs),Purina
Culinary Harvest Turkey Herring Kibble,2026-09-21,18:23:14,meta,7+ Years,Medium (31lbs to 69lbs),Wellness Pet Food
Culinary Harvest Turkey Herring Kibble,2026-09-23,21:16:19,smas,1-6 Years,Medium (31lbs to 69lbs),Purina
Culinary Harvest Turkey Herring Kibble,2026-10-05,19:13:58,meta,7+ Years,Small (up to 30lbs),Other
Culinary Harvest Turkey Herring Kibble,2026-10-05,22:32:24,meta,1-6 Years,Small (up to 30lbs),Open Farm
Culinary Harvest Turkey Herring Kibble,2026-09-15,16:31:07,audience_1,1-6 Years,Medium (31lbs to 69lbs),Other
Culinary Harvest Turkey Herring Kibble,2026-10-06,18:46:19,smas,7+ Years,Small (up to 30lbs),Hill's Science Diet
Culinary Harvest Turkey Herring Kibble,2026-09-12,10:05:31,smas,7+ Years,Medium (31lbs to 69lbs),Other
Culinary Harvest Turkey Herring Kibble,2026-09-14,14:08:36,meta,7+ Years,Large (70lbs and over),Purina
Culinary Harvest Turkey Herring Kibble,2026-09-26,00:29:01,meta,7+ Years,Small (up to 30lbs),Open Farm
Culinary Harvest Turkey Herring Kibble,2026-09-25,13:03:01,meta,1-6 Years,Medium (31lbs to 69lbs),Purina
Culinary Harvest Turkey Herring Kibble,2026-10-06,20:00:53,smas,7+ Years,Small (up to 30lbs),Purina
Culinary Harvest Turkey Herring Kibble,2026-09-17,15:21:22,meta,1-6 Years,Small (up to 30lbs),Other
Culinary Harvest Turkey Herring Kibble,2026-10-06,17:52:39,smas,1-6 Years,Large (70lbs and over),Other
Culinary Harvest Turkey Herring Kibble,2026-10-10,00:28:53,meta,1-6 Years,Small (up to 30lbs),Other
Culinary Harvest Turkey Herring Kibble,2026-10-05,21:24:39,meta,1-6 Years,Large (70lbs and over),Hill's Science Diet
Culinary Harvest Turkey Herring Kibble,2026-09-14,19:42:48,audience_1,1-6 Years,Medium (31lbs to 69lbs),Blue Buffalo
Culinary Harvest Turkey Herring Kibble,2026-09-02,01:12:50,meta,7+ Years,Small (up to 30lbs),Hill's Science Diet
Culinary Harvest Turkey Herring Kibble,2026-10-08,04:38:20,meta,1-6 Years,Medium (31lbs to 69lbs),Other
Culinary Harvest Turkey Herring Kibble,2026-10-08,21:02:02,smas,7+ Years,Medium (31lbs to 69lbs),Other
Culinary Harvest Turkey Herring Kibble,2026-10-08,00:28:13,smas,1-6 Years,Small (up to 30lbs),Blue Buffalo
Culinary Harvest Turkey Herring Kibble,2026-09-25,16:15:35,meta,Under One Year,Medium (31lbs to 69lbs),Blue Buffalo
Culinary Harvest Turkey Herring Kibble,2026-10-07,21:08:06,smas,1-6 Years,Large (70lbs and over),Blue Buffalo
Culinary Harvest Turkey Herring Kibble,2026-10-06,03:34:56,meta,7+ Years,Large (70lbs and over),Other
Culinary Harvest Turkey Herring Kibble,2026-10-07,07:54:51,meta,1-6 Years,Small (up to 30lbs),Blue Buffalo
Culinary Harvest Turkey Herring Kibble,2026-09-15,13:57:43,audience_1,7+ Years,Medium (31lbs to 69lbs),Hill's Science Diet
Culinary Harvest Turkey Herring Kibble,2026-10-07,23:05:27,smas,7+ Years,Small (up to 30lbs),Blue Buffalo
Culinary Harvest Turkey Herring Kibble,2026-09-03,01:10:24,meta,Under One Year,Medium (31lbs to 69lbs),Other
Culinary Harvest Turkey Herring Kibble,2026-10-05,20:41:39,meta,7+ Years,Small (up to 30lbs),Other
Culinary Harvest Turkey Herring Kibble,2026-09-23,21:08:44,smas,1-6 Years,Medium (31lbs to 69lbs),Taste of the Wild
Culinary Harvest Turkey Herring Kibble,2026-09-24,01:25:16,smas,7+ Years,Large (70lbs and over),Blue Buffalo
Culinary Harvest Turkey Herring Kibble,2026-09-10,21:04:36,meta,1-6 Years,Small (up to 30lbs),Other
Culinary Harvest Turkey Herring Kibble,2026-10-07,06:17:16,meta,1-6 Years,Small (up to 30lbs),Nutri Source
Culinary Harvest Turkey Herring Kibble,2026-10-06,19:29:02,smas,1-6 Years,Medium (31lbs to 69lbs),Other
Culinary Harvest Turkey Herring Kibble,2026-10-08,13:58:27,meta,1-6 Years,Medium (31lbs to 69lbs),Nulo
Culinary Harvest Turkey Herring Kibble,2026-10-08,23:41:08,smas,1-6 Years,Small (up to 30lbs),Other
Culinary Harvest Turkey Herring Kibble,2026-09-22,02:35:32,meta,1-6 Years,Small (up to 30lbs),Other
Culinary Harvest Turkey Herring Kibble,2026-10-07,22:43:19,smas,1-6 Years,Large (70lbs and over),Purina
Culinary Harvest Turkey Herring Kibble,2026-09-11,20:40:04,meta,1-6 Years,Small (up to 30lbs),Blue Buffalo
Culinary Harvest Turkey Herring Kibble,2026-10-07,03:02:19,meta,1-6 Years,Small (up to 30lbs),Wellness Pet Food
Culinary Harvest Turkey Herring Kibble,2026-10-09,03:05:55,meta,Under One Year,Medium (31lbs to 69lbs),Other
Culinary Harvest Turkey Herring Kibble,2026-09-25,02:59:58,meta,1-6 Years,Medium (31lbs to 69lbs),Purina
Culinary Harvest Turkey Herring Kibble,2026-09-09,21:12:36,smas,Under One Year,Medium (31lbs to 69lbs),Other
Culinary Harvest Turkey Herring Kibble,2026-09-14,21:40:59,meta,1-6 Years,Large (70lbs and over),Purina
Culinary Harvest Turkey Herring Kibble,2026-09-07,22:26:58,smas,7+ Years,Medium (31lbs to 69lbs),Hill's Science Diet
Culinary Harvest Turkey Herring Kibble,2026-09-06,22:14:46,audience_1,7+ Years,Small (up to 30lbs),Other
Culinary Harvest Turkey Herring Kibble,2026-10-05,15:39:31,meta,7+ Years,Medium (31lbs to 69lbs),Other
Culinary Harvest Turkey Herring Kibble,2026-09-24,19:05:53,smas,1-6 Years,Small (up to 30lbs),Purina
Culinary Harvest Turkey Herring Kibble,2026-09-14,05:32:13,meta,7+ Years,Medium (31lbs to 69lbs),Other
Culinary Harvest Turkey Herring Kibble,2026-10-05,16:41:29,meta,7+ Years,Small (up to 30lbs),Wellness Pet Food
Culinary Harvest Turkey Herring Kibble,2026-10-06,02:36:49,meta,1-6 Years,Small (up to 30lbs),Blue Buffalo
Culinary Harvest Turkey Herring Kibble,2026-09-24,20:30:12,smas,1-6 Years,Small (up to 30lbs),Blue Buffalo
Culinary Harvest Turkey Herring Kibble,2026-09-25,01:50:46,meta,1-6 Years,Medium (31lbs to 69lbs),Purina
Culinary Harvest Turkey Herring Kibble,2026-09-15,19:53:55,meta,1-6 Years,Small (up to 30lbs),Nutri Source
Culinary Harvest Turkey Herring Kibble,2026-09-04,16:05:35,meta,7+ Years,Medium (31lbs to 69lbs),Wellness Pet Food
Culinary Harvest Turkey Herring Kibble,2026-10-09,00:34:30,smas,1-6 Years,Medium (31lbs to 69lbs),Open Farm
Culinary Harvest Turkey Herring Kibble,2026-10-08,15:37:44,meta,1-6 Years,Small (up to 30lbs),Other
Culinary Harvest Turkey Herring Kibble,2026-10-10,05:44:18,meta,1-6 Years,Medium (31lbs to 69lbs),Blue Buffalo
Culinary Harvest Turkey Herring Kibble,2026-10-07,20:06:58,smas,1-6 Years,Small (up to 30lbs),Blue Buffalo
Culinary Harvest Turkey Herring Kibble,2026-09-09,17:37:29,meta,7+ Years,Medium (31lbs to 69lbs),Other
Culinary Harvest Turkey Herring Kibble,2026-09-03,22:16:34,meta,1-6 Years,Medium (31lbs to 69lbs),Merrick
Culinary Harvest Turkey Herring Kibble,2026-09-16,15:28:11,meta,7+ Years,Small (up to 30lbs),Purina
Culinary Harvest Turkey Herring Kibble,2026-09-09,22:26:20,smas,1-6 Years,Medium (31lbs to 69lbs),Other
Culinary Harvest Turkey Herring Kibble,2026-09-09,20:37:58,smas,7+ Years,Large (70lbs and over),Purina
Culinary Harvest Turkey Herring Kibble,2026-09-07,22:54:18,smas,7+ Years,Medium (31lbs to 69lbs),Other
Culinary Harvest Turkey Herring Kibble,2026-10-07,10:08:33,meta,1-6 Years,Small (up to 30lbs),Purina
Culinary Harvest Turkey Herring Kibble,2026-10-08,22:06:27,smas,1-6 Years,Small (up to 30lbs),Purina
Culinary Harvest Turkey Herring Kibble,2026-09-21,21:15:40,meta,1-6 Years,Large (70lbs and over),Purina
Culinary Harvest Turkey Herring Kibble,2026-09-16,14:38:47,meta,1-6 Years,Medium (31lbs to 69lbs),Blue Buffalo
Culinary Harvest Turkey Herring Kibble,2026-09-10,18:12:35,meta,1-6 Years,Large (70lbs and over),Purina
Culinary Harvest Turkey Herring Kibble,2026-09-25,06:39:36,meta,1-6 Years,Medium (31lbs to 69lbs),Other
Culinary Harvest Turkey Herring Kibble,2026-09-17,00:10:29,meta,1-6 Years,Small (up to 30lbs),Other
Culinary Harvest Turkey Herring Kibble,2026-10-07,09:52:21,meta,1-6 Years,Medium (31lbs to 69lbs),Blue Buffalo
Culinary Harvest Turkey Herring Kibble,2026-09-23,22:03:30,smas,1-6 Years,Medium (31lbs to 69lbs),Purina
Culinary Harvest Turkey Herring Kibble,2026-09-01,14:22:48,meta,1-6 Years,Medium (31lbs to 69lbs),Hill's Science Diet
Culinary Harvest Turkey Herring Kibble,2026-09-15,12:48:12,audience_1,7+ Years,Medium (31lbs to 69lbs),Purina
Culinary Harvest Turkey Herring Kibble,2026-09-22,01:53:16,meta,7+ Years,Small (up to 30lbs),Hill's Science Diet
Culinary Harvest Turkey Herring Kibble,2026-09-07,17:03:22,smas,1-6 Years,Medium (31lbs to 69lbs),Purina
Culinary Harvest Turkey Herring Kibble,2026-10-06,17:51:34,smas,1-6 Years,Large (70lbs and over),Purina
Culinary Harvest Turkey Herring Kibble,2026-10-08,18:41:53,smas,1-6 Years,Small (up to 30lbs),Blue Buffalo
Culinary Harvest Turkey Herring Kibble,2026-10-06,02:20:39,meta,7+ Years,Medium (31lbs to 69lbs),Blue Buffalo
Culinary Harvest Turkey Herring Kibble,2026-10-05,16:44:04,meta,1-6 Years,Medium (31lbs to 69lbs),Purina
Culinary Harvest Turkey Herring Kibble,2026-09-23,21:31:59,smas,7+ Years,Small (up to 30lbs),Hill's Science Diet
Culinary Harvest Turkey Herring Kibble,2026-09-09,22:53:53,smas,7+ Years,Medium (31lbs to 69lbs),Other
Culinary Harvest Turkey Herring Kibble,2026-09-07,17:10:44,smas,7+ Years,Large (70lbs and over),Other
Culinary Harvest Turkey Herring Kibble,2026-09-08,02:05:38,meta,7+ Years,Small (up to 30lbs),Purina
Culinary Harvest Turkey Herring Kibble,2026-10-08,03:36:46,smas,7+ Years,Medium (31lbs to 69lbs),Other
Culinary Harvest Turkey Herring Kibble,2026-09-24,12:50:22,meta,7+ Years,Small (up to 30lbs),Other
Culinary Harvest Turkey Herring Kibble,2026-10-07,01:24:41,meta,1-6 Years,Small (up to 30lbs),Merrick
Culinary Harvest Turkey Herring Kibble,2026-09-21,19:11:22,audience_1,7+ Years,Small (up to 30lbs),Purina
Culinary Harvest Turkey Herring Kibble,2026-10-09,00:06:34,smas,1-6 Years,Medium (31lbs to 69lbs),Hill's Science Diet
Culinary Harvest Turkey Herring Kibble,2026-09-10,19:18:51,smas,1-6 Years,Medium (31lbs to 69lbs),Other
Culinary Harvest Turkey Herring Kibble,2026-09-09,22:36:05,smas,7+ Years,Small (up to 30lbs),Hill's Science Diet
Culinary Harvest Turkey Herring Kibble,2026-10-10,03:14:09,smas,1-6 Years,Small (up to 30lbs),Hill's Science Diet
Culinary Harvest Turkey Herring Kibble,2026-09-07,19:02:10,smas,1-6 Years,Small (up to 30lbs),Other
Culinary Harvest Turkey Herring Kibble,2026-10-09,00:41:51,smas,7+ Years,Small (up to 30lbs),Other
Culinary Harvest Turkey Herring Kibble,2026-09-22,22:04:17,audience_1,1-6 Years,Medium (31lbs to 69lbs),Blue Buffalo
Culinary Harvest Turkey Herring Kibble,2026-09-14,23:57:54,meta,7+ Years,Small (up to 30lbs),Purina
Culinary Harvest Turkey Herring Kibble,2026-10-07,19:52:28,smas,7+ Years,Small (up to 30lbs),Purina
Culinary Harvest Turkey Herring Kibble,2026-09-23,21:04:21,smas,7+ Years,Small (up to 30lbs),Purina
Culinary Harvest Turkey Herring Kibble,2026-10-06,03:31:05,meta,1-6 Years,Small (up to 30lbs),Purina
Culinary Harvest Turkey Herring Kibble,2026-10-05,16:54:28,meta,1-6 Years,Medium (31lbs to 69lbs),Blue Buffalo
Culinary Harvest Turkey Herring Kibble,2026-10-08,21:21:56,smas,1-6 Years,Small (up to 30lbs),Purina
Culinary Harvest Turkey Herring Kibble,2026-10-06,22:05:09,smas,7+ Years,Large (70lbs and over),Blue Buffalo
Culinary Harvest Turkey Herring Kibble,2026-10-05,20:03:42,meta,7+ Years,Medium (31lbs to 69lbs),Purina
Culinary Harvest Turkey Herring Kibble,2026-09-16,23:55:46,meta,Under One Year,Small (up to 30lbs),Other
Culinary Harvest Turkey Herring Kibble,2026-09-30,00:09:18,sim,1-6 Years,Medium (31lbs to 69lbs),Merrick
Culinary Harvest Turkey Herring Kibble,2026-09-30,00:14:01,sim,7+ Years,Large (70lbs and over),Hill's Science Diet
Culinary Harvest Turkey Herring Kibble,2026-09-30,00:14:08,sim,1-6 Years,Medium (31lbs to 69lbs),Hill's Science Diet
Culinary Harvest Turkey Herring Kibble,2026-09-30,00:14:13,sim,1-6 Years,Small (up to 30lbs),Hill's Science Diet
Culinary Harvest Turkey Herring Kibble,2026-09-30,00:14:59,sim,7+ Years,Medium (31lbs to 69lbs),Taste of the Wild
Culinary Harvest Turkey Herring Kibble,2026-09-30,00:15:31,sim,1-6 Years,Large (70lbs and over),Other
Culinary Harvest Turkey Herring Kibble,2026-09-30,00:20:06,sim,1-6 Years,Medium (31lbs to 69lbs),Blue Buffalo
Culinary Harvest Turkey Herring Kibble,2026-09-30,00:30:15,sim,1-6 Years,Large (70lbs and over),Other
Culinary Harvest Turkey Herring Kibble,2026-09-30,00:34:57,sim,1-6 Years,Small (up to 30lbs),Blue Buffalo
Culinary Harvest Turkey Herring Kibble,2026-09-30,00:35:21,sim,1-6 Years,Small (up to 30lbs),Blue Buffalo
Culinary Harvest Turkey Herring Kibble,2026-09-30,00:37:00,sim,1-6 Years,Small (up to 30lbs),Purina
Culinary Harvest Turkey Herring Kibble,2026-09-30,00:38:41,sim,7+ Years,Large (70lbs and over),Other
Culinary Harvest Turkey Herring Kibble,2026-09-30,00:39:24,sim,7+ Years,Small (up to 30lbs),Blue Buffalo
Culinary Harvest Turkey Herring Kibble,2026-09-30,00:46:04,sim,7+ Years,Medium (31lbs to 69lbs),Other
Culinary Harvest Turkey Herring Kibble,2026-09-30,00:46:55,sim,7+ Years,Small (up to 30lbs),Other
Culinary Harvest Turkey Herring Kibble,2026-09-30,00:51:22,sim,1-6 Years,Medium (31lbs to 69lbs),Hill's Science Diet
Culinary Harvest Turkey Herring Kibble,2026-09-30,00:52:56,sim,7+ Years,Small (up to 30lbs),Other
Culinary Harvest Turkey Herring Kibble,2026-09-30,00:53:40,sim,7+ Years,Small (up to 30lbs),Blue Buffalo
Culinary Harvest Turkey Herring Kibble,2026-09-30,00:58:33,sim,1-6 Years,Small (up to 30lbs),Other
Culinary Harvest Turkey Herring Kibble,2026-09-30,00:58:50,sim,1-6 Years,Small (up to 30lbs),Other
Culinary Harvest Turkey Herring Kibble,2026-09-30,01:02:29,sim,7+ Years,Medium (31lbs to 69lbs),Fromm
Culinary Harvest Turkey Herring Kibble,2026-09-30,01:02:43,sim,1-6 Years,Small (up to 30lbs),Purina
Culinary Harvest Turkey Herring Kibble,2026-09-30,01:14:35,sim,1-6 Years,Small (up to 30lbs),Blue Buffalo
Culinary Harvest Turkey Herring Kibble,2026-09-30,01:24:21,sim,1-6 Years,Small (up to 30lbs),Other
Culinary Harvest Turkey Herring Kibble,2026-09-30,01:24:36,sim,1-6 Years,Small (up to 30lbs),Stella & Chewy's
Culinary Harvest Turkey Herring Kibble,2026-09-30,01:26:34,sim,1-6 Years,Medium (31lbs to 69lbs),Other
Culinary Harvest Turkey Herring Kibble,2026-09-30,01:31:48,sim,7+ Years,Small (up to 30lbs),Purina
Culinary Harvest Turkey Herring Kibble,2026-09-30,01:33:36,sim,1-6 Years,Large (70lbs and over),Other
Culinary Harvest Turkey Herring Kibble,2026-09-30,01:33:55,sim,1-6 Years,Medium (31lbs to 69lbs),Purina
Culinary Harvest Turkey Herring Kibble,2026-09-30,01:36:08,sim,1-6 Years,Medium (31lbs to 69lbs),Purina
Culinary Harvest Turkey Herring Kibble,2026-09-30,01:53:29,sim,1-6 Years,Medium (31lbs to 69lbs),Other
Culinary Harvest Turkey Herring Kibble,2026-09-30,02:14:55,sim,7+ Years,Large (70lbs and over),Nutri Source
Culinary Harvest Turkey Herring Kibble,2026-09-30,02:16:22,sim,1-6 Years,Small (up to 30lbs),Other
Culinary Harvest Turkey Herring Kibble,2026-09-30,02:22:26,sim,1-6 Years,Large (70lbs and over),Blue Buffalo
Culinary Harvest Turkey Herring Kibble,2026-09-30,02:29:57,sim,1-6 Years,Small (up to 30lbs),Blue Buffalo
Culinary Harvest Turkey Herring Kibble,2026-09-30,02:33:04,sim,1-6 Years,Medium (31lbs to 69lbs),Blue Buffalo
Culinary Harvest Turkey Herring Kibble,2026-09-30,02:34:35,sim,7+ Years,Large (70lbs and over),Hill's Science Diet
Culinary Harvest Turkey Herring Kibble,2026-09-30,02:50:43,sim,1-6 Years,Small (up to 30lbs),Purina
Culinary Harvest Turkey Herring Kibble,2026-09-30,02:53:06,sim,1-6 Years,Large (70lbs and over),Other
Culinary Harvest Turkey Herring Kibble,2026-09-30,02:57:09,sim,1-6 Years,Medium (31lbs to 69lbs),Hill's Science Diet
Culinary Harvest Turkey Herring Kibble,2026-09-30,02:58:14,sim,1-6 Years,Large (70lbs and over),Other
Culinary Harvest Turkey Herring Kibble,2026-09-30,03:02:44,sim,7+ Years,Small (up to 30lbs),Purina
Culinary Harvest Turkey Herring Kibble,2026-09-30,03:05:52,sim,7+ Years,Small (up to 30lbs),Other
Culinary Harvest Turkey Herring Kibble,2026-09-30,03:11:32,sim,7+ Years,Small (up to 30lbs),Other
Culinary Harvest Turkey Herring Kibble,2026-09-30,03:12:03,sim,1-6 Years,Medium (31lbs to 69lbs),Purina
Culinary Harvest Turkey Herring Kibble,2026-09-30,03:38:49,sim,1-6 Years,Medium (31lbs to 69lbs),Purina
Culinary Harvest Turkey Herring Kibble,2026-09-30,03:50:56,sim,1-6 Years,Large (70lbs and over),Other
Culinary Harvest Turkey Herring Kibble,2026-09-30,04:16:57,sim,7+ Years,Medium (31lbs to 69lbs),Other
Culinary Harvest Turkey Herring Kibble,2026-09-30,04:29:07,sim,7+ Years,Medium (31lbs to 69lbs),Blue Buffalo
Culinary Harvest Turkey Herring Kibble,2026-09-30,04:29:49,sim,1-6 Years,Large (70lbs and over),Purina
Culinary Harvest Turkey Herring Kibble,2026-09-30,04:30:55,sim,1-6 Years,Small (up to 30lbs),Other
Culinary Harvest Turkey Herring Kibble,2026-09-30,04:54:18,sim,1-6 Years,Large (70lbs and over),Hill's Science Diet
Culinary Harvest Turkey Herring Kibble,2026-09-30,05:04:52,sim,1-6 Years,Large (70lbs and over),Blue Buffalo
Culinary Harvest Turkey Herring Kibble,2026-09-30,05:18:27,sim,7+ Years,Small (up to 30lbs),Other
Culinary Harvest Turkey Herring Kibble,2026-09-30,05:43:22,sim,7+ Years,Medium (31lbs to 69lbs),Other
Culinary Harvest Turkey Herring Kibble,2026-09-30,05:44:54,sim,1-6 Years,Medium (31lbs to 69lbs),Blue Buffalo
Culinary Harvest Turkey Herring Kibble,2026-09-30,05:50:51,sim,1-6 Years,Medium (31lbs to 69lbs),Nutri Source
Culinary Harvest Turkey Herring Kibble,2026-09-30,05:54:02,sim,7+ Years,Large (70lbs and over),Merrick
Culinary Harvest Turkey Herring Kibble,2026-09-30,06:04:19,sim,Under One Year,Small (up to 30lbs),Other
Culinary Harvest Turkey Herring Kibble,2026-09-30,06:12:31,sim,7+ Years,Medium (31lbs to 69lbs),Other
Culinary Harvest Turkey Herring Kibble,2026-09-30,06:28:58,sim,7+ Years,Small (up to 30lbs),Nulo
Culinary Harvest Turkey Herring Kibble,2026-09-30,07:05:19,sim,1-6 Years,Medium (31lbs to 69lbs),Hill's Science Diet
Culinary Harvest Turkey Herring Kibble,2026-09-30,07:54:06,sim,1-6 Years,Large (70lbs and over),Other
Culinary Harvest Turkey Herring Kibble,2026-09-30,07:59:41,sim,1-6 Years,Medium (31lbs to 69lbs),Purina
Culinary Harvest Turkey Herring Kibble,2026-09-30,08:09:34,sim,1-6 Years,Medium (31lbs to 69lbs),Other
Culinary Harvest Turkey Herring Kibble,2026-09-30,08:15:04,sim,1-6 Years,Medium (31lbs to 69lbs),Hill's Science Diet
Culinary Harvest Turkey Herring Kibble,2026-09-30,08:49:31,sim,1-6 Years,Large (70lbs and over),Purina
Culinary Harvest Turkey Herring Kibble,2026-09-30,08:52:32,sim,1-6 Years,Large (70lbs and over),Purina
Culinary Harvest Turkey Herring Kibble,2026-09-30,09:07:12,sim,1-6 Years,Small (up to 30lbs),Blue Buffalo
Culinary Harvest Turkey Herring Kibble,2026-09-30,09:19:53,sim,7+ Years,Small (up to 30lbs),Blue Buffalo
Culinary Harvest Turkey Herring Kibble,2026-09-30,09:32:36,sim,7+ Years,Small (up to 30lbs),Other
Culinary Harvest Turkey Herring Kibble,2026-09-30,10:06:45,sim,1-6 Years,Medium (31lbs to 69lbs),Other
Culinary Harvest Turkey Herring Kibble,2026-09-30,10:30:55,sim,7+ Years,Medium (31lbs to 69lbs),Purina
Culinary Harvest Turkey Herring Kibble,2026-09-30,10:33:42,sim,Under One Year,Small (up to 30lbs),Purina
Culinary Harvest Turkey Herring Kibble,2026-09-30,10:36:17,sim,1-6 Years,Small (up to 30lbs),Purina
Culinary Harvest Turkey Herring Kibble,2026-09-30,10:40:48,sim,1-6 Years,Large (70lbs and over),Hill's Science Diet
Culinary Harvest Turkey Herring Kibble,2026-09-30,10:48:20,sim,7+ Years,Small (up to 30lbs),Nutri Source
Culinary Harvest Turkey Herring Kibble,2026-09-30,10:51:59,sim,7+ Years,Large (70lbs and over),Purina
Culinary Harvest Turkey Herring Kibble,2026-09-30,11:12:21,sim,1-6 Years,Small (up to 30lbs),Other
Culinary Harvest Turkey Herring Kibble,2026-09-30,11:14:26,sim,7+ Years,Medium (31lbs to 69lbs),Other
Culinary Harvest Turkey Herring Kibble,2026-09-30,11:26:48,sim,1-6 Years,Medium (31lbs to 69lbs),Wellness Pet Food
Culinary Harvest Turkey Herring Kibble,2026-09-30,11:27:46,sim,1-6 Years,Small (up to 30lbs),Purina
Culinary Harvest Turkey Herring Kibble,2026-09-30,11:31:12,sim,7+ Years,Large (70lbs and over),Purina
Culinary Harvest Turkey Herring Kibble,2026-09-30,11:37:07,sim,1-6 Years,Small (up to 30lbs),Blue Buffalo
Culinary Harvest Turkey Herring Kibble,2026-09-30,11:51:53,sim,7+ Years,Small (up to 30lbs),Nulo
Culinary Harvest Turkey Herring Kibble,2026-09-30,11:53:05,sim,1-6 Years,Medium (31lbs to 69lbs),Blue Buffalo
Culinary Harvest Turkey Herring Kibble,2026-09-30,11:54:42,sim,1-6 Years,Large (70lbs and over),Purina
Culinary Harvest Turkey Herring Kibble,2026-09-30,11:58:37,sim,7+ Years,Large (70lbs and over),Other
Culinary Harvest Turkey Herring Kibble,2026-09-30,12:03:34,sim,7+ Years,Small (up to 30lbs),Hill's Science Diet
Culinary Harvest Turkey Herring Kibble,2026-09-30,12:08:47,sim,7+ Years,Small (up to 30lbs),Purina
Culinary Harvest Turkey Herring Kibble,2026-09-30,12:12:36,sim,1-6 Years,Small (up to 30lbs),Blue Buffalo
Culinary Harvest Turkey Herring Kibble,2026-09-30,12:18:15,sim,7+ Years,Medium (31lbs to 69lbs),Blue Buffalo
Culinary Harvest Turkey Herring Kibble,2026-09-30,12:18:24,sim,7+ Years,Small (up to 30lbs),Nutri Source
Culinary Harvest Turkey Herring Kibble,2026-09-30,12:21:03,sim,1-6 Years,Medium (31lbs to 69lbs),Other
Culinary Harvest Turkey Herring Kibble,2026-09-30,12:21:23,sim,1-6 Years,Medium (31lbs to 69lbs),Purina
Culinary Harvest Turkey Herring Kibble,2026-09-30,12:23:00,sim,Under One Year,Medium (31lbs to 69lbs),Nulo
Culinary Harvest Turkey Herring Kibble,2026-09-30,12:24:16,sim,7+ Years,Small (up to 30lbs),Purina
Culinary Harvest Turkey Herring Kibble,2026-09-30,12:27:54,sim,1-6 Years,Large (70lbs and over),Blue Buffalo
Culinary Harvest Turkey Herring Kibble,2026-09-30,12:34:09,sim,7+ Years,Large (70lbs and over),Purina
Culinary Harvest Turkey Herring Kibble,2026-09-30,12:34:12,sim,1-6 Years,Small (up to 30lbs),Other
Culinary Harvest Turkey Herring Kibble,2026-09-30,12:34:39,sim,1-6 Years,Large (70lbs and over),Other
Culinary Harvest Turkey Herring Kibble,2026-09-30,13:13:45,sim,1-6 Years,Medium (31lbs to 69lbs),Purina
Culinary Harvest Turkey Herring Kibble,2026-09-30,13:20:07,sim,1-6 Years,Small (up to 30lbs),Merrick
Culinary Harvest Turkey Herring Kibble,2026-09-30,13:27:47,sim,7+ Years,Medium (31lbs to 69lbs),Other
Culinary Harvest Turkey Herring Kibble,2026-09-30,13:32:25,sim,1-6 Years,Large (70lbs and over),Purina
Culinary Harvest Turkey Herring Kibble,2026-09-30,13:44:07,sim,1-6 Years,Small (up to 30lbs),Other
Culinary Harvest Turkey Herring Kibble,2026-09-30,13:45:22,sim,7+ Years,Medium (31lbs to 69lbs),Other
Culinary Harvest Turkey Herring Kibble,2026-09-30,13:46:25,sim,7+ Years,Large (70lbs and over),Purina
Culinary Harvest Turkey Herring Kibble,2026-09-30,13:48:16,sim,1-6 Years,Small (up to 30lbs),Other
Culinary Harvest Turkey Herring Kibble,2026-09-30,13:48:24,sim,1-6 Years,Small (up to 30lbs),Blue Buffalo
Culinary Harvest Turkey Herring Kibble,2026-09-30,13:52:43,sim,Under One Year,Small (up to 30lbs),Hill's Science Diet
Culinary Harvest Turkey Herring Kibble,2026-09-30,13:53:07,sim,1-6 Years,Medium (31lbs to 69lbs),Taste of the Wild
Culinary Harvest Turkey Herring Kibble,2026-09-30,13:56:46,sim,1-6 Years,Medium (31lbs to 69lbs),Purina
Culinary Harvest Turkey Herring Kibble,2026-09-30,14:14:00,sim,7+ Years,Small (up to 30lbs),Other
Culinary Harvest Turkey Herring Kibble,2026-09-30,14:21:20,sim,1-6 Years,Large (70lbs and over),Purina
Culinary Harvest Turkey Herring Kibble,2026-09-30,14:21:57,sim,7+ Years,Small (up to 30lbs),Hill's Science Diet
Culinary Harvest Turkey Herring Kibble,2026-09-30,14:22:15,sim,1-6 Years,Large (70lbs and over),Purina
Culinary Harvest Turkey Herring Kibble,2026-09-30,14:23:46,sim,7+ Years,Small (up to 30lbs),Wellness Pet Food
Culinary Harvest Turkey Herring Kibble,2026-09-30,14:25:09,sim,7+ Years,Large (70lbs and over),Other
Culinary Harvest Turkey Herring Kibble,2026-09-30,14:29:08,sim,1-6 Years,Large (70lbs and over),Hill's Science Diet
Culinary Harvest Turkey Herring Kibble,2026-09-30,14:31:10,sim,7+ Years,Medium (31lbs to 69lbs),Purina
Culinary Harvest Turkey Herring Kibble,2026-09-30,14:32:00,sim,7+ Years,Small (up to 30lbs),Purina
Culinary Harvest Turkey Herring Kibble,2026-09-30,14:37:06,sim,1-6 Years,Small (up to 30lbs),Purina
Culinary Harvest Turkey Herring Kibble,2026-09-30,14:43:27,sim,1-6 Years,Large (70lbs and over),Purina
Culinary Harvest Turkey Herring Kibble,2026-09-30,14:45:54,sim,7+ Years,Medium (31lbs to 69lbs),Other
Culinary Harvest Turkey Herring Kibble,2026-09-30,14:51:26,sim,7+ Years,Large (70lbs and over),Fromm
Culinary Harvest Turkey Herring Kibble,2026-09-30,15:01:16,sim,7+ Years,Large (70lbs and over),Other
Culinary Harvest Turkey Herring Kibble,2026-09-30,15:03:00,sim,1-6 Years,Medium (31lbs to 69lbs),Purina
Culinary Harvest Turkey Herring Kibble,2026-09-30,15:08:02,sim,7+ Years,Large (70lbs and over),Blue Buffalo
Culinary Harvest Turkey Herring Kibble,2026-09-30,15:10:49,sim,1-6 Years,Small (up to 30lbs),Nutri Source
Culinary Harvest Turkey Herring Kibble,2026-09-30,15:12:46,sim,7+ Years,Small (up to 30lbs),Purina
Culinary Harvest Turkey Herring Kibble,2026-09-30,15:13:51,sim,1-6 Years,Medium (31lbs to 69lbs),Other
Culinary Harvest Turkey Herring Kibble,2026-09-30,15:15:02,sim,7+ Years,Medium (31lbs to 69lbs),Purina
Culinary Harvest Turkey Herring Kibble,2026-09-30,15:17:22,sim,7+ Years,Small (up to 30lbs),Nutri Source
Culinary Harvest Turkey Herring Kibble,2026-09-30,15:19:46,sim,1-6 Years,Small (up to 30lbs),Other
Culinary Harvest Turkey Herring Kibble,2026-09-30,15:27:58,sim,7+ Years,Large (70lbs and over),Purina
Culinary Harvest Turkey Herring Kibble,2026-09-30,15:39:56,sim,1-6 Years,Small (up to 30lbs),Hill's Science Diet
Culinary Harvest Turkey Herring Kibble,2026-09-30,15:51:15,sim,1-6 Years,Medium (31lbs to 69lbs),Blue Buffalo
Culinary Harvest Turkey Herring Kibble,2026-09-30,15:54:57,sim,1-6 Years,Large (70lbs and over),Purina
Culinary Harvest Turkey Herring Kibble,2026-09-30,15:57:34,sim,1-6 Years,Small (up to 30lbs),Hill's Science Diet
Culinary Harvest Turkey Herring Kibble,2026-09-30,15:57:35,sim,1-6 Years,Small (up to 30lbs),Other
Culinary Harvest Turkey Herring Kibble,2026-09-30,15:59:43,sim,1-6 Years,Large (70lbs and over),Hill's Science Diet
Culinary Harvest Turkey Herring Kibble,2026-09-30,16:00:17,sim,7+ Years,Large (70lbs and over),Nulo
Culinary Harvest Turkey Herring Kibble,2026-09-30,16:02:06,sim,7+ Years,Medium (31lbs to 69lbs),Other
Culinary Harvest Turkey Herring Kibble,2026-09-30,16:03:43,sim,1-6 Years,Small (up to 30lbs),Purina
Culinary Harvest Turkey Herring Kibble,2026-09-30,16:11:18,sim,7+ Years,Large (70lbs and over),Other
Culinary Harvest Turkey Herring Kibble,2026-09-30,16:11:41,sim,1-6 Years,Small (up to 30lbs),Other
Culinary Harvest Turkey Herring Kibble,2026-09-30,16:17:41,sim,1-6 Years,Small (up to 30lbs),Purina
Culinary Harvest Turkey Herring Kibble,2026-09-30,16:20:30,sim,1-6 Years,Small (up to 30lbs),Purina
Culinary Harvest Turkey Herring Kibble,2026-09-30,16:23:18,sim,1-6 Years,Small (up to 30lbs),Hill's Science Diet
Culinary Harvest Turkey Herring Kibble,2026-09-30,16:26:26,sim,1-6 Years,Small (up to 30lbs),Purina
Culinary Harvest Turkey Herring Kibble,2026-09-30,16:26:32,sim,1-6 Years,Small (up to 30lbs),Blue Buffalo
Culinary Harvest Turkey Herring Kibble,2026-09-30,16:27:01,sim,1-6 Years,Medium (31lbs to 69lbs),Other
Culinary Harvest Turkey Herring Kibble,2026-09-30,16:28:09,sim,1-6 Years,Small (up to 30lbs),Purina
Culinary Harvest Turkey Herring Kibble,2026-09-30,16:33:10,sim,1-6 Years,Medium (31lbs to 69lbs),Other
Culinary Harvest Turkey Herring Kibble,2026-09-30,16:36:22,sim,1-6 Years,Small (up to 30lbs),Purina
Culinary Harvest Turkey Herring Kibble,2026-09-30,16:42:02,sim,1-6 Years,Medium (31lbs to 69lbs),Purina
Culinary Harvest Turkey Herring Kibble,2026-09-30,16:42:31,sim,Under One Year,Small (up to 30lbs),Wellness Pet Food
Culinary Harvest Turkey Herring Kibble,2026-09-30,16:49:28,sim,1-6 Years,Large (70lbs and over),Other
Culinary Harvest Turkey Herring Kibble,2026-09-30,16:50:52,sim,7+ Years,Medium (31lbs to 69lbs),Other
Culinary Harvest Turkey Herring Kibble,2026-09-30,16:52:18,sim,7+ Years,Large (70lbs and over),Hill's Science Diet
Culinary Harvest Turkey Herring Kibble,2026-09-30,16:54:02,sim,7+ Years,Small (up to 30lbs),Other
Culinary Harvest Turkey Herring Kibble,2026-09-30,16:54:55,sim,7+ Years,Medium (31lbs to 69lbs),Purina
Culinary Harvest Turkey Herring Kibble,2026-09-30,16:55:11,sim,1-6 Years,Medium (31lbs to 69lbs),Hill's Science Diet
Culinary Harvest Turkey Herring Kibble,2026-09-30,16:56:58,sim,1-6 Years,Medium (31lbs to 69lbs),Blue Buffalo
Culinary Harvest Turkey Herring Kibble,2026-09-30,16:57:02,sim,1-6 Years,Small (up to 30lbs),Open Farm
Culinary Harvest Turkey Herring Kibble,2026-09-30,16:57:41,sim,1-6 Years,Medium (31lbs to 69lbs),Other
Culinary Harvest Turkey Herring Kibble,2026-09-30,16:59:15,sim,1-6 Years,Small (up to 30lbs),Other
Culinary Harvest Turkey Herring Kibble,2026-09-30,16:59:34,sim,7+ Years,Small (up to 30lbs),Other
Culinary Harvest Turkey Herring Kibble,2026-09-30,17:03:35,sim,7+ Years,Medium (31lbs to 69lbs),Other
Culinary Harvest Turkey Herring Kibble,2026-09-30,17:04:31,sim,7+ Years,Small (up to 30lbs),Other
Culinary Harvest Turkey Herring Kibble,2026-09-30,17:05:45,sim,7+ Years,Medium (31lbs to 69lbs),Taste of the Wild
Culinary Harvest Turkey Herring Kibble,2026-09-30,17:08:58,sim,1-6 Years,Small (up to 30lbs),Other
Culinary Harvest Turkey Herring Kibble,2026-09-30,17:09:08,sim,7+ Years,Small (up to 30lbs),Purina
Culinary Harvest Turkey Herring Kibble,2026-09-30,17:10:06,sim,1-6 Years,Large (70lbs and over),Purina
Culinary Harvest Turkey Herring Kibble,2026-09-30,17:10:12,sim,1-6 Years,Medium (31lbs to 69lbs),Other
Culinary Harvest Turkey Herring Kibble,2026-09-30,17:13:15,sim,1-6 Years,Small (up to 30lbs),Other
Culinary Harvest Turkey Herring Kibble,2026-09-30,17:13:49,sim,7+ Years,Large (70lbs and over),Other
Culinary Harvest Turkey Herring Kibble,2026-09-30,17:15:07,sim,7+ Years,Medium (31lbs to 69lbs),Purina
Culinary Harvest Turkey Herring Kibble,2026-09-30,17:15:52,sim,1-6 Years,Medium (31lbs to 69lbs),Purina
Culinary Harvest Turkey Herring Kibble,2026-09-30,17:16:00,sim,1-6 Years,Small (up to 30lbs),Blue Buffalo
Culinary Harvest Turkey Herring Kibble,2026-09-30,17:17:57,sim,7+ Years,Small (up to 30lbs),Nulo
Culinary Harvest Turkey Herring Kibble,2026-09-30,17:21:12,sim,7+ Years,Large (70lbs and over),Blue Buffalo
Culinary Harvest Turkey Herring Kibble,2026-09-30,17:23:35,sim,1-6 Years,Medium (31lbs to 69lbs),Purina
Culinary Harvest Turkey Herring Kibble,2026-09-30,17:24:54,sim,7+ Years,Large (70lbs and over),Other
Culinary Harvest Turkey Herring Kibble,2026-09-30,17:24:59,sim,1-6 Years,Medium (31lbs to 69lbs),Blue Buffalo
Culinary Harvest Turkey Herring Kibble,2026-09-30,17:25:34,sim,7+ Years,Large (70lbs and over),Other
Culinary Harvest Turkey Herring Kibble,2026-09-30,17:32:14,sim,1-6 Years,Small (up to 30lbs),Other
Culinary Harvest Turkey Herring Kibble,2026-09-30,17:36:44,sim,1-6 Years,Medium (31lbs to 69lbs),Purina
Culinary Harvest Turkey Herring Kibble,2026-09-30,17:37:59,sim,1-6 Years,Medium (31lbs to 69lbs),Purina
Culinary Harvest Turkey Herring Kibble,2026-09-30,17:44:36,sim,1-6 Years,Large (70lbs and over),Other
Culinary Harvest Turkey Herring Kibble,2026-09-30,17:45:57,sim,1-6 Years,Large (70lbs and over),Purina
Culinary Harvest Turkey Herring Kibble,2026-09-30,17:48:31,sim,1-6 Years,Large (70lbs and over),Purina
Culinary Harvest Turkey Herring Kibble,2026-09-30,17:48:53,sim,7+ Years,Small (up to 30lbs),Other
Culinary Harvest Turkey Herring Kibble,2026-09-30,17:50:55,sim,1-6 Years,Large (70lbs and over),Purina
Culinary Harvest Turkey Herring Kibble,2026-09-30,17:51:49,sim,1-6 Years,Large (70lbs and over),Blue Buffalo
Culinary Harvest Turkey Herring Kibble,2026-09-30,18:06:25,sim,7+ Years,Small (up to 30lbs),Purina
Culinary Harvest Turkey Herring Kibble,2026-09-30,18:18:28,sim,1-6 Years,Small (up to 30lbs),Other
Culinary Harvest Turkey Herring Kibble,2026-09-30,18:21:09,sim,1-6 Years,Medium (31lbs to 69lbs),Purina
Culinary Harvest Turkey Herring Kibble,2026-09-30,18:21:27,sim,7+ Years,Large (70lbs and over),Purina
Culinary Harvest Turkey Herring Kibble,2026-09-30,18:27:07,sim,7+ Years,Large (70lbs and over),Other
Culinary Harvest Turkey Herring Kibble,2026-09-30,18:33:53,sim,1-6 Years,Small (up to 30lbs),Taste of the Wild
Culinary Harvest Turkey Herring Kibble,2026-09-30,18:34:24,sim,1-6 Years,Large (70lbs and over),Purina
Culinary Harvest Turkey Herring Kibble,2026-09-30,18:37:01,sim,7+ Years,Medium (31lbs to 69lbs),Blue Buffalo
Culinary Harvest Turkey Herring Kibble,2026-09-30,18:40:13,sim,1-6 Years,Small (up to 30lbs),Other
Culinary Harvest Turkey Herring Kibble,2026-09-30,18:44:13,sim,7+ Years,Small (up to 30lbs),Open Farm
Culinary Harvest Turkey Herring Kibble,2026-09-30,18:51:02,sim,1-6 Years,Large (70lbs and over),Nutri Source
Culinary Harvest Turkey Herring Kibble,2026-09-30,18:57:09,sim,7+ Years,Small (up to 30lbs),Stella & Chewy's
Culinary Harvest Turkey Herring Kibble,2026-09-30,18:57:15,sim,1-6 Years,Small (up to 30lbs),Other
Culinary Harvest Turkey Herring Kibble,2026-09-30,19:08:23,sim,7+ Years,Medium (31lbs to 69lbs),Other
Culinary Harvest Turkey Herring Kibble,2026-09-30,19:12:51,sim,1-6 Years,Large (70lbs and over),Other
Culinary Harvest Turkey Herring Kibble,2026-09-30,19:13:20,sim,1-6 Years,Small (up to 30lbs),Hill's Science Diet
Culinary Harvest Turkey Herring Kibble,2026-09-30,19:14:21,sim,7+ Years,Small (up to 30lbs),Other
Culinary Harvest Turkey Herring Kibble,2026-09-30,19:16:04,sim,1-6 Years,Medium (31lbs to 69lbs),Hill's Science Diet
Culinary Harvest Turkey Herring Kibble,2026-09-30,19:16:51,sim,1-6 Years,Large (70lbs and over),Other
Culinary Harvest Turkey Herring Kibble,2026-09-30,19:20:34,sim,7+ Years,Small (up to 30lbs),Other
Culinary Harvest Turkey Herring Kibble,2026-09-30,19:23:23,sim,1-6 Years,Medium (31lbs to 69lbs),Wellness Pet Food
Culinary Harvest Turkey Herring Kibble,2026-09-30,19:24:20,sim,7+ Years,Small (up to 30lbs),Hill's Science Diet
Culinary Harvest Turkey Herring Kibble,2026-09-30,19:24:38,sim,7+ Years,Medium (31lbs to 69lbs),Purina
Culinary Harvest Turkey Herring Kibble,2026-09-30,19:27:12,sim,1-6 Years,Small (up to 30lbs),Purina
Culinary Harvest Turkey Herring Kibble,2026-09-30,19:28:36,sim,1-6 Years,Large (70lbs and over),Purina
Culinary Harvest Turkey Herring Kibble,2026-09-30,19:28:56,sim,7+ Years,Medium (31lbs to 69lbs),Purina
Culinary Harvest Turkey Herring Kibble,2026-09-30,19:31:21,sim,7+ Years,Large (70lbs and over),Other
Culinary Harvest Turkey Herring Kibble,2026-09-30,19:33:00,sim,7+ Years,Small (up to 30lbs),Purina
Culinary Harvest Turkey Herring Kibble,2026-09-30,19:35:20,sim,1-6 Years,Small (up to 30lbs),Other
Culinary Harvest Turkey Herring Kibble,2026-09-30,19:37:33,sim,7+ Years,Small (up to 30lbs),Other
Culinary Harvest Turkey Herring Kibble,2026-09-30,19:37:52,sim,7+ Years,Small (up to 30lbs),Hill's Science Diet
Culinary Harvest Turkey Herring Kibble,2026-09-30,19:38:55,sim,1-6 Years,Small (up to 30lbs),Other
Culinary Harvest Turkey Herring Kibble,2026-09-30,19:53:29,sim,7+ Years,Small (up to 30lbs),Other
Culinary Harvest Turkey Herring Kibble,2026-09-30,19:53:31,sim,1-6 Years,Small (up to 30lbs),Blue Buffalo
Culinary Harvest Turkey Herring Kibble,2026-09-30,19:54:57,sim,7+ Years,Medium (31lbs to 69lbs),Other
Culinary Harvest Turkey Herring Kibble,2026-09-30,20:05:57,sim,1-6 Years,Medium (31lbs to 69lbs),Other
Culinary Harvest Turkey Herring Kibble,2026-09-30,20:06:47,sim,1-6 Years,Medium (31lbs to 69lbs),Purina
Culinary Harvest Turkey Herring Kibble,2026-09-30,20:08:51,sim,1-6 Years,Medium (31lbs to 69lbs),Purina
Culinary Harvest Turkey Herring Kibble,2026-09-30,20:13:51,sim,1-6 Years,Small (up to 30lbs),Other
Culinary Harvest Turkey Herring Kibble,2026-09-30,20:14:45,sim,7+ Years,Small (up to 30lbs),Other
Culinary Harvest Turkey Herring Kibble,2026-09-30,20:17:10,sim,1-6 Years,Small (up to 30lbs),Nulo
Culinary Harvest Turkey Herring Kibble,2026-09-30,20:21:43,sim,7+ Years,Medium (31lbs to 69lbs),Purina
Culinary Harvest Turkey Herring Kibble,2026-09-30,20:23:08,sim,1-6 Years,Small (up to 30lbs),Other
Culinary Harvest Turkey Herring Kibble,2026-09-30,20:23:20,sim,7+ Years,Medium (31lbs to 69lbs),Purina
Culinary Harvest Turkey Herring Kibble,2026-09-30,20:24:23,sim,1-6 Years,Large (70lbs and over),Other
Culinary Harvest Turkey Herring Kibble,2026-09-30,20:26:03,sim,1-6 Years,Medium (31lbs to 69lbs),Purina
Culinary Harvest Turkey Herring Kibble,2026-09-30,20:33:53,sim,7+ Years,Small (up to 30lbs),Blue Buffalo
Culinary Harvest Turkey Herring Kibble,2026-09-30,20:35:56,sim,1-6 Years,Medium (31lbs to 69lbs),Hill's Science Diet
Culinary Harvest Turkey Herring Kibble,2026-09-30,20:36:30,sim,7+ Years,Small (up to 30lbs),Nulo
Culinary Harvest Turkey Herring Kibble,2026-09-30,20:39:50,sim,7+ Years,Large (70lbs and over),Purina
Culinary Harvest Turkey Herring Kibble,2026-09-30,20:41:43,sim,7+ Years,Small (up to 30lbs),Other
Culinary Harvest Turkey Herring Kibble,2026-09-30,20:41:49,sim,7+ Years,Small (up to 30lbs),Other
Culinary Harvest Turkey Herring Kibble,2026-09-30,20:42:16,sim,1-6 Years,Large (70lbs and over),Other
Culinary Harvest Turkey Herring Kibble,2026-09-30,20:43:28,sim,1-6 Years,Medium (31lbs to 69lbs),Blue Buffalo
Culinary Harvest Turkey Herring Kibble,2026-09-30,20:45:46,sim,1-6 Years,Large (70lbs and over),Other
Culinary Harvest Turkey Herring Kibble,2026-09-30,20:50:37,sim,1-6 Years,Large (70lbs and over),Other
Culinary Harvest Turkey Herring Kibble,2026-09-30,20:51:12,sim,1-6 Years,Small (up to 30lbs),Taste of the Wild
Culinary Harvest Turkey Herring Kibble,2026-09-30,20:51:29,sim,1-6 Years,Medium (31lbs to 69lbs),Other
Culinary Harvest Turkey Herring Kibble,2026-09-30,20:57:14,sim,7+ Years,Medium (31lbs to 69lbs),Purina
Culinary Harvest Turkey Herring Kibble,2026-09-30,20:59:08,sim,1-6 Years,Small (up to 30lbs),Purina
Culinary Harvest Turkey Herring Kibble,2026-09-30,21:00:44,sim,1-6 Years,Medium (31lbs to 69lbs),Purina
Culinary Harvest Turkey Herring Kibble,2026-09-30,21:00:54,sim,1-6 Years,Small (up to 30lbs),Purina
Culinary Harvest Turkey Herring Kibble,2026-09-30,21:03:45,sim,1-6 Years,Small (up to 30lbs),Hill's Science Diet
Culinary Harvest Turkey Herring Kibble,2026-09-30,21:05:13,sim,7+ Years,Medium (31lbs to 69lbs),Hill's Science Diet
Culinary Harvest Turkey Herring Kibble,2026-09-30,21:07:53,sim,1-6 Years,Medium (31lbs to 69lbs),Purina
Culinary Harvest Turkey Herring Kibble,2026-09-30,21:11:19,sim,7+ Years,Medium (31lbs to 69lbs),Other
Culinary Harvest Turkey Herring Kibble,2026-09-30,21:14:11,sim,7+ Years,Small (up to 30lbs),Other
Culinary Harvest Turkey Herring Kibble,2026-09-30,21:16:48,sim,1-6 Years,Small (up to 30lbs),Purina
Culinary Harvest Turkey Herring Kibble,2026-09-30,21:16:49,sim,1-6 Years,Medium (31lbs to 69lbs),Purina
Culinary Harvest Turkey Herring Kibble,2026-09-30,21:18:39,sim,7+ Years,Small (up to 30lbs),Other
Culinary Harvest Turkey Herring Kibble,2026-09-30,21:19:22,sim,7+ Years,Small (up to 30lbs),Hill's Science Diet
Culinary Harvest Turkey Herring Kibble,2026-09-30,21:19:54,sim,1-6 Years,Small (up to 30lbs),Purina
Culinary Harvest Turkey Herring Kibble,2026-09-30,21:21:30,sim,1-6 Years,Large (70lbs and over),Hill's Science Diet
Culinary Harvest Turkey Herring Kibble,2026-09-30,21:29:36,sim,1-6 Years,Medium (31lbs to 69lbs),Hill's Science Diet
Culinary Harvest Turkey Herring Kibble,2026-09-30,21:31:49,sim,1-6 Years,Small (up to 30lbs),Blue Buffalo
Culinary Harvest Turkey Herring Kibble,2026-09-30,21:33:13,sim,7+ Years,Small (up to 30lbs),Hill's Science Diet
Culinary Harvest Turkey Herring Kibble,2026-09-30,21:34:04,sim,Under One Year,Medium (31lbs to 69lbs),Other
Culinary Harvest Turkey Herring Kibble,2026-09-30,21:34:44,sim,7+ Years,Medium (31lbs to 69lbs),Purina
Culinary Harvest Turkey Herring Kibble,2026-09-30,21:41:42,sim,7+ Years,Small (up to 30lbs),Other
Culinary Harvest Turkey Herring Kibble,2026-09-30,21:42:00,sim,1-6 Years,Small (up to 30lbs),Other
Culinary Harvest Turkey Herring Kibble,2026-09-30,21:45:39,sim,1-6 Years,Medium (31lbs to 69lbs),Hill's Science Diet
Culinary Harvest Turkey Herring Kibble,2026-09-30,21:46:12,sim,1-6 Years,Large (70lbs and over),Taste of the Wild
Culinary Harvest Turkey Herring Kibble,2026-09-30,21:48:59,sim,1-6 Years,Large (70lbs and over),Purina
Culinary Harvest Turkey Herring Kibble,2026-09-30,21:50:06,sim,1-6 Years,Medium (31lbs to 69lbs),Other
Culinary Harvest Turkey Herring Kibble,2026-09-30,21:52:14,sim,1-6 Years,Large (70lbs and over),Taste of the Wild
Culinary Harvest Turkey Herring Kibble,2026-09-30,22:00:01,sim,1-6 Years,Medium (31lbs to 69lbs),Other
Culinary Harvest Turkey Herring Kibble,2026-09-30,22:11:36,sim,1-6 Years,Small (up to 30lbs),Other
Culinary Harvest Turkey Herring Kibble,2026-09-30,22:13:21,sim,1-6 Years,Small (up to 30lbs),Blue Buffalo
Culinary Harvest Turkey Herring Kibble,2026-09-30,22:15:37,sim,7+ Years,Large (70lbs and over),Other
Culinary Harvest Turkey Herring Kibble,2026-09-30,22:16:11,sim,1-6 Years,Medium (31lbs to 69lbs),Taste of the Wild
Culinary Harvest Turkey Herring Kibble,2026-09-30,22:18:50,sim,1-6 Years,Small (up to 30lbs),Purina
Culinary Harvest Turkey Herring Kibble,2026-09-30,22:24:06,sim,1-6 Years,Small (up to 30lbs),Purina
Culinary Harvest Turkey Herring Kibble,2026-09-30,22:26:43,sim,7+ Years,Medium (31lbs to 69lbs),Purina
Culinary Harvest Turkey Herring Kibble,2026-09-30,22:30:58,sim,1-6 Years,Medium (31lbs to 69lbs),Purina
Culinary Harvest Turkey Herring Kibble,2026-09-30,22:31:35,sim,1-6 Years,Small (up to 30lbs),Purina
Culinary Harvest Turkey Herring Kibble,2026-09-30,22:34:42,sim,7+ Years,Small (up to 30lbs),Purina
Culinary Harvest Turkey Herring Kibble,2026-09-30,22:35:57,sim,1-6 Years,Medium (31lbs to 69lbs),Purina
Culinary Harvest Turkey Herring Kibble,2026-09-30,22:39:33,sim,7+ Years,Small (up to 30lbs),Other
Culinary Harvest Turkey Herring Kibble,2026-09-30,22:41:12,sim,1-6 Years,Medium (31lbs to 69lbs),Nutri Source
Culinary Harvest Turkey Herring Kibble,2026-09-30,22:41:24,sim,1-6 Years,Small (up to 30lbs),Wellness Pet Food
Culinary Harvest Turkey Herring Kibble,2026-09-30,22:42:08,sim,1-6 Years,Large (70lbs and over),Purina
Culinary Harvest Turkey Herring Kibble,2026-09-30,22:42:21,sim,1-6 Years,Small (up to 30lbs),Other
Culinary Harvest Turkey Herring Kibble,2026-09-30,22:42:44,sim,1-6 Years,Large (70lbs and over),Purina
Culinary Harvest Turkey Herring Kibble,2026-09-30,22:46:51,sim,1-6 Years,Medium (31lbs to 69lbs),Purina
Culinary Harvest Turkey Herring Kibble,2026-09-30,22:47:54,sim,1-6 Years,Large (70lbs and over),Purina
Culinary Harvest Turkey Herring Kibble,2026-09-30,22:53:35,sim,1-6 Years,Small (up to 30lbs),Other
Culinary Harvest Turkey Herring Kibble,2026-09-30,22:53:45,sim,7+ Years,Medium (31lbs to 69lbs),Blue Buffalo
Culinary Harvest Turkey Herring Kibble,2026-09-30,23:00:44,sim,1-6 Years,Large (70lbs and over),Other
Culinary Harvest Turkey Herring Kibble,2026-09-30,23:01:38,sim,7+ Years,Large (70lbs and over),Other
Culinary Harvest Turkey Herring Kibble,2026-09-30,23:01:39,sim,7+ Years,Medium (31lbs to 69lbs),Other
Culinary Harvest Turkey Herring Kibble,2026-09-30,23:03:32,sim,1-6 Years,Medium (31lbs to 69lbs),Purina
Culinary Harvest Turkey Herring Kibble,2026-09-30,23:03:55,sim,1-6 Years,Large (70lbs and over),Purina
Culinary Harvest Turkey Herring Kibble,2026-09-30,23:13:46,sim,1-6 Years,Medium (31lbs to 69lbs),Purina
Culinary Harvest Turkey Herring Kibble,2026-09-30,23:16:03,sim,1-6 Years,Medium (31lbs to 69lbs),Purina
Culinary Harvest Turkey Herring Kibble,2026-09-30,23:17:10,sim,1-6 Years,Small (up to 30lbs),Other
Culinary Harvest Turkey Herring Kibble,2026-09-30,23:21:02,sim,1-6 Years,Small (up to 30lbs),Purina
Culinary Harvest Turkey Herring Kibble,2026-09-30,23:22:40,sim,1-6 Years,Medium (31lbs to 69lbs),Other
Culinary Harvest Turkey Herring Kibble,2026-09-30,23:23:55,sim,1-6 Years,Medium (31lbs to 69lbs),Hill's Science Diet
Culinary Harvest Turkey Herring Kibble,2026-09-30,23:34:06,sim,7+ Years,Medium (31lbs to 69lbs),Blue Buffalo
Culinary Harvest Turkey Herring Kibble,2026-09-30,23:35:20,sim,7+ Years,Large (70lbs and over),Other
Culinary Harvest Turkey Herring Kibble,2026-09-30,23:36:50,sim,7+ Years,Large (70lbs and over),Other
Culinary Harvest Turkey Herring Kibble,2026-09-30,23:40:27,sim,1-6 Years,Large (70lbs and over),Other
Culinary Harvest Turkey Herring Kibble,2026-09-30,23:41:05,sim,1-6 Years,Large (70lbs and over),Purina
Culinary Harvest Turkey Herring Kibble,2026-09-30,23:45:02,sim,1-6 Years,Medium (31lbs to 69lbs),Other
Culinary Harvest Turkey Herring Kibble,2026-09-30,23:46:32,sim,1-6 Years,Small (up to 30lbs),Purina
